:020000040800F2
:100000000000022025A400088D9F0008959F00088D
:100010009D9F0008A59F0008AD9F000800000000FC
:1000200000000000000000000000000071880008CF
:10003000B59F000800000000C18A0008298B000855
:1000400075A4000875A4000875A4000875A400082C
:10005000C39F000875A4000875A4000875A40008D3
:1000600075A4000875A4000875A4000875A400080C
:10007000D19F000875A4000875A4000875A40008A5
:1000800075A4000875A4000875A4000875A40008EC
:10009000E59F0008F99F000875A4000875A40008F2
:1000A00075A4000875A4000875A4000875A40008CC
:1000B00075A4000875A4000875A4000875A40008BC
:1000C00075A400080DA0000821A0000835A00008B4
:1000D00075A4000849A0000875A400085DA00008E8
:1000E00075A4000875A4000875A4000875A400088C
:1000F00075A4000871A0000875A4000875A4000884
:1001000075A4000875A4000875A4000875A400086B
:1001100075A4000875A4000875A4000875A400085B
:1001200085A0000899A00008ADA00008C1A00008A3
:1001300075A4000875A4000875A4000875A400083B
:10014000D5A00008E9A0000875A4000875A400085F
:1001500075A40008FDA0000811A1000825A1000851
:1001600075A4000875A4000875A4000875A400080B
:1001700075A4000875A4000875A40008000000001C
:0801800075A4000875A4000835
:1001900010B5054C237833B9044B13B10448AFF3C1
:1001A00000800123237010BD7001002000000000BA
:1001B000E03F010808B5034B1BB103490348AFF307
:1001C000008008BD0000000074010020E03F01082D
:1001D00053B94AB9002908BF00281CBF4FF0FF31AE
:1001E0004FF0FF3000F088B9ADF1080C6DE904CE96
:1001F00000F006F8DDF804E0DDE9022304B0704702
:100200002DE9F047089D8E4604468846002B4AD1CA
:100210008A42174662D9B2FA82F64EB1C6F120037D
:1002200001FA06F820FA03F3B74043EA0808B4409D
:100230004FEA174E1FFA87FCB8FBFEF1230C0EFBAA
:10024000118843EA084301FB0CF29A4209D9FB18D2
:1002500001F1FF3080F0EA809A4240F2E7800239F3
:100260003B449A1AA3B2B2FBFEF00EFB102243EA03
:10027000024300FB0CFC9C4509D9FB1800F1FF323E
:1002800080F0D6809C4540F2D3803B44023840EA5F
:100290000140A3EB0C0300211DB1F3400022C5E98E
:1002A0000032BDE8F0878B4205D90DB1C5E90001E8
:1002B00000210846F5E7B3FA83F1002946D17345DA
:1002C00002D3824200F20581841A6EEB0302012000
:1002D0009046002DE5D0C5E90048E2E7002A00F08D
:1002E0009080B2FA82F6002E40F0A4808A1A030CA5
:1002F0004FEA174E80B2BCB20121B2FBFEFC0EFBEE
:100300001C2243EA024304FB0CF29A4207D9FB1871
:100310000CF1FF3802D29A4200F2E080C4469B1AE8
:10032000B3FBFEF20EFB123340EA034302FB04F47C
:100330009C4207D9FB1802F1FF3002D29C4200F226
:10034000CA8002461B1B42EA0C40A5E7C1F1200609
:100350008B4022FA06F71F430EFA01F420FA06F347
:100360002EFA06FE4FEA1749234300FA01F81FFA56
:1003700087FCBEFBF9F01C0C09FB10EE44EA0E44AE
:1003800000FB0CFEA64502FA01F209D93C1900F166
:10039000FF3A80F09C80A64540F2998002383C44A8
:1003A000A4EB0E041FFA83FEB4FBF9F309FB13441C
:1003B0004EEA044403FB0CFCA44508D93C1903F1A4
:1003C000FF3E80F08280A4457FD9023B3C4443EA53
:1003D0000040A4EB0C04A0FB02EC64457346E1462C
:1003E00062D35FD05DB1B8EB030264EB090404FA99
:1003F00006F622FA01F31E43CC40C5E90064002151
:100400004FE7B1FBF2FC010C41EA0E4180B240EA39
:1004100001423B4638463C46B846BE462026B1FB24
:10042000F7F1A2EB080241EA0C4166E7014618E742
:1004300010462CE7C6F120022EFA02F3B740B14075
:1004400020FA02F24FEA174E0A43B3FBFEF8BCB2A1
:100450000EFB1833110C41EA034108FB04F9B040CC
:1004600089454FEA104380B23ED9791808F1FF3C24
:1004700001D289451FD8A1EB0901B1FBFEF909FBA7
:1004800004F80EFB191192B242EA0142424529D208
:10049000BA1809F1FF31C4D24245C2D2A9F1020112
:1004A0003A44BEE7F0459DD2BEEB02036CEB070C6D
:1004B0000138E14696E7A7EB09094944A8F1020C87
:1004C000B1FBFEF909FB04F8DBE773467FE7504612
:1004D00066E70846FDE63B44023A33E7ACF1020C1E
:1004E0003B441CE749469CE7A1EB0901C446B1FB2C
:1004F000FEF909FB04F8C4E7704700BF10F8012BB0
:1005000011F8013B012A28BF9A42F7D0D01A704750
:1005100001F0FF01102A2BDB10F0070F08D010F8B4
:10052000013B013A8B422DD010F0070F42B3F6D1B8
:10053000F0B441EA012141EA014122F007047FF0D1
:1005400000070023F0E80256083C85EA010586EA28
:10055000010685FA47F5A3FA87F586FA47F6A5FA64
:1005600087F68EB9EED1F0BC01F0FF0102F0070270
:1005700032B110F8013B013A83EA010313B1F8D11B
:100580000020704701387047002D06BF35460338FC
:10059000073815F0010F07D1013015F4807F02BF35
:1005A000013015F4C03F0130F0BC0138704700BF86
:1005B000002310B50446C0E90033C0E9043383606A
:1005C00081814366C2818361194608225C3000F054
:1005D000F4F80D4B63620D4BA3620D4BE3620D4BC0
:1005E00023630D4B24629C4206D003F168029442BF
:1005F00002D0D0339C4205D104F15800BDE8104030
:1006000000F04EB910BD00BF3507000857070008BD
:100610008F070008B30700088C010020024A034935
:10062000034800F069B800BF00000020A10B0008DB
:100630001000002041680C4B994210B5044601D0CF
:1006400000F0AEFAA168094B994202D0204600F0B2
:10065000A7FAE168064B994204D02046BDE8104055
:1006600000F09EBA10BD00BF8C010020F4010020F4
:100670005C02002010B50B4B0B4C0C4A1A60204654
:1006800000220421FFF794FF04F1680001220921F0
:10069000FFF78EFF04F1D0000222BDE810401221C6
:1006A000FFF786BFC40200208C0100201D06000851
:1006B000014800F0F6B800BFCD020020014800F06C
:1006C000F1B800BFCD02002010B50446FFF7F0FFDF
:1006D000236A1BB1BDE81040FFF7F0BF044B236253
:1006E000044B1B68002BF5D1FFF7C4FFF2E700BFF6
:1006F00035060008C40200202DE9F8430746884665
:1007000014460026D4E90195B9F1010905D52468FC
:10071000002CF7D13046BDE8F883AB89012B07D90F
:10072000B5F90E30013303D029463846C047064399
:100730006835E9E710B50C46B1F90E1000F068F81D
:100740000028ABBF636DA3891B1823F48053ACBF93
:100750006365A38110BD2DE9F0411F468B89DB0540
:1007600005460C46164605D5B1F90E1002230022A7
:1007700000F03CF8A389B4F90E1023F48053A38150
:1007800032463B462846BDE8F04100F053B810B56C
:100790000C46B1F90E1000F029F8431CA38915BFCF
:1007A000606523F4805343F48053A38118BFA38171
:1007B00010BDB1F90E1000F009B80244034693428F
:1007C00000D1704703F8011BF9E7000038B5064D6A
:1007D0000023044608462B6009F0F0FD431C02D1BB
:1007E0002B6803B1236038BDC802002038B5074D1F
:1007F00004460846114600222A601A4609F005FE02
:10080000431C02D12B6803B1236038BDC80200200D
:1008100038B5074D04460846114600222A601A469C
:1008200009F093FD431C02D12B6803B1236038BD4E
:10083000C802002038B5074D04460846114600227C
:100840002A601A4609F09EFD431C02D12B6803B1B1
:10085000236038BDC802002070B50D4D0D4C641BDF
:10086000A4100026A64209D10B4D0C4C13F0B8FB86
:10087000641BA4100026A64205D170BD55F8043BA8
:1008800098470136EEE755F8043B98470136F2E702
:10089000FC510108FC510108FC51010800520108FB
:1008A000704770477047000038B50546002941D0B1
:1008B00051F8043C0C1F002BB8BFE41800F0E0F81E
:1008C0001D4A136833B9636014602846BDE8384098
:1008D00000F0DCB8A34208D9206821188B4201BF80
:1008E00019685B6809182160EDE71A465B680BB16F
:1008F000A342FAD911685018A0420BD120680144D4
:10090000501883421160E0D118685B685360084456
:100910001060DAE702D90C232B60D6E72068211893
:100920008B4204BF19685B68636004BF09182160CB
:100930005460CAE738BD00BFD402002070B50F4E26
:100940000C463168054611B900F052F93060214675
:10095000284600F04DF9431C03D14FF0FF342046E8
:1009600070BDC41C24F00304A042F8D0211A28460C
:1009700000F03EF90130F2D1EFE700BFD0020020D5
:100980002DE9F843CD1C25F0030508350C2D38BFA3
:100990000C25002D064601DBA94204D90C23336047
:1009A0000020BDE8F883DFF8D48000F069F8D8F8BB
:1009B00000301C4644BB29463046FFF7BFFF431CAE
:1009C000044658D1D8F800402746002F43D1002CC8
:1009D0004BD023683946304604EB030900F008F990
:1009E000814542D121686D1A29463046FFF7A6FF9E
:1009F00001303AD023682B442360D8F800305A687D
:100A000062BBC8F800700FE02268521B20D40B2A8A
:100A100017D96119A342256018BF5960636808BFE0
:100A2000C8F8001062514B60304600F02FF804F116
:100A30000B00231D20F00700C21A1CBF1B1AA35075
:100A4000AFE76268A3420CBFC8F800205A60EBE72A
:100A500023466468AEE73C467F68B6E71A465B68A3
:100A6000A342FBD100235360DEE70C233360304602
:100A700000F00CF894E70560D6E700BFD402002030
:100A80000148FFF70EBF00BFCC0200200148FFF76E
:100A900009BF00BFCC020020B1F90C202DE9F041C4
:100AA000160705460C4654D44B68002B02DC0B6C31
:100AB000002B48DDE66A002E45D0002312F4805258
:100AC0002F68216A2B6030D0626DA389590705D544
:100AD0006368D21A636B0BB1236CD21A0023E66AE7
:100AE000216A2846B047431CA38906D129681D29DD
:100AF0002BD82A4ACA40D60727D500226260D904DB
:100B00002269226004D5421C01D12B6803B96065BB
:100B1000616B2F60B9B104F14403994202D02846B9
:100B2000FFF7C2FE002363630DE001232846B047B0
:100B30000246501CC9D12B68002BC6D01D2B01D0FA
:100B4000162B1ED12F60002022E043F040031BB281
:100B50001BE00F69002FF6D093070E6808BF4B69A2
:100B60000F6018BF0023A6EB07088B60B8F1000FD9
:100B7000E9DD216AA66A43463A462846B04700287E
:100B800008DCB4F90C3043F04003A3814FF0FF3090
:100B9000BDE8F0810744A8EB0008E7E7010040202A
:100BA00038B50B6905460C4613B90025284638BDF3
:100BB00018B1036A0BB9FFF787FDB4F90C30002BAD
:100BC000F3D0626ED00704D4990502D4A06DFFF76C
:100BD00068FE28462146FFF75FFF636EDA07054689
:100BE000E4D4A3899B05E1D4A06DFFF75BFEDDE7AC
:100BF00038B5064D0023044608462B6009F04CFB2F
:100C0000431C02D12B6803B1236038BDC802002009
:100C100080B400AF064BD3F88830054A43F4700324
:100C2000C2F8883000BFBD465DF8047B704700BF46
:100C300000ED00E080B582B000AF78607B68002BEB
:100C400001D1012341E07B6893F83D30DBB2002BFA
:100C500006D17B68002283F83C20786800F039F8E0
:100C60007B68022283F83D207B681A687B68043326
:100C70001946104600F09AFB7B68012283F8462053
:100C80007B68012283F83E207B68012283F83F20A5
:100C90007B68012283F840207B68012283F8412091
:100CA0007B68012283F842207B68012283F843207D
:100CB0007B68012283F844207B68012283F8452069
:100CC0007B68012283F83D20002318460837BD4683
:100CD00080BD80B483B000AF786000BF0C37BD46E4
:100CE0005DF8047B7047000080B485B000AF786089
:100CF0007B6893F83D30DBB2012B01D001234EE03D
:100D00007B68022283F83D207B681B68DA687B6879
:100D10001B6842F00102DA607B681B68234A934239
:100D200022D07B681B68B3F1804F1DD07B681B68A5
:100D30001F4A934218D07B681B681E4A934213D007
:100D40007B681B681C4A93420ED07B681B681B4A59
:100D5000934209D07B681B68194A934204D07B6890
:100D60001B68184A934211D17B681B689B6803F08B
:100D70000703FB60FB68062B10D07B681B681A68B2
:100D80007B681B6842F001021A6007E07B681B6801
:100D90001A687B681B6842F001021A60002318463B
:100DA0001437BD465DF8047B704700BF000001406A
:100DB0000004004000080040000C00400004014016
:100DC000004001400018004080B582B000AF78605C
:100DD0007B68002B01D1012341E07B6893F83D3013
:100DE000DBB2002B06D17B68002283F83C207868B8
:100DF00008F0A0FD7B68022283F83D207B681A681A
:100E00007B6804331946104600F0D0FA7B68012253
:100E100083F846207B68012283F83E207B6801220C
:100E200083F83F207B68012283F840207B68012201
:100E300083F841207B68012283F842207B680122ED
:100E400083F843207B68012283F844207B680122D9
:100E500083F845207B68012283F83D200023184653
:100E60000837BD4680BD000080B584B000AF786013
:100E700039603B68002B09D17B6893F83E30DBB2C8
:100E8000012B14BF01230023DBB222E03B68042BBB
:100E900009D17B6893F83F30DBB2012B14BF0123EB
:100EA0000023DBB215E03B68082B09D17B6893F87F
:100EB0004030DBB2012B14BF01230023DBB208E07A
:100EC0007B6893F84130DBB2012B14BF0123002370
:100ED000DBB2002B01D001237CE03B68002B04D166
:100EE0007B68022283F83E2013E03B68042B04D188
:100EF0007B68022283F83F200BE03B68082B04D17B
:100F00007B68022283F8402003E07B68022283F89A
:100F100041207B681B6801223968184600F09CFC60
:100F20007B681B682D4A934204D07B681B682C4A5F
:100F3000934201D1012300E00023002B07D07B68FE
:100F40001B685A6C7B681B6842F400425A647B68D9
:100F50001B68224A934222D07B681B68B3F1804F02
:100F60001DD07B681B681F4A934218D07B681B68A2
:100F70001D4A934213D07B681B681C4A93420ED0D3
:100F80007B681B68164A934209D07B681B68184A25
:100F9000934204D07B681B68164A934211D17B6848
:100FA0001B689B6803F00703FB60FB68062B10D0EF
:100FB0007B681B681A687B681B6842F001021A6034
:100FC00007E07B681B681A687B681B6842F00102B7
:100FD0001A60002318461037BD4680BD000001404E
:100FE000000401400004004000080040000C0040E4
:100FF000004001400018004080B584B000AF786028
:101000007B681B68DB68FB607B681B681B69BB60D7
:10101000BB6803F00203002B20D0FB6803F002033F
:10102000002B1BD07B681B686FF002021A617B6883
:1010300001221A777B681B689B6903F00303002B6E
:1010400003D0786800F094F905E0786800F086F93C
:10105000786800F097F97B6800221A77BB6803F084
:101060000403002B20D0FB6803F00403002B1BD0EB
:101070007B681B686FF004021A617B6802221A7792
:101080007B681B689B6903F44073002B03D078686E
:1010900000F06EF905E0786800F060F9786800F01B
:1010A00071F97B6800221A77BB6803F00803002BF4
:1010B00020D0FB6803F00803002B1BD07B681B6863
:1010C0006FF008021A617B6804221A777B681B683C
:1010D000DB6903F00303002B03D0786800F048F9C4
:1010E00005E0786800F03AF9786800F04BF97B6821
:1010F00000221A77BB6803F01003002B20D0FB6896
:1011000003F01003002B1BD07B681B686FF01002EC
:101110001A617B6808221A777B681B68DB6903F415
:101120004073002B03D0786800F022F905E078685E
:1011300000F014F9786800F025F97B6800221A772E
:10114000BB6803F00103002B0CD0FB6803F0010324
:10115000002B07D07B681B686FF001021A6178686A
:1011600007F0C6FDBB6803F08003002B0CD0FB68C2
:1011700003F08003002B07D07B681B686FF08002B0
:101180001A61786800F066FCBB6803F04003002B2E
:101190000CD0FB6803F04003002B07D07B681B6872
:1011A0006FF040021A61786800F0F6F8BB6803F04F
:1011B0002003002B0CD0FB6803F02003002B07D08A
:1011C0007B681B686FF020021A61786800F038FCB9
:1011D00000BF1037BD4680BD80B586B000AFF86057
:1011E000B9607A600023FB75FB6893F83C30012BF3
:1011F00001D10223AEE0FB68012283F83C207B682A
:101200000C2B00F29F8001A252F823F0411200083B
:101210004513000845130008451300088112000813
:10122000451300084513000845130008C3120008C1
:101230004513000845130008451300080313000870
:10124000FB681B68B968184600F056F9FB681B6814
:101250009A69FB681B6842F008029A61FB681B6888
:101260009A69FB681B6822F004029A61FB681B689C
:101270009969BB681A69FB681B680A439A6164E054
:10128000FB681B68B968184600F0A6F9FB681B6884
:101290009A69FB681B6842F400629A61FB681B68EC
:1012A0009A69FB681B6822F480629A61FB681B687C
:1012B0009969BB681B691A02FB681B680A439A613B
:1012C00043E0FB681B68B968184600F0FBF9FB684F
:1012D0001B68DA69FB681B6842F00802DA61FB6888
:1012E0001B68DA69FB681B6822F00402DA61FB689C
:1012F0001B68D969BB681A69FB681B680A43DA6115
:1013000023E0FB681B68B968184600F04FFAFB68D9
:101310001B68DA69FB681B6842F40062DA61FB68EB
:101320001B68DA69FB681B6822F48062DA61FB687B
:101330001B68D969BB681B691A02FB681B680A43F2
:10134000DA6102E00123FB7500BFFB68002283F82D
:101350003C20FB7D18461837BD4680BD80B483B065
:1013600000AF786000BF0C37BD465DF8047B704766
:1013700080B483B000AF786000BF0C37BD465DF825
:10138000047B704780B483B000AF786000BF0C3737
:10139000BD465DF8047B704780B483B000AF7860D1
:1013A00000BF0C37BD465DF8047B704780B485B044
:1013B00000AF786039607B681B68FB607B68434ADC
:1013C000934213D07B68B3F1804F0FD07B68404AC3
:1013D00093420BD07B683F4A934207D07B683E4ADA
:1013E000934203D07B683D4A934208D1FB6823F0C7
:1013F0007003FB603B685B68FA681343FB607B68C3
:10140000324A93422BD07B68B3F1804F27D07B6860
:101410002F4A934223D07B682E4A93421FD07B6889
:101420002D4A93421BD07B682C4A934217D07B688D
:101430002B4A934213D07B682A4A93420FD07B6891
:10144000294A93420BD07B68284A934207D07B6895
:10145000274A934203D07B68264A934208D1FB680F
:1014600023F44073FB603B68DB68FA681343FB605E
:10147000FB6823F080023B685B691343FB603B68B9
:101480009A687B68DA623B681A687B689A627B6854
:101490000E4A934203D07B68104A934203D13B68C3
:1014A0001A697B681A637B681B6843F004027B68D7
:1014B0001A607B6801225A617B68FA681A6000BF73
:1014C0001437BD465DF8047B704700BF0000014043
:1014D0000004004000080040000C004000040140EF
:1014E0000040014000440140004801400018004015
:1014F000001C00400020004080B487B000AF78603E
:1015000039607B681B6A7B617B681B6A23F0010280
:101510007B681A627B685B683B617B689B69FB60E8
:10152000FB6823F07003FB60FB6823F00303FB60A0
:101530003B681B68FA681343FB607B6923F0020376
:101540007B613B689B687A6913437B617B68204AB7
:10155000934203D07B681F4A93420CD17B6923F0EE
:1015600008037B613B68DB687A6913437B617B69B5
:1015700023F004037B617B68154A934203D07B68A8
:10158000144A934211D13B6923F480733B613B6958
:1015900023F400733B613B685B693A6913433B6129
:1015A0003B689B693A6913433B617B683A695A60BF
:1015B0007B68FA689A613B685A687B685A637B6803
:1015C0007A691A6200BF1C37BD465DF8047B70471C
:1015D000000001400004014080B487B000AF786093
:1015E00039607B681B6A7B617B681B6A23F0100291
:1015F0007B681A627B685B683B617B689B69FB6008
:10160000FB6823F4E043FB60FB6823F44073FB605A
:101610003B681B681B02FA681343FB607B6923F07D
:1016200020037B613B689B681B017A6913437B61E4
:101630007B68224A934203D07B68214A93420DD1B2
:101640007B6923F080037B613B68DB681B017A695F
:1016500013437B617B6923F040037B617B68174AFE
:10166000934203D07B68164A934213D13B6923F41B
:1016700080633B613B6923F400633B613B685B69CA
:101680009B003A6913433B613B689B699B003A6945
:1016900013433B617B683A695A607B68FA689A61D8
:1016A0003B685A687B689A637B687A691A6200BFF4
:1016B0001C37BD465DF8047B704700BF0000014049
:1016C0000004014080B487B000AF786039607B6867
:1016D0001B6A7B617B681B6A23F480727B681A62D9
:1016E0007B685B683B617B68DB69FB60FB6823F0C0
:1016F0007003FB60FB6823F00303FB603B681B681F
:10170000FA681343FB607B6923F400737B613B68D9
:101710009B681B027A6913437B617B68214A934271
:1017200003D07B68204A93420DD17B6923F4006388
:101730007B613B68DB681B027A6913437B617B69D1
:1017400023F480637B617B68164A934203D07B68F5
:10175000154A934213D13B6923F480533B613B69A3
:1017600023F400533B613B685B691B013A691343F7
:101770003B613B689B691B013A6913433B617B6892
:101780003A695A607B68FA68DA613B685A687B6834
:10179000DA637B687A691A6200BF1C37BD465DF860
:1017A000047B7047000001400004014080B487B012
:1017B00000AF786039607B681B6A3B617B681B6A9D
:1017C00023F480527B681A627B685B687B617B686C
:1017D000DB69FB60FB6823F4E043FB60FB6823F4F8
:1017E0004073FB603B681B681B02FA681343FB6095
:1017F0003B6923F400533B613B689B681B033A69D8
:1018000013433B617B68124A934203D07B68114AC1
:10181000934209D17B6923F480437B613B685B6918
:101820009B017A6913437B617B687A695A607B68A4
:10183000FA68DA613B685A687B681A647B683A69BF
:101840001A6200BF1C37BD465DF8047B704700BFBD
:10185000000001400004014080B487B000AFF86090
:10186000B9607A60BB6803F01F03012202FA03F338
:101870007B61FB681A6A7B69DB431A40FB681A626A
:10188000FB681A6ABB6803F01F03796801FA03F367
:101890001A43FB681A6200BF1C37BD465DF8047B23
:1018A0007047000080B485B000AF786039607B6815
:1018B00093F83C30012B01D102235AE07B680122CE
:1018C00083F83C207B68022283F83D207B681B68FC
:1018D0005B68FB607B681B689B68BB60FB6823F0F0
:1018E0007003FB603B681B68FA681343FB607B680E
:1018F0001B68FA685A607B681B68214A934222D0B1
:101900007B681B68B3F1804F1DD07B681B681D4A44
:10191000934218D07B681B681B4A934213D07B68A4
:101920001B681A4A93420ED07B681B68184A934280
:1019300009D07B681B68174A934204D07B681B68F8
:10194000154A93420CD1BB6823F08003BB603B680F
:101950005B68BA681343BB607B681B68BA689A60AF
:101960007B68012283F83D207B68002283F83C20BD
:10197000002318461437BD465DF8047B704700BF4E
:10198000000001400004004000080040000C00403E
:1019900000040140004001400018004080B485B0C0
:1019A00000AF786039600023FB607B6893F83C30BF
:1019B000012B01D102233DE07B68012283F83C200A
:1019C000FB6823F0FF023B68DB681343FB60FB68A6
:1019D00023F440723B689B681343FB60FB6823F46D
:1019E00080623B685B681343FB60FB6823F4006222
:1019F0003B681B681343FB60FB6823F480523B6821
:101A00001B691343FB60FB6823F400523B685B696E
:101A10001343FB60FB6823F480423B68DB6913439C
:101A2000FB607B681B68FA685A647B68002283F855
:101A30003C20002318461437BD465DF8047B7047F0
:101A400080B483B000AF786000BF0C37BD465DF84E
:101A5000047B704780B483B000AF786000BF0C3760
:101A6000BD465DF8047B704780B584B000AF7860F8
:101A70007B68002B01D10123EDE07B6893F82030D7
:101A8000DBB2002B02D1786807F00EFB7B681B6885
:101A90001A687B681B6842F001021A6002F034F990
:101AA000F86012E002F030F90246FB68D31A0A2B04
:101AB0000BD97B685B6A43F400327B685A627B68AF
:101AC000052283F820200123C5E07B681B685B6842
:101AD00003F00103002BE5D07B681B681A687B6864
:101AE0001B6822F002021A6002F00EF9F86012E0A0
:101AF00002F00AF90246FB68D31A0A2B0BD97B685D
:101B00005B6A43F400327B685A627B68052283F883
:101B1000202001239FE07B681B685B6803F00203C1
:101B2000002BE5D17B681B7E012B08D17B681B68ED
:101B30001A687B681B6842F080021A6007E07B68C5
:101B40001B681A687B681B6822F080021A607B6839
:101B50005B7E012B08D17B681B681A687B681B6859
:101B600042F040021A6007E07B681B681A687B68D5
:101B70001B6822F040021A607B689B7E012B08D113
:101B80007B681B681A687B681B6842F020021A6039
:101B900007E07B681B681A687B681B6822F02002DC
:101BA0001A607B68DB7E012B08D17B681B681A6892
:101BB0007B681B6822F010021A6007E07B681B68D4
:101BC0001A687B681B6842F010021A607B681B7FF2
:101BD000012B08D17B681B681A687B681B6842F080
:101BE00008021A6007E07B681B681A687B681B683C
:101BF00022F008021A607B685B7F012B08D17B68AA
:101C00001B681A687B681B6842F004021A6007E0D0
:101C10007B681B681A687B681B6822F004021A60E4
:101C20007B689A687B68DB681A437B681B691A4388
:101C30007B685B6942EA03017B685B685A1E7B68CC
:101C40001B680A43DA617B6800225A627B680122C2
:101C500083F82020002318461037BD4680BD80B48D
:101C600085B000AF786039607B6893F82030FB73F3
:101C7000FB7B012B02D0FB7B022B09D17B681B680D
:101C800059697B681B683A680A435A61002306E079
:101C90007B685B6A43F480227B685A6201231846A2
:101CA0001437BD465DF8047B704780B58AB000AF3D
:101CB000786000237B627B681B685B693B627B68A2
:101CC0001B685B68FB617B681B689B68BB617B680A
:101CD0001B68DB687B617B681B681B693B617B68F9
:101CE0001B689B69FB603B6A03F00103002B7CD0FF
:101CF000BB6903F00103002B23D07B681B68012222
:101D00009A60BB6903F00203002B03D0786800F0EF
:101D100083F916E0BB6903F00403002B04D07B6A4F
:101D200043F400637B620CE0BB6903F00803002B03
:101D300004D07B6A43F480537B6202E0786800F051
:101D400089F9BB6903F48073002B24D07B681B687E
:101D50004FF480729A60BB6903F40073002B03D0C8
:101D6000786800F063F916E0BB6903F48063002B28
:101D700004D07B6A43F400537B620CE0BB6903F43C
:101D80000063002B04D07B6A43F480437B6202E053
:101D9000786800F069F9BB6903F48033002B24D024
:101DA0007B681B684FF480329A60BB6903F4003390
:101DB000002B03D0786800F043F916E0BB6903F408
:101DC0008023002B04D07B6A43F400437B620CE049
:101DD000BB6903F40023002B04D07B6A43F48033F7
:101DE0007B6202E0786800F049F93B6A03F008037F
:101DF000002B0CD07B6903F01003002B07D07B6A0B
:101E000043F400737B627B681B681022DA603B6AD4
:101E100003F00403002B0BD07B6903F00803002BB5
:101E200006D07B681B680822DA60786800F03AF90F
:101E30003B6A03F00203002B09D07B681B68DB6858
:101E400003F00303002B02D0786800F021F93B6A0D
:101E500003F04003002B0CD03B6903F01003002B70
:101E600007D07B6A43F480637B627B681B68102227
:101E70001A613B6A03F02003002B0BD03B6903F08F
:101E80000803002B06D07B681B6808221A6178685B
:101E900000F01CF93B6A03F01003002B09D07B68AB
:101EA0001B681B6903F00303002B02D0786800F065
:101EB00003F93B6A03F40033002B0BD0FB6903F0FA
:101EC0001003002B06D07B681B6810225A607868CC
:101ED00000F006F93B6A03F48033002B0BD0FB695A
:101EE00003F00803002B06D07B681B6808225A60A9
:101EF000786800F0FFF83B6A03F40043002B7BD0C6
:101F0000FB6903F00403002B72D03B6A03F4807377
:101F1000002B08D0FB6803F00103002B03D07B6A81
:101F200043F001037B623B6A03F40073002B08D08B
:101F3000FB6803F00203002B03D07B6A43F002032B
:101F40007B623B6A03F48063002B08D0FB6803F0DC
:101F50000403002B03D07B6A43F004037B623B6ADB
:101F600003F40063002B43D0FB6803F07003002BE5
:101F70003ED0FB6803F07003602B2BD0602B2ED873
:101F8000502B22D0502B2AD8402B19D0402B26D8AA
:101F9000302B10D0302B22D8102B02D0202B05D084
:101FA0001DE07B6A43F008037B6219E07B6A43F023
:101FB00010037B6214E07B6A43F020037B620FE036
:101FC0007B6A43F040037B620AE07B6A43F0800354
:101FD0007B6205E07B6A43F480737B6200E000BFB4
:101FE0007B681B689A697B681B6822F070029A61A3
:101FF0007B681B6804225A607B6A002B08D07B68D0
:102000005A6A7B6A1A437B685A62786800F07CF8E7
:1020100000BF2837BD4680BD80B483B000AF786074
:1020200000BF0C37BD465DF8047B704780B483B0B9
:1020300000AF786000BF0C37BD465DF8047B704789
:1020400080B483B000AF786000BF0C37BD465DF848
:10205000047B704780B483B000AF786000BF0C375A
:10206000BD465DF8047B704780B483B000AF7860F4
:1020700000BF0C37BD465DF8047B704780B483B069
:1020800000AF786000BF0C37BD465DF8047B704739
:1020900080B483B000AF786000BF0C37BD465DF8F8
:1020A000047B704780B483B000AF786000BF0C370A
:1020B000BD465DF8047B704780B483B000AF7860A4
:1020C00000BF0C37BD465DF8047B704780B483B019
:1020D00000AF786000BF0C37BD465DF8047B7047E9
:1020E00080B483B000AF786000BF0C37BD465DF8A8
:1020F000047B704780B483B000AF786000BF0C37BA
:10210000BD465DF8047B704780B483B000AF786053
:1021100000BF0C37BD465DF8047B704780B586B0C4
:1021200000AF78607B68002B01D1012367E27B68F8
:102130001B6803F00103002B75D0884B9B6803F0EC
:102140000C03042B0CD0854B9B6803F00C03082B6D
:1021500012D1824B5B6803F48003B3F5800F0BD17F
:102160007E4B1B6803F40033002B5BD07B685B68FD
:10217000002B57D1012342E27B685B68B3F5803FB7
:1021800006D1764B1B68754A43F4803313601DE01B
:102190007B685B68B3F5A02F0CD1704B1B686F4A4E
:1021A00043F4802313606D4B1B686C4A43F4803307
:1021B00013600BE0694B1B68684A23F4803313609B
:1021C000664B1B68654A23F4802313607B685B6859
:1021D000002B13D001F098FD386108E001F094FD68
:1021E00002463B69D31A642B01D9032307E25B4BF8
:1021F0001B6803F40033002BF0D014E001F084FDE1
:10220000386108E001F080FD02463B69D31A642B77
:1022100001D90323F3E1514B1B6803F40033002B76
:10222000F0D100E000BF7B681B6803F00203002BC5
:1022300063D04A4B9B6803F00C03002B0BD0474B39
:102240009B6803F00C03082B1CD1444B5B6803F420
:102250008003002B16D1414B1B6803F00203002BB7
:1022600005D07B68DB68012B01D00123C7E13B4B24
:102270001B6823F0F8027B681B69DB0037491343B6
:102280000B603AE07B68DB68002B20D0344B0122E6
:102290001A6001F039FD386108E001F035FD0246B1
:1022A0003B69D31A022B01D90323A8E12B4B1B68EE
:1022B00003F00203002BF0D0284B1B6823F0F80238
:1022C0007B681B69DB00254913430B6015E0244B39
:1022D00000221A6001F018FD386108E001F014FDD9
:1022E00002463B69D31A022B01D9032387E11B4B1A
:1022F0001B6803F00203002BF0D17B681B6803F01E
:102300000803002B36D07B685B69002B16D0154B79
:1023100001221A6001F0F8FC386108E001F0F4FCD9
:1023200002463B69D31A022B01D9032367E10B4B09
:102330005B6F03F00203002BF0D01BE0094B00227F
:102340001A6001F0E1FC38610EE001F0DDFC0246AC
:102350003B69D31A022B07D9032350E1003802400E
:1023600000004742800E4742884B5B6F03F0020338
:10237000002BEAD17B681B6803F00403002B00F0FC
:1023800097800023FB75814B1B6C03F08053002B5F
:102390000FD10023BB607D4B1B6C7C4A43F0805304
:1023A00013647A4B1B6C03F08053BB60BB68012342
:1023B000FB75774B1B6803F48073002B18D1744BAB
:1023C0001B68734A43F48073136001F09DFC38610D
:1023D00008E001F099FC02463B69D31A022B01D9AF
:1023E00003230CE16A4B1B6803F48073002BF0D0CD
:1023F0007B689B68012B06D1644B1B6F634A43F0DB
:10240000010313671CE07B689B68052B0CD15F4BB5
:102410001B6F5E4A43F0040313675C4B1B6F5B4A00
:1024200043F0010313670BE0584B1B6F574A23F02F
:1024300001031367554B1B6F544A23F004031367C2
:102440007B689B68002B15D001F05EFC38610AE0C8
:1024500001F05AFC02463B69D31A41F2883293429A
:1024600001D90323CBE0494B1B6F03F00203002B80
:10247000EED014E001F048FC38610AE001F044FCC1
:1024800002463B69D31A41F28832934201D90323B1
:10249000B5E03E4B1B6F03F00203002BEED1FB7D3A
:1024A000012B05D1394B1B6C384A23F08053136440
:1024B0007B689B69002B00F0A180344B9B6803F084
:1024C0000C03082B5CD07B689B69022B41D1314BFC
:1024D00000221A6001F018FC386108E001F014FCD9
:1024E00002463B69D31A022B01D9032387E0274B0D
:1024F0001B6803F00073002BF0D17B68DA697B68FE
:102500001B6A1A437B685B6A9B011A437B689B6A60
:102510005B08013B1B041A437B68DB6A1B061B49F3
:1025200013434B601B4B01221A6001F0EDFB386135
:1025300008E001F0E9FB02463B69D31A022B01D9FE
:1025400003235CE0114B1B6803F00073002BF0D0F9
:1025500054E0104B00221A6001F0D6FB386108E00D
:1025600001F0D2FB02463B69D31A022B01D90323A7
:1025700045E0064B1B6803F00073002BF0D13DE0F3
:102580007B689B69012B07D1012338E000380240AA
:1025900000700040600047421B4B5B68FB607B683B
:1025A0009B69012B28D0FB6803F480027B68DB6900
:1025B0009A4221D1FB6803F03F027B681B6A9A4272
:1025C0001AD1FA6847F6C07313407A68526A9201CA
:1025D000934211D1FB6803F440327B689B6A5B082D
:1025E000013B1B049A4207D1FB6803F070627B68D1
:1025F000DB6A1B069A4201D0012300E00023184643
:102600001837BD4680BD00BF0038024080B584B099
:1026100000AF786039607B68002B01D10123CCE0EA
:10262000684B1B6803F007033A689A420CD9654B64
:102630003A68D2B21A70634B1B6803F007033A681A
:102640009A4201D00123B8E07B681B6803F00203C3
:10265000002B20D07B681B6803F00403002B05D0FF
:10266000594B9B68584A43F4E05393607B681B685E
:1026700003F00803002B05D0534B9B68524A43F4E8
:1026800060439360504B9B6823F0F0027B689B682B
:102690004D4913438B607B681B6803F00103002BDB
:1026A00044D07B685B68012B07D1474B1B6803F460
:1026B0000033002B19D101237FE07B685B68022B7C
:1026C00003D07B685B68032B07D13F4B1B6803F08B
:1026D0000073002B09D101236FE03B4B1B6803F013
:1026E0000203002B01D1012367E0374B9B6823F0E5
:1026F00003027B685B68344913438B6001F004FB81
:10270000F8600AE001F000FB0246FB68D31A41F2D0
:102710008832934201D903234FE02B4B9B6803F08F
:102720000C027B685B689B009A42EBD1254B1B68CF
:1027300003F007033A689A420CD2224B3A68D2B2AD
:102740001A70204B1B6803F007033A689A4201D0C5
:10275000012332E07B681B6803F00403002B08D0E0
:10276000194B9B6823F4E0527B68DB6816491343DE
:102770008B607B681B6803F00803002B09D0124BA9
:102780009B6823F460427B681B69DB000E4913439E
:102790008B6000F021F802460B4B9B681B0903F08D
:1027A0000F030A49CB5C22FA03F3094A1360094B71
:1027B0001B68184607F0F4FC002318461037BD4686
:1027C00080BD00BF003C0240003802400C430108BD
:1027D0005C000020600000202DE9B04F90B000AFF9
:1027E00000237B630023FB6300233B630023BB6365
:1027F000594B9B6803F00C03082B0DD0082B00F2FB
:10280000A180002B02D0042B03D09BE0534BBB6371
:102810009BE0534BBB6398E04F4B5B6803F03F0377
:102820007B634D4B5B6803F48003002B28D04A4B3D
:102830005B689B0900223B627A623B6AC3F3080033
:102840000021474B03FB01F2002300FB03F3134479
:10285000434AA0FB0212FA620A46BA62FA6A1344B9
:10286000FB627B6B0022BB61FA61D7E90623D7E9E3
:102870000A01FDF7ADFC02460B461346FB6353E02D
:10288000354B5B689B0900223B617A613B69C3F36E
:10289000080A4FF0000B52465B464FF000004FF025
:1028A0000001590141EAD261500102460B46B2EBE8
:1028B0000A0863EB0B094FF000024FF000034FEAE8
:1028C000891343EA98634FEA8812B2EB080463EB7A
:1028D00009054FF000024FF00003EB0043EA547388
:1028E000E20014461D4614EB0A033B6045EB0B0364
:1028F0007B604FF000024FF00003D7E90045294606
:102900008B02214643EA915321468A02104619461A
:102910007B6B0022BB60FA60D7E90223FDF758FC0D
:1029200002460B461346FB630B4B5B681B0C03F024
:10293000030301335B003B63FA6B3B6BB2FBF3F3C6
:10294000BB6302E0054BBB6300BFBB6B184640375F
:10295000BD46BDE8B08F00BF003802400024F4003F
:10296000001BB70080B400AF034B1B681846BD4680
:102970005DF8047B704700BF5C00002080B500AFAD
:10298000FFF7F0FF0246054B9B689B0A03F0070325
:102990000349CB5C22FA03F3184680BD003802409D
:1029A0001C43010880B500AFFFF7DCFF0246054B72
:1029B0009B685B0B03F007030349CB5C22FA03F32C
:1029C000184680BD003802401C43010880B483B023
:1029D00000AF786039607B680F221A60124B9B68E9
:1029E00003F003027B685A600F4B9B6803F0F00210
:1029F0007B689A600C4B9B6803F4E0527B68DA605A
:102A0000094B9B68DB0803F4E0527B681A61074BB3
:102A10001B6803F007023B681A6000BF0C37BD4615
:102A20005DF8047B704700BF00380240003C024064
:102A300080B586B000AF786000237B6100233B61E6
:102A40007B681B6803F00103002B05D17B681B68C2
:102A500003F00403002B35D0624B00221A6001F012
:102A600053F9786108E001F04FF902467B69D31A07
:102A7000022B01D90323B0E05B4B1B6803F000631A
:102A8000002BF0D17B685B689A017B689B681B0711
:102A900055491343C1F88430524B01221A6001F0AA
:102AA00033F9786108E001F02FF902467B69D31A07
:102AB000022B01D9032390E04B4B1B6803F000630A
:102AC000002BF0D07B681B6803F00203002B00F0A2
:102AD00083800023FB60444B1B6C434A43F08053CC
:102AE0001364414B1B6C03F08053FB60FB683F4B4E
:102AF0001B683E4A43F48073136001F005F9786166
:102B000008E001F001F902467B69D31A022B01D9D2
:102B1000032362E0354B1B6803F48073002BF0D075
:102B2000314B1B6F03F440733B613B69002B2FD08B
:102B30007B68DB6803F440733A699A4228D02A4BD9
:102B40001B6F23F440733B61294B01221A60284B11
:102B500000221A60244A3B691367234B1B6F03F062
:102B60000103012B14D101F0CFF878610AE001F0E4
:102B7000CBF802467B69D31A41F28832934201D9DD
:102B800003232AE0184B1B6F03F00203002BEED047
:102B90007B68DB6803F44073B3F5407F0DD1124BC3
:102BA0009B6823F4F8127B68DB6823F0704323F4FE
:102BB00040730D4913438B6005E00B4B9B680A4A39
:102BC00023F4F8139360084B1A6F7B68DB68C3F338
:102BD0000B03054913430B67002318461837BD46FE
:102BE00080BD00BF680047420038024000700040CE
:102BF000400E474280B582B000AF00237B60494B56
:102C0000DB6803F0F203002B20D0474B1B78DBB2CC
:102C1000012B07D1444BDB687B60434B4FF0FF3205
:102C2000DA600BE0404B1B78DBB2022B03D13E4B4A
:102C30001B697B6002E03C4B5B697B6000F08AF8BB
:102C4000786800F07DF8384B00221A70354BDB684D
:102C500003F00103002B4AD0324B0122DA60324BE1
:102C60001B78DBB2012B2DD12F4B5B68013B2E4A29
:102C700053602D4B5B68002B15D02B4BDB687B60C2
:102C8000786800F053F8284BDB680133264AD3609C
:102C9000254BDB687B60244B1B7ADBB219467868D6
:102CA00000F0AEF823E04FF0FF337B601E4A7B68F4
:102CB000D3601D4B00221A7000F0EAF8786800F02B
:102CC00035F814E0184B1B78DBB2022B07D100F06B
:102CD000DFF8154B1B69184600F028F804E0124B8A
:102CE0005B69184600F022F80F4B00221A700E4B59
:102CF0001B78DBB2002B11D10A4B1B69094A23F068
:102D00007F031361074B1B69064A23F0807313612D
:102D1000044B1B69034A23F00073136100BF08379B
:102D2000BD4680BD003C0240D802002080B483B084
:102D300000AF786000BF0C37BD465DF8047B70477C
:102D400080B483B000AF786000BF0C37BD465DF83B
:102D5000047B704780B400AF274BDB6803F010039F
:102D6000002B08D0254BDB6943F01003234AD361C5
:102D7000214B1022DA60204BDB6803F02003002B8C
:102D800008D01E4BDB6943F008031C4AD3611A4B81
:102D90002022DA60184BDB6803F04003002B08D0D8
:102DA000164BDB6943F00403144AD361124B4022F3
:102DB000DA60114BDB6803F08003002B08D00F4B67
:102DC000DB6943F002030D4AD3610B4B8022DA60CA
:102DD000094BDB6803F00203002B08D0074BDB69CB
:102DE00043F02003054AD361034B0222DA6000BF9F
:102DF000BD465DF8047B7047003C0240D8020020CD
:102E000080B485B000AF78600B46FB700023FB6098
:102E1000FB78002B02D10023FB6010E0FB78012B34
:102E200003D14FF48073FB6009E0FB78022B03D1E0
:102E30004FF40073FB6002E04FF44073FB60134BF0
:102E40001B69124A23F440731361104B1A690F492E
:102E5000FB6813430B610D4B1B690C4A23F078038D
:102E600013610A4B1A697B68DB001343074A43F07E
:102E700002031361054B1B69044A43F48033136159
:102E800000BF1437BD465DF8047B7047003C02402C
:102E900080B400AF204B1B6803F40073002B17D0E5
:102EA0001D4B1B681C4A23F4007313601A4B1B68EC
:102EB000194A43F400631360174B1B68164A23F446
:102EC00000631360144B1B68134A43F400731360D0
:102ED000114B1B6803F48063002B17D00E4B1B684B
:102EE0000D4A23F4806313600B4B1B680A4A43F4BA
:102EF00080531360084B1B68074A23F48053136008
:102F0000054B1B68044A43F48063136000BFBD4651
:102F10005DF8047B704700BF003C024080B489B07C
:102F200000AF7860396000237B6100233B610023A0
:102F3000BB610023FB616BE10122FB6902FA03F331
:102F40007B613B681B687A6913403B613A697B6926
:102F50009A4240F05A813B685B6803F00303012BFF
:102F600005D03B685B6803F00303022B30D17B681C
:102F70009B68BB61FB695B00032202FA03F3DB433E
:102F8000BA691340BB613B68DA68FB695B0002FA0F
:102F900003F3BA691343BB617B68BA699A607B68C3
:102FA0005B68BB610122FB6902FA03F3DB43BA6988
:102FB0001340BB613B685B681B0903F00102FB69BE
:102FC00002FA03F3BA691343BB617B68BA695A60BA
:102FD0003B685B6803F00303032B17D07B68DB6857
:102FE000BB61FB695B00032202FA03F3DB43BA69AE
:102FF0001340BB613B689A68FB695B0002FA03F30C
:10300000BA691343BB617B68BA69DA603B685B6885
:1030100003F00303022B23D1FB69DA087B68083233
:1030200053F82230BB61FB6903F007039B000F22BA
:1030300002FA03F3DB43BA691340BB613B681A69C8
:10304000FB6903F007039B0002FA03F3BA69134319
:10305000BB61FB69DA087B680832B96943F8221062
:103060007B681B68BB61FB695B00032202FA03F308
:10307000DB43BA691340BB613B685B6803F0030242
:10308000FB695B0002FA03F3BA691343BB617B6817
:10309000BA691A603B685B6803F44033002B00F0A8
:1030A000B4800023FB60604B5B6C5F4A43F4804359
:1030B00053645D4B5B6C03F48043FB60FB685B4ACD
:1030C000FB699B08023352F82330BB61FB6903F0B4
:1030D00003039B000F2202FA03F3DB43BA69134098
:1030E000BB617B68524A93422BD07B68514A934222
:1030F00025D07B68504A93421FD07B684F4A934249
:1031000019D07B684E4A934213D07B684D4A934254
:103110000DD07B684C4A934207D07B684B4A934260
:1031200001D107230EE008230CE006230AE0052363
:1031300008E0042306E0032304E0022302E0012365
:1031400000E00023FA6902F0030292009340BA699A
:103150001343BB613549FB699B080233BA6941F8E7
:1031600023203B4B9B68BB613B69DB43BA6913403F
:10317000BB613B685B6803F48013002B03D0BA6922
:103180003B691343BB61324ABB699360304BDB68D8
:10319000BB613B69DB43BA691340BB613B685B6859
:1031A00003F40013002B03D0BA693B691343BB61DE
:1031B000274ABB69D360264B5B68BB613B69DB4335
:1031C000BA691340BB613B685B6803F40033002BB2
:1031D00003D0BA693B691343BB611D4ABB695360A5
:1031E0001B4B1B68BB613B69DB43BA691340BB6186
:1031F0003B685B6803F48033002B03D0BA693B69FA
:103200001343BB61124ABB691360FB690133FB6165
:10321000FB690F2B7FF690AE00BF00BF2437BD4681
:103220005DF8047B704700BF003802400038014061
:10323000000002400004024000080240000C02406E
:10324000001002400014024000180240001C02401E
:10325000003C014080B485B000AF78600B467B80B5
:103260007B681A697B881340002B02D00123FB7313
:1032700001E00023FB73FB7B18461437BD465DF865
:10328000047B704780B483B000AF78600B467B80CE
:1032900013467B707B78002B03D07A887B689A6119
:1032A00003E07B881A047B689A6100BF0C37BD4637
:1032B0005DF8047B7047000080B586B000AF786091
:1032C00000237B6100F020FD38617B68002B01D179
:1032D000012399E07B68022283F835207B68002275
:1032E00083F834207B681B681A687B681B6822F0AF
:1032F00001021A600FE000F007FD02463B69D31A95
:10330000052B08D97B6820225A657B68032283F845
:103310003520032378E07B681B681B6803F00103FA
:10332000002BE8D17B681B681B687B617A69384B8E
:1033300013407B617B685A687B689B681A437B6893
:10334000DB681A437B681B691A437B685B691A4315
:103350007B689B691A437B68DB691A437B681B6A3D
:1033600013437A6913437B617B685B6A042B07D143
:103370007B68DA6A7B681B6B13437A6913437B6152
:103380007B681B687A691A607B681B685B697B6174
:103390007B6923F007037B617B685B6A7A6913436F
:1033A0007B617B685B6A042B17D17B689B6A7A69B7
:1033B00013437B617B68DB6A002B0ED0786800F0DA
:1033C0000FFB0346002B08D07B6840225A657B68C0
:1033D000012283F83520012316E07B681B687A6997
:1033E0005A61786800F0C6FA0346FB607B68DB6DC3
:1033F0003F229A40FB689A607B6800225A657B688E
:10340000012283F83520002318461837BD4680BDB9
:103410003F8010F080B586B000AFF860B9607A6088
:103420003B600023FB75FB689B6D3B61FB6893F879
:103430003430012B01D1022340E0FB68012283F8E4
:103440003420FB6893F83530DBB2012B2FD1FB68B9
:10345000022283F83520FB6800225A653B687A68AF
:10346000B968F86800F058FAFB68DB6D3F229A40B3
:103470003B699A60FB681B681A68FB681B6842F02E
:1034800016021A60FB681B6C002B07D0FB681B68D8
:103490001A68FB681B6842F008021A60FB681B6828
:1034A0001A68FB681B6842F001021A6005E0FB68BD
:1034B000002283F834200223FB75FB7D1846183761
:1034C000BD4680BD80B584B000AF78607B689B6DE1
:1034D000FB6000F019FCB8607B6893F83530DBB214
:1034E000022B08D07B6880225A657B68002283F813
:1034F0003420012352E07B681B681A687B681B68D4
:1035000022F016021A607B681B685A697B681B6888
:1035100022F080025A617B681B6C002B03D17B6810
:103520009B6C002B07D07B681B681A687B681B6844
:1035300022F008021A607B681B681A687B681B68A7
:1035400022F001021A6013E000F0DEFB0246BB68C5
:10355000D31A052B0CD97B6820225A657B6803227D
:1035600083F835207B68002283F83420032315E09C
:103570007B681B681B6803F00103002BE4D17B68A8
:10358000DB6D3F229A40FB689A607B68012283F8DA
:1035900035207B68002283F834200023184610373A
:1035A000BD4680BD80B483B000AF78607B6893F87F
:1035B0003530DBB2022B04D07B6880225A650123B0
:1035C0000CE07B68052283F835207B681B681A684D
:1035D0007B681B6822F001021A60002318460C3732
:1035E000BD465DF8047B704780B586B000AF78605B
:1035F0000023BB608E4B1B688E4AA2FB03239B0AF1
:103600007B617B689B6D3B613B691B68FB607B68F2
:10361000DB6D08229A40FB681340002B1AD07B68B0
:103620001B681B6803F00403002B13D07B681B6826
:103630001A687B681B6822F004021A607B68DB6DE5
:1036400008229A403B699A607B685B6D43F00102F7
:103650007B685A657B68DB6D01229A40FB681340EA
:10366000002B12D07B681B685B6903F08003002B82
:103670000BD07B68DB6D01229A403B699A607B68C6
:103680005B6D43F002027B685A657B68DB6D042248
:103690009A40FB681340002B12D07B681B681B68A4
:1036A00003F00203002B0BD07B68DB6D04229A40F1
:1036B0003B699A607B685B6D43F004027B685A65E6
:1036C0007B68DB6D10229A40FB681340002B43D0CF
:1036D0007B681B681B6803F00803002B3CD07B68E9
:1036E000DB6D10229A403B699A607B681B681B68FF
:1036F00003F48023002B18D07B681B681B6803F43D
:103700000023002B08D17B681B6C002B24D07B6826
:103710001B6C786898471FE07B689B6C002B1BD064
:103720007B689B6C7868984716E07B681B681B6811
:1037300003F48073002B07D17B681B681A687B68D1
:103740001B6822F008021A607B681B6C002B03D0F8
:103750007B681B6C786898477B68DB6D20229A40F9
:10376000FB681340002B00F08F807B681B681B6890
:1037700003F01003002B00F087807B68DB6D2022B4
:103780009A403B699A607B6893F83530DBB2052B31
:1037900036D17B681B681A687B681B6822F01602AA
:1037A0001A607B681B685A697B681B6822F080027C
:1037B0005A617B681B6C002B03D17B689B6C002BD0
:1037C00007D07B681B681A687B681B6822F00802B8
:1037D0001A607B68DB6D3F229A403B699A607B6888
:1037E000012283F835207B68002283F834207B682F
:1037F0001B6D002B7ED07B681B6D7868984779E045
:103800007B681B681B6803F48023002B1DD07B683A
:103810001B681B6803F40023002B0DD17B685B6CD5
:10382000002B31D07B685B6C786898472CE000BF38
:103830005C000020B5814E1B7B68DB6B002B23D026
:103840007B68DB6B786898471EE07B681B681B68A9
:1038500003F48073002B0FD17B681B681A687B68A8
:103860001B6822F010021A607B68012283F8352061
:103870007B68002283F834207B68DB6B002B03D04D
:103880007B68DB6B786898477B685B6D002B32D078
:103890007B685B6D03F00103002B22D07B6805225F
:1038A00083F835207B681B681A687B681B6822F0E8
:1038B00001021A60BB680133BB607A699A4207D380
:1038C0007B681B681B6803F00103002BF2D100E04A
:1038D00000BF7B68012283F835207B68002283F8D3
:1038E00034207B68DB6C002B05D07B68DB6C786850
:1038F000984700E000BF1837BD4680BD80B483B054
:1039000000AF78607B6893F83530DBB218460C372F
:10391000BD465DF8047B704780B485B000AFF860A9
:10392000B9607A603B60FB681B681A68FB681B68BB
:1039300022F480221A60FB681B683A685A60FB68B0
:103940009B68402B08D1FB681B687A689A60FB680B
:103950001B68BA68DA6007E0FB681B68BA689A609F
:10396000FB681B687A68DA6000BF1437BD465DF8F3
:10397000047B704780B485B000AF78607B681B68BB
:10398000DBB2103B144AA2FB03231B09FB60134A62
:10399000FB6813441B781A467B68DA65FB68032BC7
:1039A00009D97B681B6823F47F7323F003031A1D76
:1039B0007B689A6507E07B681B6823F47F7323F0BC
:1039C00003037A6893657B689B6D18461437BD4680
:1039D0005DF8047B704700BFABAAAAAA2443010884
:1039E00080B485B000AF78600023FB737B689B6A6E
:1039F000BB607B689B69002B1FD1BB68032B56D82B
:103A000001A252F823F000BF193A00082B3A00082F
:103A1000193A0008AF3A00087B68DB6A03F080734C
:103A2000002B46D00123FB7343E07B68DB6AB3F1D4
:103A3000C07F40D10123FB733DE07B689B69B3F5F8
:103A4000005F21D1BB68032B37D801A252F823F0C5
:103A5000613A0008673A0008613A0008793A0008BC
:103A60000123FB7330E07B68DB6A03F08073002B7B
:103A700025D00123FB7322E07B68DB6AB3F1C07FB2
:103A80001FD10123FB731CE0BB68022B03D9BB6869
:103A9000032B03D018E00123FB7315E07B68DB6A7E
:103AA00003F08073002B0ED00123FB730BE000BFEB
:103AB0000AE000BF08E000BF06E000BF04E000BF6E
:103AC00002E000BF00E000BFFB7B18461437BD4694
:103AD0005DF8047B704700BF80B485B000AF7860AC
:103AE0007B6803F00703FB600C4BDB68BB60BA68C4
:103AF0004FF6FF031340BB60FB681A02BB68134319
:103B000043F0BF6343F40033BB60044ABB68D36037
:103B100000BF1437BD465DF8047B704700ED00E040
:103B200080B400AF044BDB681B0A03F007031846A0
:103B3000BD465DF8047B704700ED00E080B483B0C3
:103B400000AF0346FB7197F90730002B0BDBFB79C5
:103B500003F01F02074997F907305B09012000FABB
:103B600002F241F8232000BF0C37BD465DF8047B0C
:103B7000704700BF00E100E080B483B000AF0346AF
:103B80003960FB7197F90730002B0ADB3B68DAB22A
:103B90000C4997F907301201D2B20B4483F8002385
:103BA0000AE03B68DAB20849FB7903F00F03043BF3
:103BB0001201D2B20B441A7600BF0C37BD465DF835
:103BC000047B704700E100E000ED00E080B489B0C4
:103BD00000AFF860B9607A60FB6803F00703FB612F
:103BE000FB69C3F10703042B28BF0423BB61FB69F6
:103BF0000433062B02D9FB69033B00E000237B6101
:103C00004FF0FF32BB6902FA03F3DA43BB681A4094
:103C10007B699A404FF0FF317B6901FA03F3D94386
:103C20007B680B40134318462437BD465DF8047B80
:103C3000704780B582B000AF78607868FFF74CFFBE
:103C400000BF0837BD4680BD80B586B000AF0346D3
:103C5000B9607A60FB7300237B61FFF761FF7861D5
:103C60007A68B9687869FFF7B1FF024697F90F30B3
:103C700011461846FFF780FF00BF1837BD4680BDCC
:103C800080B582B000AF0346FB7197F90730184644
:103C9000FFF754FF00BF0837BD4680BD80B500AFB9
:103CA0000E4B1B680D4A43F4007313600B4B1B68EB
:103CB0000A4A43F480631360084B1B68074A43F4C5
:103CC000807313600320FFF7B4FF052006F068FA45
:103CD00006F032FA0023184680BD00BF003C0240C7
:103CE00080B400AF064B1B781A46064B1B68134482
:103CF000044A136000BFBD465DF8047B704700BFF7
:103D000064000020F802002080B400AF034B1B6861
:103D10001846BD465DF8047B704700BFF8020020DE
:103D200080B584B000AF78607B68002B01D101239F
:103D30002BE17B6893F83D30DBB2002B06D17B682A
:103D4000002283F83C20786805F018FB7B68242269
:103D500083F83D207B681B681A687B681B6822F02B
:103D600001021A607B681B681A687B681B6842F452
:103D700000421A607B681B681A687B681B6822F423
:103D800000421A60FEF7FAFDF8607B685B68814AC2
:103D9000934207D8FB68804A934294BF01230023D3
:103DA000DBB206E0FB687D4A934294BF0123002307
:103DB000DBB2002B01D00123E7E0FB68784AA2FBCD
:103DC00003239B0CBB607B681B685B6823F03F018F
:103DD0007B681B68BA680A435A607B681B681B6A69
:103DE00023F03F017B685B686A4A934202D8BB6854
:103DF000013309E0BB684FF4967202FB03F3694A92
:103E0000A2FB03239B0901337A6812680B431362F8
:103E10007B681B68DB6923F44F4222F0FF027B685A
:103E20005B685C498B4219D8FB68591E7B685B68EC
:103E30005B00B1FBF3F3591C40F6FC730B40002B05
:103E40000AD0FB68591E7B685B685B00B1FBF3F32B
:103E50000133C3F30B0351E004234FE07B689B68FD
:103E6000002B11D1FB68581E7B6859680B465B001C
:103E70000B44B0FBF3F30133C3F30B03002B0CBF74
:103E800001230023DBB212E0FB68581E7B685968EF
:103E90000B469B000B4499000B44B0FBF3F301333A
:103EA000C3F30B03002B0CBF01230023DBB2002B59
:103EB00001D0012322E07B689B68002B0ED1FB68B8
:103EC000581E7B6859680B465B000B44B0FBF3F34C
:103ED0000133C3F30B0343F400430FE0FB68581EA8
:103EE0007B6859680B469B000B4499000B44B0FB60
:103EF000F3F30133C3F30B0343F4404379680968D8
:103F00001343CB617B681B681B6823F0C0017B688F
:103F1000DA697B681B6A1A437B681B680A431A606C
:103F20007B681B689B6823F4034323F0FF037A68D4
:103F300011697A68D26811437A6812680B439360FA
:103F40007B681B68DB6823F0FF017B685A697B682C
:103F50009B691A437B681B680A43DA607B681B68AD
:103F60001A687B681B6842F001021A607B680022B5
:103F70001A647B68202283F83D207B6800221A6344
:103F80007B68002283F83E20002318461037BD4688
:103F900080BD00BFA08601007F841E00FF083D0099
:103FA00083DE1B43D34D621080B483B000AF7860D2
:103FB0007B681B685B6903F08003802B03D17B68FF
:103FC0001B6800221A6100BF0C37BD465DF8047BF8
:103FD000704780B588B000AF78600023BB617B6814
:103FE0001B685B687B617B68DB6A3B617B6893F87D
:103FF0003E30FB737B6893F83D30BB73FB7B102B2B
:1040000003D0FB7B402B40F0C1807B681B689B6921
:10401000BB617B681B685B69FB61FB6903F00103A3
:10402000002B0DD13B69B3F52A0F03D03B69B3F1E7
:104030002A4F01D1012300E00023012B00F032813F
:10404000FB6903F00103002B0CD07B695B0A03F0D2
:104050000103002B06D0786801F098FC786800F026
:104060009BFD92E0FB69DB0803F00103002B09D004
:104070007B695B0A03F00103002B03D0786800F032
:1040800011FE82E0FB695B0803F00103002B09D0FD
:104090007B695B0A03F00103002B03D0786800F012
:1040A0002BFE72E0BB699B0803F00103002B3BD0A1
:1040B0007B681B685B6803F40063B3F5006F00F076
:1040C000F380FB69DB0903F00103002B0FD07B6950
:1040D0009B0A03F00103002B09D0FB699B0803F046
:1040E0000103002B03D1786800F0F3F94DE0FB6980
:1040F0009B0803F00103002B00F0D6807B695B0A6C
:1041000003F00103002B00F0CF80BB7B212B03D1F8
:10411000786800F07AFAC7E0FB7B402B40F0C4805F
:10412000786800F0E8FABFE07B681B685B6803F41E
:104130000063B3F5006F00F0B780FB699B0903F0E3
:104140000103002B0FD07B699B0A03F00103002BB6
:1041500009D0FB699B0803F00103002B03D17868A9
:1041600000F061FB11E0FB699B0803F00103002BE9
:1041700000F09A807B695B0A03F00103002B00F0DA
:104180009380786800F017FC8EE08DE07B681B6CF4
:10419000002B04D07B681B685B69FB6107E07B68D0
:1041A0001B689B69BB617B681B685B69FB61FB6982
:1041B0005B0803F00103002B12D07B695B0A03F05C
:1041C0000103002B0CD07B681B6C002B03D07B6899
:1041D0001B689B69BB61B969786800F0DCFF66E029
:1041E000FB691B0903F00103002B09D07B695B0A03
:1041F00003F00103002B03D0786801F017F856E0B4
:10420000BB7B212B02D0BB7B292B25D1FB69DB0992
:1042100003F00103002B0FD07B699B0A03F001031D
:10422000002B09D0FB699B0803F00103002B03D18D
:10423000786800F0F2FE39E0FB699B0803F00103A7
:10424000002B33D07B695B0A03F00103002B2DD0D8
:10425000786800F01FFF29E0FB699B0903F0010368
:10426000002B0FD07B699B0A03F00103002B09D0C0
:10427000FB699B0803F00103002B03D1786800F071
:104280002AFF14E0FB699B0803F00103002B0ED00A
:104290007B695B0A03F00103002B08D0786800F00B
:1042A00058FF04E000BF02E000BF00E000BF20377D
:1042B000BD4680BD80B58AB000AF78607B681B6862
:1042C0005B693B627B681B685B68FB6100237B6208
:1042D0007B6893F83E30FB763B6A1B0A03F00103D0
:1042E000002B0ED0FB691B0A03F00103002B08D042
:1042F0007B6A43F001037B627B681B686FF480720A
:104300005A613B6A5B0A03F00103002B0ED0FB6984
:104310001B0A03F00103002B08D07B6A43F0020361
:104320007B627B681B686FF400725A613B6A9B0A70
:1043300003F00103002B3FD0FB691B0A03F00103CC
:10434000002B39D0FB7EBB767B685B8D9BB27B619B
:104350007B6893F83D30FB747B681B6BFB60BB7E16
:10436000202B12D17B69002B0FD1FB7C212B08D095
:10437000FB7C292B05D0FB7C282B06D1FB68212B4D
:1043800003D1786801F082F816E07B681B686FF44F
:1043900080625A617B6A43F004037B62FB7E102BD0
:1043A00002D0FB7E402B07D17B681B681A687B68B4
:1043B0001B6842F400721A603B6ADB0A03F00103D7
:1043C000002B0ED0FB691B0A03F00103002B08D061
:1043D0007B6A43F008037B627B681B686FF40062B2
:1043E0005A617B6A002B08D07B681A6C7B6A1A437F
:1043F0007B681A64786801F0BDF800BF2837BD46B5
:1044000080BD80B483B000AF786000BF0C37BD467C
:104410005DF8047B704780B483B000AF786000BF64
:104420000C37BD465DF8047B704780B483B000AFA5
:10443000786000BF0C37BD465DF8047B704780B4E0
:1044400083B000AF786000BF0C37BD465DF8047BD9
:10445000704780B483B000AF78600B46FB701346A2
:104460003B8000BF0C37BD465DF8047B704780B4CD
:1044700083B000AF786000BF0C37BD465DF8047BA9
:10448000704780B483B000AF786000BF0C37BD4682
:104490005DF8047B704780B483B000AF786000BFE4
:1044A0000C37BD465DF8047B704780B483B000AF25
:1044B000786000BF0C37BD465DF8047B704780B460
:1044C00083B000AF786000BF0C37BD465DF8047B59
:1044D000704780B584B000AF78607B6893F83D305A
:1044E000FB737B6893F83E30BB737B68DB6ABB6011
:1044F0007B681B8D002B50D1FB7B212B4DD1BB68E2
:10450000082B1DD0BB68202B1AD0BB6813F5803F49
:1045100016D07B681B685A687B681B6822F4E062CF
:104520005A607B6811221A637B68002283F83E2060
:104530007B68202283F83D207868FFF762FF60E007
:104540007B681B685A687B681B6822F4E0625A60CB
:104550007B681B681A687B681B6842F400721A60EB
:104560007B6800221A637B68202283F83D207B68E9
:1045700093F83E30DBB2402B07D17B68002283F8F2
:104580003E207868FFF77DFF3BE07B68002283F8E0
:104590003E207868FFF735FF33E0FB7B212B05D009
:1045A000BB7B402B2DD1FB7B222B2AD17B685B8DE3
:1045B0009BB2002B08D17B681B685A687B681B681C
:1045C00022F480625A601CE07B6893F83E30DBB2D4
:1045D000402B03D1786800F08EF812E07B685B6AAC
:1045E0001A787B681B681A617B685B6A5A1C7B6857
:1045F0005A627B685B8D9BB2013B9AB27B685A859D
:10460000FFE700BF1037BD4680BD80B584B000AF66
:1046100078607B68DB6AFB607B6893F83D30DBB2D7
:10462000212B64D17B685B8D9BB2002B12D07B6801
:104630005B6A1A787B681B681A617B685B6A5A1C24
:104640007B685A627B685B8D9BB2013B9AB27B6848
:104650005A854CE0FB68082B1DD0FB68202B1AD034
:10466000FB6813F5803F16D07B681B685A687B682F
:104670001B6822F4E0625A607B6811221A637B682F
:10468000002283F83E207B68202283F83D20786852
:10469000FFF7B7FE2BE07B681B685A687B681B68D6
:1046A00022F4E0625A607B681B681A687B681B68AA
:1046B00042F400721A607B6800221A637B68202231
:1046C00083F83D207B6893F83E30DBB2402B07D166
:1046D0007B68002283F83E207868FFF7D2FE06E070
:1046E0007B68002283F83E207868FFF78AFE00BFCF
:1046F0001037BD4680BD80B584B000AF78607B6860
:1047000093F83D30FB737B681B6D002B1DD17B68DC
:10471000DB6C012B0BD17B689B6CDAB27B681B686E
:104720001A617B681B6D9A1C7B681A6577E07B6851
:104730009B6C9BB21B12DAB27B681B681A617B68A8
:104740001B6D5A1C7B681A6569E07B681B6D012B29
:104750000BD17B689B6CDAB27B681B681A617B6843
:104760001B6D5A1C7B681A6559E07B681B6D022B18
:1047700052D1FB7B222B0DD17B681B681A687B68AA
:104780001B6842F480721A607B681B6D5A1C7B6840
:104790001A6544E07B685B8D9BB2002B15D0FB7BD8
:1047A000212B12D17B685B6A1A787B681B681A61BF
:1047B0007B685B6A5A1C7B685A627B685B8D9BB224
:1047C000013B9AB27B685A8529E07B685B8D9BB27E
:1047D000002B24D1FB7B212B21D17B681B685A68DD
:1047E0007B681B6822F4E0625A607B681B681A6869
:1047F0007B681B6842F400721A607B6800221A63AF
:104800007B68202283F83D207B68002283F83E20CD
:104810007868FFF736FE02E07868FFF7C5FB00BF57
:104820001037BD4680BD80B584B000AF78607B682E
:1048300093F83D30DBB2222B40F0B9807B68DB6A15
:10484000FB607B685B8D9BB2BB60BB68032B21D98F
:104850007B681B681A697B685B6AD2B21A707B68D6
:104860005B6A5A1C7B685A627B685B8D9BB2013B1A
:104870009AB27B685A857B685B8D9BB2032B40F0B4
:1048800096807B681B685A687B681B6822F480628C
:104890005A608CE07B68DB6A022B7FD0BB68012BFF
:1048A00002D0BB68002B79D1786801F03DF803464F
:1048B000002B4CD17B681B681A687B681B6822F44C
:1048C00080621A607B681B685A687B681B6822F4E8
:1048D000E0625A607B681B681A697B685B6AD2B2C7
:1048E0001A707B685B6A5A1C7B685A627B685B8DB6
:1048F0009BB2013B9AB27B685A857B68202283F881
:104900003D207B6893F83E30DBB2402B0AD17B68B8
:10491000002283F83E207B6800221A637868FFF744
:10492000BAFD44E07B68002283F83E20FB68082B38
:1049300002D0FB68202B03D17B6800221A6302E0BF
:104940007B6812221A637868FFF765FD2FE07B68A9
:104950001B685A687B681B6822F4E0625A607B68B7
:104960001B681A697B685B6AD2B21A707B685B6AE3
:104970005A1C7B685A627B685B8D9BB2013B9AB282
:104980007B685A857B68202283F83D207B68002263
:1049900083F83E207868FFF788FD08E07B681B6895
:1049A0005A687B681B6822F480625A60FFE700BF88
:1049B0001037BD4680BD80B584B000AF78607B689D
:1049C000DB6AFB607B685B8D9BB2042B1BD17B6831
:1049D0001B685A687B681B6822F480625A607B6897
:1049E0001B681A697B685B6AD2B21A707B685B6A63
:1049F0005A1C7B685A627B685B8D9BB2013B9AB202
:104A00007B685A85C4E07B685B8D9BB2032B29D100
:104A10007B681B685A687B681B6822F480625A6056
:104A2000FB68042B0AD0FB68022B07D07B681B684D
:104A30001A687B681B6822F480621A607B681B68B6
:104A40001A697B685B6AD2B21A707B685B6A5A1C0F
:104A50007B685A627B685B8D9BB2013B9AB27B6834
:104A60005A8595E07B685B8D9BB2022B7DD1FB68FC
:104A7000012B02D0FB68102B08D17B681B681A68D9
:104A80007B681B6822F480621A6016E0FB68042BC6
:104A900002D0FB68022B08D17B681B681A687B6810
:104AA0001B6842F480621A6007E07B681B681A6822
:104AB0007B681B6842F400721A607B681B681A6985
:104AC0007B685B6AD2B21A707B685B6A5A1C7B682F
:104AD0005A627B685B8D9BB2013B9AB27B685A85B8
:104AE0007B681B681A697B685B6AD2B21A707B6844
:104AF0005B6A5A1C7B685A627B685B8D9BB2013B88
:104B00009AB27B685A857B681B685A687B681B6809
:104B100022F440725A607B68202283F83D207B6833
:104B200093F83E30DBB2402B0AD17B68002283F839
:104B30003E207B6800221A637868FFF7ACFC27E010
:104B40007B68002283F83E20FB68082B02D0FB68BC
:104B5000202B03D17B6800221A6302E07B681222BB
:104B60001A637868FFF757FC12E07B681B681A69C4
:104B70007B685B6AD2B21A707B685B6A5A1C7B687E
:104B80005A627B685B8D9BB2013B9AB27B685A8507
:104B900000BF1037BD4680BD80B483B000AF7860E1
:104BA0007B6893F83E30DBB2402B17D17B681B6DDE
:104BB000002B09D17B685B6CDBB21A467B681B68F3
:104BC00002F0FE021A6167E07B685B6CDBB243F0C7
:104BD0000103DAB27B681B681A615DE07B681B69C0
:104BE000B3F5804F33D17B6893F83D30DBB2212B96
:104BF00009D17B685B6CDBB21A467B681B6802F0EC
:104C0000FE021A6108E07B685B6CDBB243F00103D3
:104C1000DAB27B681B681A617B685B6B002B04D07F
:104C20007B685B6BDB6B002B08D17B689B6B002B7D
:104C300032D07B689B6BDB6B002B2DD07B681B68B5
:104C40005A687B681B6842F400625A6024E07B6803
:104C50001B6D002B0ED17B685B6C9BB2DB11DBB252
:104C600003F00603DBB263F00F03DAB27B681B6864
:104C70001A6111E07B681B6D012B0DD17B685B6CA9
:104C80009BB2DB11DBB203F00603DBB263F00E0371
:104C9000DAB27B681B681A6100BF0C37BD465DF84D
:104CA000047B704780B483B000AF78607B685B6C36
:104CB000DAB27B681B681A617B685B6B002B04D0DF
:104CC0007B685B6BDB6B002B08D17B689B6B002BDD
:104CD0000CD07B689B6BDB6B002B07D07B681B6861
:104CE0005A687B681B6842F400625A6000BF0C3748
:104CF000BD465DF8047B704780B491B000AF78602A
:104D00007B6893F83E3087F83F307B68DB6ABB6393
:104D10007B681B6B7B637B6893F83D30DBB2222B97
:104D200040F069817B681B6D002B0FD197F83F30F5
:104D3000402B0BD100233B637B681B685B693B63A3
:104D40007B681B689B693B633B6B60E17B681B6D09
:104D5000002B1DD17B681B69B3F5404F18D1002390
:104D6000FB627B681B685B69FB627B681B689B69F5
:104D7000FB62FB6A7B681B681A687B681B6842F4ED
:104D800080721A607B681B6D5A1C7B681A653EE155
:104D90007B685B8D9BB2002B13D10023BB627B68C9
:104DA0001B685B69BB627B681B689B69BB62BB6AF3
:104DB0007B681B681A687B681B6842F400721A6083
:104DC00015E17B685B8D9BB2012B40F08A80BB6B49
:104DD00013F5803F37D17B681B681A687B681B68B6
:104DE00022F480621A607B681B685B6803F40063CE
:104DF000B3F5006F13D17B681B681A687B681B686A
:104E000022F480621A6000237B627B681B685B6906
:104E10007B627B681B689B697B627B6AE7E000239F
:104E20003B627B681B685B693B627B681B689B69B4
:104E30003B623B6A7B681B681A687B681B6842F4AC
:104E400000721A60D3E0BB6B082B2ED0BB6B202BFB
:104E50002BD07B6B122B02D1BB6B012B25D1BB6BF3
:104E6000042B0ED0BB6B022B0BD0BB6B102B08D0CE
:104E70007B681B681A687B681B6822F480621A6072
:104E800007E07B681B681A687B681B6842F48062D5
:104E90001A600023FB617B681B685B69FB617B68B0
:104EA0001B689B69FB61FB69A1E07B681B681A6852
:104EB0007B681B6822F480621A600023BB617B68F8
:104EC0001B685B69BB617B681B689B69BB61BB69D5
:104ED0007B681B681A687B681B6842F400721A6062
:104EE00085E07B685B8D9BB2022B4DD1BB6B042BA5
:104EF00016D0BB6B022B13D0BB6B102B10D07B6872
:104F00001B681A687B681B6822F480621A607B68E1
:104F10001B681A687B681B6842F400621A6007E02D
:104F20007B681B681A687B681B6842F480621A60A1
:104F30007B681B685B6803F40063B3F5006F17D1EF
:104F4000BB6B13F5803F0BD0BB6B012B08D0BB6B49
:104F5000082B05D0BB6B102B02D0BB6B202B07D1CD
:104F60007B681B685A687B681B6842F480525A60F1
:104F700000237B617B681B685B697B617B681B68C6
:104F80009B697B617B6932E07B681B681A687B6880
:104F90001B6842F480621A607B681B685B6803F4DC
:104FA0000063B3F5006F17D1BB6B13F5803F0BD0D7
:104FB000BB6B012B08D0BB6B082B05D0BB6B102B38
:104FC00002D0BB6B202B07D17B681B685A687B68BB
:104FD0001B6842F480525A6000233B617B681B6867
:104FE0005B693B617B681B689B693B613B697B68D4
:104FF00000221A650BE00023FB607B681B685B697D
:10500000FB607B681B689B69FB60FB68FFE700BF78
:105010004437BD465DF8047B704780B584B000AF6F
:1050200078607B6893F83D30FB737B685B8D9BB247
:10503000002B2BD07B685B6A1A787B681B681A612F
:105040007B685B6A5A1C7B685A627B685B8D9BB28B
:10505000013B9AB27B685A857B685B8D9BB2002BC3
:1050600014D1FB7B292B11D17B681B685A687B68A4
:105070001B6822F480625A607B6821221A637B6875
:10508000282283F83D207868FFF7CFF900BF10375A
:10509000BD4680BD80B483B000AF78607B685B8D17
:1050A0009BB2002B11D07B685B6A1A787B681B6807
:1050B0001A617B685B6A5A1C7B685A627B685B8DED
:1050C0009BB2013B9AB27B685A8500BF0C37BD4644
:1050D0005DF8047B704780B584B000AF78607B6872
:1050E00093F83D30FB737B685B8D9BB2002B2CD01B
:1050F0007B681B681A697B685B6AD2B21A707B682E
:105100005B6A5A1C7B685A627B685B8D9BB2013B71
:105110009AB27B685A857B685B8D9BB2002B14D159
:10512000FB7B2A2B11D17B681B685A687B681B6844
:1051300022F480625A607B6822221A637B682822EC
:1051400083F83D207868FFF77AF900BF1037BD4635
:1051500080BD80B483B000AF78607B685B8D9BB20C
:10516000002B12D07B681B681A697B685B6AD2B21D
:105170001A707B685B6A5A1C7B685A627B685B8D1D
:105180009BB2013B9AB27B685A8500BF0C37BD4683
:105190005DF8047B704780B584B000AF78603960FB
:1051A0000023FB737B6893F83D30DBB203F02803E8
:1051B000282B27D17B681B685A687B681B6822F400
:1051C00080625A603B689B0803F00103002B01D109
:1051D0000123FB733B68DB0903F00103002B03D1C0
:1051E0007B68DB68BB8102E07B689B69BB817B6875
:1051F000002283F83C20BA89FB7B19467868FFF7C8
:1052000028F90EE00023BB607B681B685B69BB600C
:105210007B681B689B69BB60BB687B68002283F866
:105220003C2000BF1037BD4680BD000080B584B073
:1052300000AF78607B6893F83D30FB737B681B6838
:105240005A687B681B6822F4E0625A600023BB60E6
:105250007B681B685B69BB607B681B681A687B683E
:105260001B6842F001021A60BB687B681B681A6801
:105270007B681B6822F480621A607B681B685B682D
:1052800003F40063B3F5006F72D1FB7B222B02D0D5
:10529000FB7B2A2B35D17B689B6B1B685B689AB2C2
:1052A0007B685A857B685B8D9BB2002B05D07B6841
:1052B0001B6C43F004027B681A647B681B685A68A5
:1052C0007B681B6822F400625A607B689B6B1846FF
:1052D000FEF714FB0346012B49D07B689B6B694AA0
:1052E0001A657B689B6B1846FEF75CF90346002B3A
:1052F0003DD07B689B6B1B6D7A68926B104698471C
:1053000035E07B685B6B1B685B689AB27B685A858B
:105310007B685B8D9BB2002B05D07B681B6C43F0D8
:1053200004027B681A647B681B685A687B681B6888
:1053300022F400625A607B685B6B1846FEF7DEFA67
:105340000346012B14D07B685B6B4E4A1A657B6861
:105350005B6B1846FEF726F90346002B08D07B68E6
:105360005B6B1B6D7A68526B1046984700E000BF7C
:105370007B685B8D9BB2002B3ED07B681B685B69B2
:1053800003F00403042B12D17B681B681A697B6845
:105390005B6AD2B21A707B685B6A5A1C7B685A627D
:1053A0007B685B8D9BB2013B9AB27B685A857B68B8
:1053B0001B685B6903F04003402B12D17B681B68BC
:1053C0001A697B685B6AD2B21A707B685B6A5A1C86
:1053D0007B685A627B685B8D9BB2013B9AB27B68AB
:1053E0005A857B685B8D9BB2002B05D07B681B6C5C
:1053F00043F004027B681A647B681B6C002B03D0AB
:10540000786800F0B7F839E0FB7B2A2B09D17B687C
:1054100000221A637B68282283F83D207868FFF712
:105420000EF87B6893F83D30DBB2282B11D17B68F6
:10543000154ADA627B6800221A637B68202283F8AF
:105440003D207B68002283F83E207868FFF70FF844
:1054500014E07B681B6B222B02D0FB7B222B0DD12F
:105460007B6800221A637B68202283F83D207B68DA
:10547000002283F83E207868FEF7E1FF00BF103776
:10548000BD4680BDD95700080000FFFF80B584B03D
:1054900000AF78607B6893F83D30FB737B68DB6A14
:1054A000BB60BB68082B02D0BB68202B29D1FB7BDB
:1054B000282B26D17B682E4ADA627B681B685A68E3
:1054C0007B681B6822F4E0625A607B681B686FF49B
:1054D00080625A617B681B681A687B681B6822F4CB
:1054E00080621A607B6800221A637B68202283F83E
:1054F0003D207B68002283F83E207868FEF7B7FFE6
:1055000031E0FB7B212B29D17B68194ADA627B6869
:1055100021221A637B68202283F83D207B680022C9
:1055200083F83E207B681B685A687B681B6822F4FE
:10553000E0625A607B681B686FF480625A617B6826
:105540001B681A687B681B6822F480621A6078689E
:10555000FEF72AFD7868FEF768FF04E07B681B68A9
:105560006FF480625A6100BF1037BD4680BD00BF36
:105570000000FFFF80B584B000AF78607B6893F8CF
:105580003D30FB737B6893F83E30BB73BB7B102BC5
:1055900002D0BB7B402B0AD1FB7B222B07D17B683F
:1055A0001B681A687B681B6822F400621A60FB7B28
:1055B00003F02803282B07D17B6800221A637B683D
:1055C000282283F83D2015E07B681B685B6803F4A4
:1055D0000063B3F5006F0AD0FB7B602B07D07B68BC
:1055E000202283F83D207B68002283F83E207B68E0
:1055F00000221A637B681B685B6803F40063B3F5E1
:10560000006F62D17B681B685A687B681B6822F454
:1056100000625A607B685B6B93F83530DBB2012B1C
:1056200020D07B685B6B6A4A1A657B685B6B1846A7
:10563000FDF7B8FF0346002B00F089807B681B68EC
:105640001A687B681B6822F001021A607B682022BE
:1056500083F83D207B685B6B1B6D7A68526B10464C
:10566000984774E07B689B6B594A1A657B689B6B13
:105670001846FDF797FF0346002B68D07B681B6830
:105680005B6903F04003402B0BD17B681B681A69F0
:105690007B685B6AD2B21A707B685B6A5A1C7B6853
:1056A0005A627B681B681A687B681B6822F00102DB
:1056B0001A607B68202283F83D207B689B6B1B6D02
:1056C0007A68926B1046984741E07B6893F83D30CA
:1056D000DBB2602B25D17B68202283F83D207B68DC
:1056E00000221A647B681B685B6903F04003402B4F
:1056F0000BD17B681B681A697B685B6AD2B21A702F
:105700007B685B6A5A1C7B685A627B681B681A68F4
:105710007B681B6822F001021A607868FEF7CFFEF2
:1057200015E07B681B685B6903F04003402B0BD1DD
:105730007B681B681A697B685B6AD2B21A707B68E7
:105740005B6A5A1C7B685A627868FEF7AEFE7B681B
:105750001B6CBB60BB6803F00103002B0ED1BB6860
:1057600003F00203002B09D1BB6803F00403002BF4
:1057700004D1BB6803F00803002B07D07B681B68CB
:105780005A687B681B6822F4E0625A607B6893F871
:105790003D30FB737B681B6C03F00403042B13D1B7
:1057A000FB7B282B10D17B680A4ADA627B680022D7
:1057B0001A637B68202283F83D207B68002283F8EF
:1057C0003E207868FEF753FE00BF1037BD4680BD0F
:1057D000D95700080000FFFF80B586B000AF7860A1
:1057E0000023FB607B689B6B7B617B6993F83D309A
:1057F000FB744B4B1B68DB084A4AA2FB03231A0AC3
:1058000013469B001344DA00D31AFB60FB68002B9D
:1058100006D17B691B6C43F020027B691A640AE0A5
:10582000FB68013BFB607B691B681B6803F400732A
:10583000B3F5007FEAD07B695B6B002B03D07B69FB
:105840005B6B0022DA637B699B6B002B03D07B6967
:105850009B6B0022DA637B691B681A687B691B6893
:1058600022F480621A607B6900225A857B695B6B37
:10587000002B03D07B695B6B00221A657B699B6BF5
:10588000002B03D07B699B6B00221A657B691B6828
:105890001A687B691B6822F001021A607B6993F821
:1058A0003D30DBB2602B0ED17B69202283F83D2096
:1058B0007B69002283F83E207B6900221A647869A4
:1058C000FEF7FDFD27E0FB7C03F02803282B17D112
:1058D0007B691B681A687B691B6842F001021A60C9
:1058E0007B691B681A687B691B6842F480621A60D6
:1058F0007B6900221A637B69282283F83D2007E038
:105900007B69202283F83D207B69002283F83E20BA
:105910007869FEF7CAFD00BF1837BD4680BD00BFDD
:105920005C00002089B5F81480B485B000AF7860C1
:105930000023FB60134B1B68DB08134AA2FB032305
:105940001A0A13469B001344FB60FB68013BFB6093
:10595000FB68002B07D17B681B6C43F020027B683F
:105960001A64012308E07B681B681B6803F400735A
:10597000B3F5007FE9D0002318461437BD465DF823
:10598000047B70475C00002089B5F81480B483B0B4
:1059900000AF78607B68DB6AB3F52A0F03D17B68C0
:1059A0000122DA6207E07B68DB6AB3F12A4F02D199
:1059B0007B680822DA6200BF0C37BD465DF8047BC5
:1059C000704780B582B000AF78607B68002B01D152
:1059D00001231CE07B685B79DBB2002B05D17B687F
:1059E00000221A71786803F035FD7B6802225A7133
:1059F0007B681B681A687B681B6842F004021A60A7
:105A00007B6801225A717B6800229A600023184645
:105A10000837BD4680BD80B584B000AF78607B6834
:105A2000002B01D1012373E07B685B7FDBB2002B8D
:105A300005D17B6800221A77786803F053FD7B68F4
:105A400002225A777B681B68DB6803F01003102B77
:105A500055D07B681B68CA225A627B681B68532238
:105A60005A62786800F07EF80346FB73FB7B002BDC
:105A70002CD17B681B689B687A68126823F4E0036A
:105A800023F0400393607B681B6899687B685A68C1
:105A90007B681B691A437B685B691A437B681B68D8
:105AA0000A439A607B681B687A68D2681A617B68CF
:105AB0001B6819697B689B681A047B681B680A432A
:105AC0001A61786800F085F80346FB73FB7B002BB6
:105AD00010D17B681B681A6C7B681B6822F48022DB
:105AE0001A647B681B68196C7B689A697B681B6801
:105AF0000A431A647B681B68FF225A6201E0002394
:105B0000FB73FB7B002B02D17B6801225A77FB7B66
:105B100018461037BD4680BD80B584B000AF7860B0
:105B20000023FB607B681B680D4ADA60FEF7ECF827
:105B3000F86009E0FEF7E8F80246FB68D31AB3F50F
:105B40007A7F01D9032307E07B681B68DB6803F0D9
:105B50002003002BEED0002318461037BD4680BD31
:105B60005F7F010080B584B000AF78600023BB6028
:105B70000023FB737B681B68DB6803F04003002B8A
:105B800022D17B681B68DA687B681B6842F0800260
:105B9000DA60FEF7B9F8B8600CE0FEF7B5F8024637
:105BA000BB68D31AB3F57A7F04D97B6804225A778D
:105BB0000123FB737B681B68DB6803F04003002B49
:105BC00002D1FB7B012BE8D1FB7B18461037BD4689
:105BD00080BD80B584B000AF78600023FB737B6824
:105BE0001B68DA687B681B6822F08002DA607B68D9
:105BF0001B689B6803F02003002B0AD17868FFF72D
:105C00008BFF0346002B04D07B6804225A770123C4
:105C1000FB73FB7B18461037BD4680BD80B582B054
:105C200000AF78607B68002B01D101237BE07B68AB
:105C30005B6A002B08D17B685B68B3F5827F09D073
:105C40007B680022DA6105E07B6800221A617B68CC
:105C500000225A617B6800229A627B6893F8513077
:105C6000DBB2002B06D17B68002283F850207868D5
:105C700003F098FC7B68022283F851207B681B6844
:105C80001A687B681B6822F040021A607B685B68B8
:105C900003F482727B689B6803F404431A437B68B5
:105CA000DB6803F400631A437B681B6903F002039B
:105CB0001A437B685B6903F001031A437B689B69A5
:105CC00003F400731A437B68DB6903F038031A435B
:105CD0007B681B6A03F0800342EA03017B689B6ACE
:105CE00003F400527B681B680A431A607B689B6957
:105CF0001B0C03F004017B685B6A03F010027B68F5
:105D00001B680A435A607B681B68DA697B681B68FA
:105D100022F40062DA617B6800225A657B68012206
:105D200083F85120002318460837BD4680BD80B552
:105D30008AB000AFF860B9607A607B8001237B6233
:105D4000FDF7E2FF3862FB6893F85130FB77FB68A0
:105D50005B68BB617B88FB82FB7F012B0CD0BB693E
:105D6000B3F5827F06D1FB689B68002B02D1FB7FD5
:105D7000042B01D002237FE1BB68002B05D07B6898
:105D8000002B02D07B88002B01D1012374E1FB683A
:105D900093F85030012B01D102236DE1FB68012201
:105DA00083F85020FB6893F85130DBB2042B03D00A
:105DB000FB68052283F85120FB6800225A65FB68C6
:105DC0007A689A63FB687A88DA87FB687A889A87A8
:105DD000FB68BA681A63FB687A88DA86FB687A8897
:105DE0009A86FB6800221A64FB6800225A64FB68EA
:105DF0001B681B6803F04003402B07D0FB681B683F
:105E00001A68FB681B6842F040021A60FB68DB6896
:105E1000B3F5006F7ED1FB685B68002B02D0FB8A74
:105E2000012B6CD1FB681B6B1A88FB681B68DA605E
:105E3000FB681B6B9A1CFB681A63FB68DB8E9BB2CA
:105E4000013B9AB2FB68DA8659E0FB681B689B68E5
:105E500003F00203022B1BD1FB68DB8E9BB2002BED
:105E600016D07B6A012B13D1FB681B6B1A88FB6869
:105E70001B68DA60FB681B6B9A1CFB681A63FB6883
:105E8000DB8E9BB2013B9AB2FB68DA8600237B6211
:105E9000FB681B689B6803F00103012B19D1FB68A9
:105EA000DB8F9BB2002B14D0FB681B68DA68FB68A1
:105EB0009B6B92B21A80FB689B6B9A1CFB689A637F
:105EC000FB68DB8F9BB2013B9AB2FB68DA87012348
:105ED0007B62FDF719FF02463B6AD31A3A6B9A427E
:105EE0000DD83B6BB3F1FF3F09D0FB68012283F86B
:105EF0005120FB68002283F850200323BCE0FB689C
:105F0000DB8E9BB2002BA0D1FB68DB8F9BB2002BFA
:105F10009BD182E0FB685B68002B02D0FB8A012BDF
:105F200071D1FB681A6BFB681B680C3312781A700E
:105F3000FB681B6B5A1CFB681A63FB68DB8E9BB209
:105F4000013B9AB2FB68DA865DE0FB681B689B68E0
:105F500003F00203022B1CD1FB68DB8E9BB2002BEB
:105F600017D07B6A012B14D1FB681A6BFB681B6886
:105F70000C3312781A70FB681B6B5A1CFB681A638F
:105F8000FB68DB8E9BB2013B9AB2FB68DA8600238A
:105F90007B62FB681B689B6803F00103012B19D12E
:105FA000FB68DB8F9BB2002B14D0FB681B68DA68A0
:105FB000FB689B6BD2B21A70FB689B6B5A1CFB6828
:105FC0009A63FB68DB8F9BB2013B9AB2FB68DA876E
:105FD00001237B62FDF798FE02463B6AD31A3A6BB7
:105FE0009A4203D83B6BB3F1FF3F02D13B6B002BCE
:105FF00009D1FB68012283F85120FB68002283F855
:106000005020032338E0FB68DB8E9BB2002B9CD131
:10601000FB68DB8F9BB2002B97D13A6A396BF8682B
:1060200000F0D4F90346002B08D0FB6820225A6503
:10603000FB68002283F8502001231DE0FB689B6869
:10604000002B0AD100233B61FB681B68DB683B61C6
:10605000FB681B689B683B613B69FB68012283F816
:106060005120FB68002283F85020FB685B6D002BF9
:1060700001D0012300E0002318462837BD4680BD2B
:1060800080B588B000AF78607B681B685B68FB6197
:106090007B681B689B68BB61BB699B0903F00103BC
:1060A000002B0FD1BB6903F00103002B0AD0FB6961
:1060B0009B0903F00103002B04D07B681B6C7868FC
:1060C0009847D7E0BB695B0803F00103002B0AD0B7
:1060D000FB69DB0903F00103002B04D07B685B6CD8
:1060E00078689847C6E0BB695B0903F00103002BA1
:1060F0000CD1BB699B0903F00103002B06D1BB69DE
:106100001B0A03F00103002B00F0B480FB695B095C
:1061100003F00103002B00F0AD80BB699B0903F085
:106120000103002B23D07B6893F85130DBB2032BA3
:1061300011D07B685B6D43F004027B685A650023D5
:106140007B617B681B68DB687B617B681B689B6885
:106150007B617B690BE000233B617B681B68DB682C
:106160003B617B681B689B683B613B6982E0BB6964
:106170005B0903F00103002B14D07B685B6D43F0D7
:1061800001027B685A650023FB607B681B689B6883
:10619000FB607B681B681A687B681B6822F0400202
:1061A0001A60FB68BB691B0A03F00103002B0CD0CB
:1061B0007B685B6D43F008027B685A650023BB6017
:1061C0007B681B689B68BB60BB687B685B6D002B52
:1061D0004FD07B681B685A687B681B6822F0E0021E
:1061E0005A607B68012283F85120FB6903F00203A7
:1061F000002B04D1FB6903F00103002B34D07B6832
:106200001B685A687B681B6822F003025A607B682F
:10621000DB6C002B11D07B68DB6C184A1A657B683D
:10622000DB6C1846FDF7BEF90346002B05D07B68F2
:106230005B6D43F040027B685A657B689B6C002B6A
:1062400016D07B689B6C0D4A1A657B689B6C184660
:10625000FDF7A8F90346002B0AD07B685B6D43F07D
:1062600040027B685A6503E0786800F009F800E0B6
:1062700000BF00BF2037BD4680BD00BF956200084B
:1062800080B483B000AF786000BF0C37BD465DF8C6
:10629000047B704780B584B000AF78607B689B6BEF
:1062A000FB60FB680022DA87FB680022DA86F86868
:1062B000FFF7E6FF00BF1037BD4680BD80B588B050
:1062C00000AFF860B9603B601346FB71FDF71CFD41
:1062D0000246BB6A9B1A3A681344FB61FDF714FD42
:1062E000B861394B1B685B011B0DFA6902FB03F3B4
:1062F0007B6155E03B68B3F1FF3F51D0FDF704FDF2
:106300000246BB69D31AFA699A4202D9FB69002B8B
:106310003DD1FB681B685A68FB681B6822F0E002ED
:106320005A60FB685B68B3F5827F11D1FB689B689C
:10633000B3F5004F04D0FB689B68B3F5806F07D1BD
:10634000FB681B681A68FB681B6822F040021A6031
:10635000FB689B6AB3F5005F0FD1FB681B681A6886
:10636000FB681B6822F400521A60FB681B681A68FD
:10637000FB681B6842F400521A60FB68012283F834
:106380005120FB68002283F85020032318E07B692A
:10639000002B02D10023FB6102E07B69013B7B61A2
:1063A000FB681B689A68BB681340BA689A420CBFC6
:1063B00001230023DBB21A46FB799A429AD10023CB
:1063C00018462037BD4680BD5C00002080B588B0EF
:1063D00002AFF860B9607A607B680093BB68012205
:1063E0000221F868FFF76AFF0346002B07D0FB681D
:1063F0005B6D43F02002FB685A65032332E01B4BC0
:106400001B681B4AA2FB03235B0D4FF47A7202FB4D
:1064100003F37B61FB685B68B3F5827F12D17B6815
:106420000093BB6800228021F868FFF747FF03460E
:10643000002B16D0FB685B6D43F02002FB685A65A9
:1064400003230FE07B69002B0AD07B69013B7B6152
:10645000FB681B689B6803F08003802BF2D000E090
:1064600000BF002318461837BD4680BD5C000020E1
:10647000819F5E1680B582B000AF78607B68002B8C
:1064800001D1012342E07B6893F84130DBB2002B5D
:1064900006D17B68002283F84020786803F086FBF1
:1064A0007B68242283F841207B681B68DA687B685C
:1064B0001B6822F40052DA60786800F0B3FE7B6853
:1064C0001B681A697B681B6822F490421A617B681A
:1064D0001B685A697B681B6822F02A025A617B6834
:1064E0001B68DA687B681B6842F40052DA607B68DC
:1064F00000225A647B68202283F841207B68202296
:1065000083F842207B6800225A630023184608372C
:10651000BD4680BD80B58CB000AFF860B960134651
:10652000FB80FB6893F84230DBB2202B46D1BB687E
:10653000002B02D0FB88002B01D101233FE0FB6838
:1065400001221A63FB6800225A63FB881A46B96865
:10655000F86800F0FFFB034687F82F30FB681B6BE1
:10656000012B25D100233B61FB681B681B683B6145
:10657000FB681B685B683B613B69FB681B680C330D
:10658000BB61BB6953E8003F7B617B6943F010034B
:10659000BB62FB681B680C33BA6A7A623B62396A79
:1065A0007A6A41E80023FB61FB69002BE5D102E038
:1065B000012387F82F3097F82F3000E00223184688
:1065C0003037BD4680BD000080B5BAB000AF7860FE
:1065D0007B681B681B68C7F8E4307B681B68DB6856
:1065E000C7F8E0307B681B685B69C7F8DC300023C4
:1065F000C7F8D8300023C7F8D430D7F8E43003F018
:106600000F03C7F8D830D7F8D830002B0FD1D7F800
:10661000E43003F02003002B09D0D7F8E03003F07A
:106620002003002B03D0786800F03EFD73E2D7F81A
:10663000D830002B00F0DE80D7F8DC3003F0010307
:10664000002B06D1D7F8E03003F49073002B00F054
:10665000D180D7F8E43003F00103002B0BD0D7F83A
:10666000E03003F48073002B05D07B685B6C43F053
:1066700001027B685A64D7F8E43003F00403002B6E
:106680000BD0D7F8DC3003F00103002B05D07B687A
:106690005B6C43F002027B685A64D7F8E43003F085
:1066A0000203002B0BD0D7F8DC3003F00103002BE2
:1066B00005D07B685B6C43F004027B685A64D7F8B2
:1066C000E43003F00803002B11D0D7F8E03003F0DA
:1066D0002003002B05D1D7F8DC3003F00103002B99
:1066E00005D07B685B6C43F008027B685A647B686A
:1066F0005B6C002B00F00A82D7F8E43003F0200333
:10670000002B08D0D7F8E03003F02003002B02D094
:10671000786800F0C9FC7B681B685B6903F0400384
:10672000402B0CBF01230023DBB2C7F8D4307B68B9
:106730005B6C03F00803002B03D1D7F8D430002B97
:106740004FD0786800F0D4FB7B681B685B6903F06E
:106750004003402B41D17B681B681433C7F89C3041
:10676000D7F89C3053E8003FC7F89830D7F89830F6
:1067700023F04003C7F8D0307B681B681433D7F888
:10678000D020C7F8A820C7F8A430D7F8A410D7F8AD
:10679000A82041E80023C7F8A030D7F8A030002B8C
:1067A000D9D17B68DB6B002B13D07B68DB6B8A4A0B
:1067B0001A657B68DB6B1846FCF7F4FE0346002B7A
:1067C00016D07B68DB6B1B6D7A68D26B10469847DE
:1067D0000EE0786804F014F90AE0786804F010F923
:1067E00006E0786804F00CF97B6800225A648DE1B9
:1067F00000BF8BE17B681B6B012B40F06781D7F8F2
:10680000E43003F01003002B00F06081D7F8E03093
:1068100003F01003002B00F059810023BB607B685C
:106820001B681B68BB607B681B685B68BB60BB68E0
:106830007B681B685B6903F04003402B40F0CE800F
:106840007B68DB6B1B685B68A7F8BE30B7F8BE30AF
:10685000002B00F0A9807B689B8DB7F8BE209A4280
:1068600080F0A2807B68B7F8BE20DA857B68DB6B9E
:10687000DB69B3F5807F00F088807B681B680C3390
:10688000C7F88830D7F8883053E8003FC7F884301D
:10689000D7F8843023F48073C7F8B8307B681B685E
:1068A0000C33D7F8B820C7F89420C7F89030D7F841
:1068B0009010D7F8942041E80023C7F88C30D7F81F
:1068C0008C30002BD9D17B681B6814337B677B6FBE
:1068D00053E8003F3B673B6F23F00103C7F8B43038
:1068E0007B681B681433D7F8B420C7F88020FB6797
:1068F000F96FD7F8802041E80023BB67BB6F002BFE
:10690000E1D17B681B6814333B663B6E53E8003F64
:10691000FB65FB6D23F04003C7F8B0307B681B6854
:106920001433D7F8B020FA66BB66B96EFA6E41E848
:1069300000237B667B6E002BE3D17B68202283F8EB
:1069400042207B6800221A637B681B680C33FB645F
:10695000FB6C53E8003FBB64BB6C23F01003C7F82B
:10696000AC307B681B680C33D7F8AC20BA657B650C
:10697000796DBA6D41E800233B653B6D002BE3D197
:106980007B68DB6B1846FCF79DFD7B6802225A632F
:106990007B689A8D7B68DB8D9BB2D31A9BB21946BC
:1069A000786803F0C9FFB3E07B689B8DB7F8BE2021
:1069B0009A4240F0AD807B68DB6BDB69B3F5807F8A
:1069C00040F0A6807B6802225A637B689B8D194643
:1069D000786803F0B1FF9BE0B76F00087B689A8D81
:1069E0007B68DB8D9BB2D31AA7F8CE307B68DB8D3A
:1069F0009BB2002B00F08E80B7F8CE30002B00F059
:106A000089807B681B680C33BB63BB6B53E8003F1A
:106A10007B637B6B23F49073C7F8C8307B681B687B
:106A20000C33D7F8C8207A643B64396C7A6C41E83F
:106A30000023FB63FB6B002BE3D17B681B681433E3
:106A40007B627B6A53E8003F3B623B6A23F00103B1
:106A5000C7F8C4307B681B681433D7F8C4203A6386
:106A6000FB62F96A3A6B41E80023BB62BB6A002B08
:106A7000E3D17B68202283F842207B6800221A63DE
:106A80007B681B680C333B613B6953E8003FFB604C
:106A9000FB6823F01003C7F8C0307B681B680C3319
:106AA000D7F8C020FA61BB61B969FA6941E80023EF
:106AB0007B617B69002BE3D17B6802225A63B7F8C4
:106AC000CE301946786803F037FF23E0D7F8E4307A
:106AD00003F08003002B09D0D7F8E03003F08003E7
:106AE000002B03D0786800F077FA14E0D7F8E43090
:106AF00003F04003002B0ED0D7F8E03003F0400342
:106B0000002B08D0786800F0B7FA04E000BF02E07C
:106B100000BF00E000BFE837BD4680BD80B483B051
:106B200000AF786000BF0C37BD465DF8047B70474E
:106B300080B483B000AF786000BF0C37BD465DF80D
:106B4000047B704780B483B000AF786000BF0C371F
:106B5000BD465DF8047B704780B59CB000AF78609F
:106B60007B689B6BFB667B681B681B6803F4807308
:106B7000002B72D1FB6E0022DA85FB6E1B680C3392
:106B8000FB64FB6C53E8003FBB64BB6C23F4807375
:106B9000BB66FB6E1B680C33BA6EBA657B65796D9C
:106BA000BA6D41E800233B653B6D002BE5D1FB6EE0
:106BB0001B681433BB63BB6B53E8003F7B637B6B89
:106BC00023F001037B66FB6E1B6814337A6E7A64D4
:106BD0003B64396C7A6C41E80023FB63FB6B002B50
:106BE000E5D1FB6E1B6814337B627B6A53E8003F80
:106BF0003B623B6A23F040033B66FB6E1B68143329
:106C00003A6E3A63FB62F96A3A6B41E80023BB6271
:106C1000BB6A002BE5D1FB6E202283F84220FB6E7D
:106C20001B6B012B19D1FB6E1B680C333B613B695D
:106C300053E8003FFB60FB6823F01003FB65FB6E2D
:106C40001B680C33FA6DFA61BB61B969FA6941E8F6
:106C500000237B617B69002BE5D1FB6E00225A6328
:106C6000FB6E1B6B012B06D1FB6E9B8D1946F86EDC
:106C700003F062FE02E0F86EFFF75AFF00BF7037C4
:106C8000BD4680BD80B584B000AF78607B689B6BEB
:106C9000FB60FB6801225A63FB681B6B012B08D168
:106CA000FB689B8D5B089BB21946F86803F044FEB5
:106CB00002E0F868FFF746FF00BF1037BD4680BD11
:106CC00080B584B000AF78600023FB607B689B6B6D
:106CD000BB60BB681B685B6903F08003802B0CBF43
:106CE00001230023DBB2FB60BB6893F84130DBB2C9
:106CF000212B08D1FB68002B05D0BB680022DA8469
:106D0000B86800F0CDF8BB681B685B6903F040030E
:106D1000402B0CBF01230023DBB2FB60BB6893F860
:106D20004230DBB2222B08D1FB68002B05D0BB68B8
:106D30000022DA85B86800F0DBF8BB685B6C43F0D2
:106D40001002BB685A64B86803F05AFE00BF1037DF
:106D5000BD4680BD80B598B000AFF860B9601346FD
:106D6000FB80BA68FB689A62FB68FA889A85FB68C0
:106D700000225A64FB68222283F84220FB68DB6B06
:106D8000444ADA63FB68DB6B434A1A64FB68DB6BDB
:106D9000424ADA64FB68DB6B00221A6507F10803DC
:106DA000FB65FB68D86BFB681B6804331946FB6DF9
:106DB0001A68FB88FCF72EFB0346002B08D0FB6803
:106DC00010225A64FB68202283F8422001235DE0F0
:106DD00000233B61FB681B681B683B61FB681B6809
:106DE0005B683B613B69FB681B69002B19D0FB6842
:106DF0001B680C333B643B6C53E8003FFB63FB6B4D
:106E000043F48073BB65FB681B680C33BA6DFA648E
:106E1000BB64B96CFA6C41E800237B647B6C002B8B
:106E2000E5D1FB681B681433FB62FB6A53E8003F43
:106E3000BB62BB6A43F001037B65FB681B681433CC
:106E40007A6DBA637B63796BBA6B41E800233B636D
:106E50003B6B002BE5D1FB681B681433BB61BB693E
:106E600053E8003F7B617B6943F040033B65FB686F
:106E70001B6814333A6D7A623B62396A7A6A41E878
:106E80000023FB61FB69002BE5D100231846603726
:106E9000BD4680BD596B0008856C0008C16C0008B8
:106EA00080B489B000AF78607B681B680C33FB60EE
:106EB000FB6853E8003FBB60BB6823F0C003FB6185
:106EC0007B681B680C33FA69BA617B617969BA69BE
:106ED00041E800233B613B69002BE5D17B68202220
:106EE00083F8412000BF2437BD465DF8047B70471E
:106EF00080B495B000AF78607B681B680C337B630F
:106F00007B6B53E8003F3B633B6B23F49073FB6464
:106F10007B681B680C33FA6C3A64FB63F96B3A6C60
:106F200041E80023BB63BB6B002BE5D17B681B688A
:106F300014333B623B6A53E8003FFB61FB6923F07B
:106F40000103BB647B681B681433BA6CFA62BB62D2
:106F5000B96AFA6A41E800237B627B6A002BE5D1BB
:106F60007B681B6B012B19D17B681B680C33FB60A2
:106F7000FB6853E8003FBB60BB6823F010037B64F1
:106F80007B681B680C337A6CBA617B617969BA697A
:106F900041E800233B613B69002BE5D17B6820225F
:106FA00083F842207B6800221A6300BF5437BD4635
:106FB0005DF8047B704780B584B000AF78607B6873
:106FC0009B6BFB60FB680022DA85F86803F018FD14
:106FD00000BF1037BD4680BD80B485B000AF78607B
:106FE0007B6893F84130DBB2212B3ED17B689B68F4
:106FF000B3F5805F14D17B681B69002B10D17B68CF
:107000001B6AFB60FB681B881A467B681B68C2F31F
:1070100008025A607B681B6A9A1C7B681A6208E047
:107020007B681B6A591C7A6811621A787B681B6836
:107030005A607B68DB8C9BB2013B9BB27A68194635
:10704000D184002B0FD17B681B68DA687B681B68D2
:1070500022F08002DA607B681B68DA687B681B6854
:1070600042F04002DA60002300E0022318461437A1
:10707000BD465DF8047B704780B582B000AF786094
:107080007B681B68DA687B681B6822F04002DA6064
:107090007B68202283F841207868FFF73FFD0023BA
:1070A00018460837BD4680BD80B58CB000AF78600B
:1070B0000023FB620023BB627B6893F84230DBB2A3
:1070C000222B40F0AA807B689B68B3F5805F15D1C6
:1070D0007B681B69002B11D17B689B6ABB627B6854
:1070E0001B685B689BB2C3F308039AB2BB6A1A8041
:1070F0007B689B6A9A1C7B689A6224E07B689B6A27
:10710000FB627B689B68B3F5805F07D07B689B68F8
:10711000002B0AD17B681B69002B06D17B681B689A
:107120005B68DAB2FB6A1A7008E07B681B685B6810
:10713000DBB203F07F03DAB2FB6A1A707B689B6AEA
:107140005A1C7B689A627B68DB8D9BB2013B9BB2C9
:107150007A681946D185002B5DD17B681B68DA6897
:107160007B681B6822F02002DA607B681B68DA68A3
:107170007B681B6822F48072DA607B681B685A693E
:107180007B681B6822F001025A617B68202283F829
:1071900042207B6800225A637B681B6B012B35D130
:1071A0007B6800221A637B681B680C337B617B69F8
:1071B00053E8003F3B613B6923F010037B627B682F
:1071C0001B680C337A6A3A62FB61F9693A6A41E8F2
:1071D0000023BB61BB69002BE5D17B681B681B6882
:1071E00003F01003102B0AD10023FB607B681B689F
:1071F0001B68FB607B681B685B68FB60FB687B68E7
:107200009B8D1946786803F097FB02E07868FFF7DA
:107210008FFC002302E0002300E0022318463037F1
:10722000BD4680BD2DE9B04FC0B000AFC7F8F40037
:10723000D7F8F4301B681B6923F44050D7F8F430BA
:10724000D968D7F8F4301A6840EA01031361D7F817
:10725000F4309A68D7F8F4301B691A43D7F8F43041
:107260005B691A43D7F8F430DB691343C7F8F83089
:10727000D7F8F4301B68DB6823F4164121F00C01C9
:10728000D7F8F4301A68D7F8F8300B43D360D7F842
:10729000F4301B685B6923F44070D7F8F4309969C7
:1072A000D7F8F4301A6840EA01035361D7F8F43094
:1072B0001A688F4B9A4205D0D7F8F4301A688D4B74
:1072C0009A4204D1FBF76EFBC7F8FC0003E0FBF722
:1072D00055FBC7F8FC00D7F8F430DB69B3F5004F75
:1072E00040F00C81D7F8FC300022C7F8E830C7F82E
:1072F000EC20D7E93A4522462B469118B9655B4107
:10730000FB65D7E91623214612EB0108294643EB1A
:1073100001094FF000024FF000034FEAC90343EAAE
:1073200058734FEAC80290469946234618EB030368
:10733000C7F8E0302B4649EB0303C7F8E430D7F831
:10734000F4305B680022C7F8D830C7F8DC20D7E9F2
:1073500036120B46DB183B65134642EB03037B6595
:10736000D7E91423D7E93801F8F732FF02460B4674
:10737000614BA3FB02235B091C01D7F8FC30002200
:10738000C7F8D030C7F8D420D7E9348942464B46F5
:107390009118B9645B41FB64D7E91223414612EBB3
:1073A000010A494643EB010B4FF000024FF0000386
:1073B0004FEACB0343EA5A734FEACA0292469B460E
:1073C00043461AEB0303C7F8C8304B464BEB0303A5
:1073D000C7F8CC30D7F8F4305B680022C7F8C0306B
:1073E000C7F8C420D7E930120B46DB183B641346BC
:1073F00042EB03037B64D7E91023D7E93201F8F7A6
:10740000E7FE02460B4611463B4BA3FB01235B09FB
:10741000642202FB03F3CB1ADB0003F13202364B8A
:10742000A3FB02235B095B0003F4F8731C44D7F849
:10743000FC300022C7F8B830C7F8BC20D7E92E8945
:1074400042464B469118B9635B41FB63D7E90E2373
:1074500041465118396349464B417B634FF0000266
:107460004FF00003D7E90CAB5946CB00514643EA35
:1074700051735146CA0010461946034642469B18AE
:10748000C7F8B0304B460A4642EB0303C7F8B430A6
:10749000D7F8F4305B680022C7F8A830C7F8AC20F2
:1074A000D7E92A120B46DB18BB62134642EB0303F3
:1074B000FB62D7E90A23D7E92C01F8F789FE0246D7
:1074C0000B460D4BA3FB02135B09642101FB03F385
:1074D000D31ADB003233084AA2FB03235B0903F013
:1074E0000702D7F8F4301B6822449A6006E100BF17
:1074F00000100140001401401F85EB51D7F8FC300B
:107500000022C7F8A030C7F8A420D7E9288942464E
:107510004B46911839625B417B62D7E908234146AB
:107520005418494643EB01054FF000024FF00003A9
:10753000EB0043EA5473E20014461D464346E31849
:10754000C7F898304B4645EB0303C7F89C30D7F893
:10755000F4305B680022C7F89030C7F894204FF0F1
:1075600000024FF00003D7E9244529468B0021464D
:1075700043EA917321468A00D7E92601F8F728FEED
:1075800002460B46604BA3FB02235B091C01D7F8A4
:10759000FC300022C7F88830C7F88C20D7E9228950
:1075A00042464B469118B9615B41FB61D7E906231E
:1075B00041465118396149464B417B614FF0000209
:1075C0004FF00003D7E904AB5946CB00514643EADC
:1075D00051735146CA0010461946034642469B184D
:1075E000C7F880304B460A4642EB0303C7F88430A5
:1075F000D7F8F4305B680022BB67FA674FF00002EF
:107600004FF00003D7E91E8949468B00414643EA03
:10761000917341468A00D7E92001F8F7D9FD024667
:107620000B461146384BA3FB01235B09642202FB86
:1076300003F3CB1A1B013233334AA2FB03235B094A
:1076400003F0F0031C44D7F8FC3000223B677A6754
:10765000D7E91C8942464B469118B9605B41FB60F3
:10766000D7E9022341465118396049464B417B60B6
:107670004FF000024FF00003D7E900AB5946CB00B2
:10768000514643EA51735146CA0010461946034613
:1076900042469B18BB664B460A4642EB0303FB6619
:1076A000D7F8F4305B6800223B667A664FF0000240
:1076B0004FF00003D7E9188949468B00414643EA59
:1076C000917341468A00D7E91A01F8F781FD024615
:1076D0000B460D4BA3FB02135B09642101FB03F373
:1076E000D31A1B013233084AA2FB03235B0903F0C0
:1076F0000F02D7F8F4301B6822449A6000BF07F5E8
:107700008077BD46BDE8B08F1F85EB5180B483B054
:1077100000AF78607B6803F108027B685A607B6881
:107720004FF0FF329A607B6803F108027B68DA60F1
:107730007B6803F108027B681A617B6800221A608B
:1077400000BF0C37BD465DF8047B704780B483B042
:1077500000AF78607B6800221A6100BF0C37BD461D
:107760005DF8047B704780B485B000AF7860396005
:107770007B685B68FB603B68FA685A60FB689A68E4
:107780003B689A60FB689B683A685A60FB683A6895
:107790009A603B687A681A617B681B685A1C7B6830
:1077A0001A6000BF1437BD465DF8047B704780B493
:1077B00085B000AF786039603B681B68BB60BB6810
:1077C000B3F1FF3F03D17B681B69FB600CE07B6872
:1077D0000833FB6002E0FB685B68FB60FB685B688A
:1077E0001B68BA689A42F6D2FB685A683B685A60CE
:1077F0003B685B683A689A603B68FA689A60FB6825
:107800003A685A603B687A681A617B681B685A1C40
:107810007B681A6000BF1437BD465DF8047B704773
:1078200080B485B000AF78607B681B69FB607B68C3
:107830005B687A6892689A607B689B687A6852682D
:107840005A60FB685B687A689A4203D17B689A68E1
:10785000FB685A607B6800221A61FB681B685A1E2D
:10786000FB681A60FB681B6818461437BD465DF854
:10787000047B704780B58EB004AFF860B9607A6061
:107880003B607B6B002B0BD14FF0500383F31188CF
:10789000BFF36F8FBFF34F8F3B6200BF00BFFDE7A9
:1078A000BB6B002B0BD14FF0500383F31188BFF358
:1078B0006F8FBFF34F8FFB6100BF00BFFDE7542305
:1078C0003B613B69542B0BD04FF0500383F311887D
:1078D000BFF36F8FBFF34F8FBB6100BF00BFFDE7EA
:1078E0003B69BB6B002B1ED07B6B002B1BD0BB6B93
:1078F0007B627B6A7A6B1A637B6A022283F851206F
:10790000002303937B6A029307F1140301933B6BFB
:1079100000933B687A68B968F86800F050F8786AB4
:1079200000F0D6F801E000237B617B691846283718
:10793000BD4680BD80B58CB004AFF860B9603B60D7
:107940001346FB80FB889B00184600F041FD7861E0
:107950007B69002B0ED0542000F03AFDF861FB69E2
:10796000002B03D0FB697A691A6305E0786900F09F
:10797000FDFD01E00023FB61FB69002B17D0FB69D3
:10798000002283F85120FA8800230393FB690293B5
:10799000FB6A0193BB6A00933B68B968F86800F022
:1079A0000EF8F86900F094F80123BB6102E04FF093
:1079B000FF33BB61BB6918462037BD4680BD80B52B
:1079C00088B000AFF860B9607A603B603B6B1A6BBF
:1079D0007B6803F18043013B9B001344BB61BB699F
:1079E00023F00703BB61BB6903F00703002B0BD037
:1079F0004FF0500383F31188BFF36F8FBFF34F8FA6
:107A00007B6100BF00BFFDE7BB68002B1FD00023D8
:107A1000FB6112E0BA68FB69134419783A6BFB69A1
:107A2000134434330A461A70BA68FB6913441B784E
:107A3000002B06D0FB690133FB61FB690F2BE9D9F1
:107A400000E000BF3B6B002283F8432003E03B6B68
:107A5000002283F83420BB6A062B01D90623BB62BF
:107A60003B6BBA6ADA623B6BBA6A5A643B6B0022C0
:107A70009A643B6B04331846FFF768FE3B6B183380
:107A80001846FFF763FE3B6B3A6B1A61BB6AC3F1A2
:107A900007023B6B9A613B6B3A6B5A623B6B00226D
:107AA000DA643B6B002283F850203A68F968B869C1
:107AB00000F07CFE02463B6B1A60FB6A002B02D092
:107AC000FB6A3A6B1A6000BF2037BD4680BD0000DC
:107AD00080B582B000AF786000F096FF2A4B1B683B
:107AE0000133294A1360294B1B68002B09D1274A0F
:107AF0007B681360244B1B68012B10D100F0C4FA83
:107B00000DE0234B1B68002B09D1204B1B68DA6A60
:107B10007B68DB6A9A4202D81C4A7B6813601D4B63
:107B20001B6801331B4A13607B68DB6A01229A40A1
:107B3000194B1B681343184A13607B68DA6A1346B3
:107B40009B0013449B00154A1A447B680433194672
:107B50001046FFF708FE00F089FF0D4B1B68002B55
:107B60000ED00A4B1B68DA6A7B68DB6A9A4207D23E
:107B70000B4B4FF080521A60BFF34F8FBFF36F8FE4
:107B800000BF0837BD4680BDFC030020FC0200207A
:107B90000804002018040020040400200003002032
:107BA00004ED00E080B584B000AF78600023FB6096
:107BB0007B68002B18D0144B1B68002B0BD04FF0A8
:107BC000500383F31188BFF36F8FBFF34F8FBB60F8
:107BD00000BF00BFFDE700F07DF80021786800F0ED
:107BE00011FB00F085F8F860FB68002B07D1074B0C
:107BF0004FF080521A60BFF34F8FBFF36F8F00BFFB
:107C00001037BD4680BD00BF2404002004ED00E015
:107C100080B58AB004AF0023BB6000237B603A4686
:107C2000391D07F10803184601F08EF939687B68A1
:107C3000BA68029201930023009300230A461F4969
:107C40001F48FFF717FE03461E4A13601D4B1B68B3
:107C5000002B02D001237B6101E000237B617B6963
:107C6000012B16D14FF0500383F31188BFF36F8FB0
:107C7000BFF34F8F3B6100BF134B4FF0FF321A60D1
:107C8000124B01221A60124B00221A6000F018FEFB
:107C90000FE07B69B3F1FF3F0BD14FF0500383F34B
:107CA0001188BFF36F8FBFF34F8FFB6000BF00BF22
:107CB000FDE700BF1837BD4680BD00BFF83F010893
:107CC00059800008200400201C0400200804002023
:107CD0000004002080B400AF044B1B680133034A4A
:107CE000136000BFBD465DF8047B7047240400208C
:107CF00080B584B000AF0023FB600023BB60424B23
:107D00001B68002B0BD14FF0500383F31188BFF396
:107D10006F8FBFF34F8F3B6000BF00BFFDE700F0E8
:107D200073FE394B1B68013B374A1360364B1B68A7
:107D3000002B61D1354B1B68002B5DD02EE0344BFE
:107D4000DB68DB68FB60FB6818331846FFF768FDEB
:107D5000FB6804331846FFF763FDFB68DB6A01220A
:107D60009A402C4B1B6813432A4A1360FB68DA6A5B
:107D700013469B0013449B00274A1A44FB680433B4
:107D800019461046FFF7EFFCFB68DA6A234B1B68C5
:107D9000DB6A9A4202D3224B01221A601C4B1B68F9
:107DA000002BCCD1FB68002B01D000F00BFA1D4B4F
:107DB0001B687B607B68002B10D000F037F803460F
:107DC000002B02D0164B01221A607B68013B7B60BE
:107DD0007B68002BF1D1134B00221A60104B1B68FB
:107DE000002B09D00123BB600F4B4FF080521A606B
:107DF000BFF34F8FBFF36F8F00F038FEBB6818469C
:107E00001037BD4680BD00BF24040020FC030020C5
:107E1000BC0300200404002000030020FC0200201A
:107E2000100400200C04002004ED00E080B586B0B2
:107E300000AF00237B614F4B1B68002B40F08F800D
:107E40004D4B1B6801333B614B4A3B6913603B69F7
:107E5000002B21D1494B1B681B68002B0BD04FF026
:107E6000500383F31188BFF36F8FBFF34F8F3B60D5
:107E700000BF00BFFDE7414B1B68FB60404B1B6828
:107E80003E4A13603E4AFB6813603E4B1B68013359
:107E90003C4A136000F096F93B4B1B683A699A42E2
:107EA00048D3364B1B681B68002B04D1364B4FF070
:107EB000FF321A603EE0314B1B68DB68DB68BB6059
:107EC000BB685B687B603A697B689A4203D22E4A42
:107ED0007B6813602EE0BB6804331846FFF7A0FCF4
:107EE000BB689B6A002B04D0BB6818331846FFF7A9
:107EF00097FCBB68DB6A01229A40244B1B68134342
:107F0000224A1360BB68DA6A13469B0013449B0045
:107F10001F4A1A44BB68043319461046FFF723FC76
:107F2000BB68DA6A1B4B1B68DB6A9A42B9D3012330
:107F30007B61B6E7174B1B68DA6A154913469B004D
:107F400013449B000B441B68012B01D901237B6167
:107F5000114B1B68002B07D001237B6104E00F4B02
:107F60001B6801330D4A13607B6918461837BD46FC
:107F700080BD00BF2404002000040020B4030020C2
:107F8000B8030020140400201C0400200404002076
:107F900000030020FC020020100400200C0400203C
:107FA00080B487B000AF274B1B68002B03D0264B53
:107FB00001221A6040E0244B00221A60234B1B6808
:107FC000FB60FB68B3FA83F3FB72FB7AC3F11F0318
:107FD0007B611F497A6913469B0013449B000B4445
:107FE0001B68002B0BD14FF0500383F31188BFF3B4
:107FF0006F8FBFF34F8F7B6000BF00BFFDE77A69D3
:1080000013469B0013449B00114A13443B613B6998
:108010005B685A683B695A603B695A683B69083338
:108020009A4204D13B695B685A683B695A603B6974
:108030005B68DB68074A136000BF1C37BD465DF80C
:10804000047B704724040020100400200404002056
:1080500000030020FC02002080B582B000AF7860F1
:1080600000F052F8064B1B68012BF9D9054B4FF075
:1080700080521A60BFF34F8FBFF36F8FF0E700BFDE
:108080000003002004ED00E080B582B000AF0023C3
:108090007B600CE07A6813469B0013449B00124AF5
:1080A00013441846FFF732FB7B6801337B607B6823
:1080B000062BEFD90D48FFF729FB0D48FFF726FBEC
:1080C0000C48FFF723FB0C48FFF720FB0B48FFF79A
:1080D0001DFB0B4B054A1A600A4B054A1A6000BF8C
:1080E0000837BD4680BD00BF000300208C03002080
:1080F000A0030020BC030020D0030020E8030020E0
:10810000B4030020B803002080B582B000AF19E0AE
:1081100000F07AFC104BDB68DB687B607B68043323
:108120001846FFF77DFB0D4B1B68013B0B4A1360A4
:108130000B4B1B68013B0A4A136000F097FC786800
:1081400000F010F8064B1B68002BE1D100BF00BF08
:108150000837BD4680BD00BFD0030020FC030020CF
:10816000E403002080B584B000AF78607B6893F8AA
:108170005130002B08D17B681B6B184600F0F6F9D4
:10818000786800F0F3F919E07B6893F85130012B1F
:1081900003D1786800F0EAF910E07B6893F8513079
:1081A000022B0BD04FF0500383F31188BFF36F8F76
:1081B000BFF34F8FFB6000BF00BFFDE700BF10376C
:1081C000BD4680BD80B483B000AF0C4B1B681B68FC
:1081D000002B04D10A4B4FF0FF321A6008E0074B26
:1081E0001B68DB68DB687B607B685B68044A136044
:1081F00000BF0C37BD465DF8047B7047B403002018
:108200001C04002080B584B000AF78603960294B31
:108210001B68FB60284B1B6804331846FFF700FB04
:108220000346002B0BD1244B1B68DB6A012202FAA8
:1082300003F3DA43214B1B681340204A13607B6829
:10824000B3F1FF3F0AD13B68002B07D01A4B1B68E4
:10825000043319461A48FFF786FA26E0FA687B6865
:108260001344BB60144B1B68BA685A60BA68FB6859
:108270009A4209D2134B1A680F4B1B6804331946F4
:108280001046FFF794FA10E00F4B1A680A4B1B6870
:10829000043319461046FFF78AFA0C4B1B68BA687C
:1082A0009A4202D2094ABB68136000BF1037BD462C
:1082B00080BD00BF00040020FC0200200404002058
:1082C000E8030020B8030020B40300201C040020B1
:1082D00080B485B000AF0346FB800023FB60B7F994
:1082E0000630842B05D0B7F90620FB68134403330E
:1082F000FB60FB6818461437BD465DF8047B704789
:1083000080B500AFFFF784FC0023184680BDF0B5B0
:1083100089B004AF786039607B685B69002B20D03E
:108320007B689B69002B1CD07B685C687B681D6840
:108330007B681E697B68B3F908301846FFF7C8FFF1
:1083400001467B685B697A689269029201930091A9
:108350003B68324629462046FFF78CFA0346FB600D
:108360001CE07B685C687B681D687B681B699EB24B
:108370007B68B3F908301846FFF7AAFF024607F1F9
:108380000C03019300923B68324629462046FFF7D2
:10839000D1FA0346012B01D0002300E0FB68184608
:1083A0001437BD46F0BD80B584B000AF78607B68FF
:1083B000FB60FB68002B01D0FB6800E0012318463E
:1083C000FFF7F0FB002318461037BD4680BD0000C4
:1083D00080B58AB000AF78600023FB61FFF77AFCBC
:1083E0005C4B1B68002B01D100F024F95A4B1A6832
:1083F0007B681340002B40F095807B68002B1ED0DB
:1084000008227B6813447B607B6803F00703002B22
:1084100015D07B6823F0070308337B607B6803F08B
:108420000703002B0BD04FF0500383F31188BFF3E9
:108430006F8FBFF34F8F7B6100BF00BFFDE77B688D
:10844000002B6FD0454B1B687A689A426AD8444B20
:108450003B62434B1B687B6204E07B6A3B627B6A46
:108460001B687B627B6A5B687A689A4203D97B6A85
:108470001B68002BF1D1374B1B687A6A9A4251D0A6
:108480003B6A1B6808221344FB617B6A1A683B6ADB
:108490001A607B6A5A687B68D21A08235B009A428A
:1084A00020D97A6A7B681344BB61BB6903F0070378
:1084B000002B0BD04FF0500383F31188BFF36F8F65
:1084C000BFF34F8F3B6100BF00BFFDE77B6A5A6877
:1084D0007B68D21ABB695A607B6A7A685A60B8694D
:1084E00000F00AF91D4B1A687B6A5B68D31A1B4AB5
:1084F00013601A4B1A681B4B1B689A4203D2174B26
:108500001B68184A13607B6A5A68134B1B681A432E
:108510007B6A5A607B6A00221A60134B1B68013326
:10852000114A1360FFF7E4FBFB6903F00703002B1C
:108530000BD04FF0500383F31188BFF36F8FBFF35D
:108540004F8FFB6000BF00BFFDE7FB69184628376F
:10855000BD4680BD5052002064520020545200207D
:1085600048520020585200205C52002080B586B04E
:1085700000AF78607B687B617B68002B4FD008235D
:108580005B427A6913447B617B693B613B695A6852
:10859000254B1B681340002B0BD14FF0500383F386
:1085A0001188BFF36F8FBFF34F8FFB6000BF00BF19
:1085B000FDE73B691B68002B0BD04FF0500383F3A2
:1085C0001188BFF36F8FBFF34F8FBB6000BF00BF39
:1085D000FDE73B695A68144B1B681340002B1ED003
:1085E0003B691B68002B1AD13B695A680E4B1B680C
:1085F000DB431A403B695A60FFF76CFB3B695A68E2
:108600000A4B1B681344094A1360386900F074F878
:10861000074B1B680133064A1360FFF769FB00BF75
:108620001837BD4680BD00BF645200205452002060
:108630006052002080B485B000AF44F62063BB6078
:10864000274BFB60FB6803F00703002B0CD0FB6893
:108650000733FB60FB6823F00703FB60BA68FB6825
:10866000D31A1F4A1344BB60FB687B601D4A7B68BA
:1086700013601C4B00225A607B68BA681344FB608D
:108680000822FB689B1AFB60FB6823F00703FB6072
:10869000FB68154A1360144B1B6800225A60124B8A
:1086A0001B6800221A607B683B603B68FA68D21A3C
:1086B0003B685A600C4B1A683B681A603B685B6801
:1086C0000A4A13603B685B68094A1360094B4FF024
:1086D00000421A6000BF1437BD465DF8047B704746
:1086E00028040020485200205052002058520020F8
:1086F000545200206452002080B485B000AF7860EE
:10870000284BFB6002E0FB681B68FB60FB681B6892
:108710007A689A42F7D8FB68BB60FB685B68BA6806
:1087200013447A689A4208D1FB685A687B685B6890
:108730001A44FB685A60FB687B607B68BB607B689F
:108740005B68BA681A44FB681B689A4218D1FB68D8
:108750001A68154B1B689A420DD07B685A68FB68F3
:108760001B685B681A447B685A60FB681B681A6860
:108770007B681A6008E00C4B1A687B681A6003E09B
:10878000FB681A687B681A60FA687B689A4202D0B4
:10879000FB687A681A6000BF1437BD465DF8047B39
:1087A000704700BF485200205052002080B485B06E
:1087B00000AFF860B9607A60FB68043BFB60FB685F
:1087C0004FF080721A60FB68043BFB60BB6823F0CB
:1087D0000102FB681A60FB68043BFB600C4AFB6803
:1087E0001A60FB68143BFB607A68FB681A60FB68E0
:1087F000043BFB60FB686FF002021A60FB68203BE1
:10880000FB60FB6818461437BD465DF8047B704773
:108810001588000880B485B000AF00237B60134B3F
:108820001B68B3F1FF3F0BD04FF0500383F3118867
:10883000BFF36F8FBFF34F8FFB6000BF00BFFDE73B
:108840004FF0500383F31188BFF36F8FBFF34F8F47
:10885000BB6000BF00BF7B68002BFCD000BF00BF27
:108860001437BD465DF8047B704700BF68000020E8
:10887000074B19680868B0E8F04F80F30988BFF328
:108880006F8F4FF0000080F311887047AFF30080C6
:10889000FC02002000BF00BF08480068006880F3A9
:1088A00008884FF0000080F3148862B661B6BFF309
:1088B0004F8FBFF36F8F00DF00BF00BF08ED00E0F8
:1088C00080B586B000AF474B1B68474A93420BD137
:1088D0004FF0500383F31188BFF36F8FBFF34F8FB7
:1088E000FB6000BF00BFFDE73E4B1B683F4A934261
:1088F0000BD14FF0500383F31188BFF36F8FBFF399
:108900004F8F3B6100BF00BFFDE7394B7B617B6947
:108910001B78DBB27B607B69FF221A707B691B7856
:10892000DBB2FB70FB78DBB203F05003DAB2314B01
:108930001A70314B07221A6009E02F4B1B68013B6C
:108940002D4A1360FB78DBB25B00DBB2FB70FB7877
:10895000DBB203F08003802BEFD0274B1B68C3F101
:108960000703042B0BD04FF0500383F31188BFF3A0
:108970006F8FBFF34F8FBB6000BF00BFFDE71E4B83
:108980001B681B021C4A13601B4B1B6803F4E0634B
:10899000194A13607B68DAB27B691A70174B1B683F
:1089A000164A43F470031360144B1B68134A43F0D8
:1089B0007043136000F0DAF8114B00221A6000F0E7
:1089C000F9F8104B1B680F4A43F040431360FFF760
:1089D00063FFFFF7E5FAFFF71DFF0023184618377E
:1089E000BD4680BD00ED00E071C20F4170C20F4175
:1089F00000E400E0685200206C52002020ED00E00E
:108A00006800002034EF00E080B483B000AF4FF086
:108A1000500383F31188BFF36F8FBFF34F8F7B60D9
:108A200000BF104B1B6801330E4A13600D4B1B68CF
:108A3000012B10D10C4B1B68DBB2002B0BD04FF07D
:108A4000500383F31188BFF36F8FBFF34F8F3B60E9
:108A500000BF00BFFDE700BF0C37BD465DF8047BDB
:108A6000704700BF6800002004ED00E080B483B0D0
:108A700000AF124B1B68002B0BD14FF0500383F358
:108A80001188BFF36F8FBFF34F8F7B6000BF00BFB4
:108A9000FDE70A4B1B68013B084A1360074B1B6844
:108AA000002B05D100233B603B6883F3118800BF96
:108AB00000BF0C37BD465DF8047B7047680000209E
:108AC000EFF30980BFF36F8F154B1A681EF0100F7C
:108AD00008BF20ED108A20E9F04F10602DE9090051
:108AE0004FF0500080F31188BFF34F8FBFF36F8FAB
:108AF000FFF756FA4FF0000080F3118809BC19689F
:108B00000868B0E8F04F1EF0100F08BFB0EC108AF4
:108B100080F30988BFF36F8F704700BFAFF3008009
:108B2000FC02002000BF00BF80B582B000AF4FF054
:108B3000500383F31188BFF36F8FBFF34F8F7B60B8
:108B400000BFFFF773F90346002B03D0064B4FF02D
:108B500080521A6000233B603B6883F3118800BF9A
:108B600000BF0837BD4680BD04ED00E080B400AF13
:108B70000B4B00221A600B4B00221A600A4B1B6839
:108B80000A4AA2FB03239B09094A013B1360044BD9
:108B900007221A6000BFBD465DF8047B704700BF26
:108BA00010E000E018E000E05C000020D34D62100F
:108BB00014E000E0DFF80C00016841F4700101608E
:108BC000704700BF88ED00E080B500AFFBF766F8A6
:108BD00000F022F800F0A4F800F044FB00F090FF51
:108BE00000F0BAFF00F0B2FD00F056FC00F0EAF928
:108BF00000F01EFA00F01AFC00F09EFC00F042FEAD
:108C000000F054FF00F08CFB08F091F900F0B6F989
:108C1000FFF776FB00BFFDE780B594B000AF07F12A
:108C20002003302200211846F7F7C7FD07F10C0397
:108C300000221A605A609A60DA601A610023BB60F1
:108C4000294B1B6C284A43F080531364264B1B6C42
:108C500003F08053BB60BB6800237B60234B1B6821
:108C6000224A43F480431360204B1B6803F4804383
:108C70007B607B6809233B624FF480337B62012376
:108C80007B630223BB634FF48003FB6306233B64D7
:108C9000A8237B640223BB640723FB6407F1200342
:108CA0001846F9F73BFA0346002B01D000F032F8E2
:108CB0000F23FB6002233B6100237B614FF4A05331
:108CC000BB614FF48053FB6107F10C03052118468B
:108CD000F9F79CFC0346002B01D000F01BF800BF05
:108CE0005037BD4680BD00BF0038024000700040D4
:108CF00080B582B000AF78607B681B68044A9342FD
:108D000001D1FAF7EDFF00BF0837BD4680BD00BFB7
:108D10000020004080B400AF72B600BF00BFFDE786
:108D200080B58EB000AF07F1240300221A605A60AC
:108D30009A60DA601A6100233B627D4B1B6B7C4AB0
:108D400043F0020313637A4B1B6B03F002033B6295
:108D50003B6A0023FB61764B1B6B754A43F0400373
:108D60001363734B1B6B03F04003FB61FB69002330
:108D7000BB616F4B1B6B6E4A43F0010313636C4B7B
:108D80001B6B03F00103BB61BB6900237B61684B74
:108D90001B6B674A43F008031363654B1B6B03F0BF
:108DA00008037B617B6900233B61614B1B6B604A5D
:108DB00043F0040313635E4B1B6B03F004033B613E
:108DC0003B690023FB605A4B1B6B594A43F020035D
:108DD0001363574B1B6B03F02003FB60FB680023FE
:108DE000BB60534B1B6B524A43F080031363504BE1
:108DF0001B6B03F08003BB60BB6800237B604C4BA4
:108E00001B6B4B4A43F010031363494B1B6B03F07E
:108E100010037B607B68002240214648FAF732FA53
:108E200000224FF4C0514448FAF72CFA01221021D5
:108E30004248FAF727FA00224FF470414048FAF707
:108E400021FA012201213E48FAF71CFA40237B62F5
:108E50000123BB620023FB6200233B6307F1240371
:108E600019463448FAF75AF84FF4C0537B6201238D
:108E7000BB620023FB6200233B6307F12403194616
:108E80002D48FAF74BF808237B624FF40413BB62BA
:108E90000123FB6207F1240319462648FAF73EF83E
:108EA00001237B620023BB620023FB6207F12403E2
:108EB00019462248FAF732F810237B620123BB627D
:108EC0000123FB6202233B6307F1240319461B487D
:108ED000FAF724F830237B624FF40413BB620023BB
:108EE000FB6207F1240319461648FAF717F84FF406
:108EF00070437B620123BB620023FB6200233B6360
:108F000007F1240319460E48FAF708F801237B629B
:108F10000123BB620123FB6202233B6307F12403AD
:108F200019460748F9F7FAFF00BF3837BD4680BD3C
:108F30000038024000180240001C024000000240BD
:108F4000000402400008024080B485B000AFF86021
:108F5000B9607A60FB68074A1A60BB68064A1A6003
:108F60007B6880221A6000BF1437BD465DF8047B21
:108F7000704700BF74520020C8520020B0B588B0BE
:108F800000AF0A4B3C1D1D460FCD0FC495E80700EE
:108F900084E807003B1D00211846FFF7B8F9034697
:108FA000034A136000BF2037BD46B0BD0C40010826
:108FB0007052002080B582B000AF78600120FFF7CA
:108FC000F2F9FBE780B500AF174B184A1A60164B51
:108FD00003225A60144B00229A60134B0022DA607D
:108FE000114B4FF410221A610F4B4FF400125A61CB
:108FF0000D4B00221A760C4B00225A760A4B0022A7
:109000009A76094B0022DA76074B00221A77064B34
:1090100000225A770448F8F727FD0346002B01D0B9
:10902000FFF778FE00BF80BDC854002000640040F8
:1090300080B500AF194B1A4A1A60184B03225A60C8
:10904000164B00229A60154B0022DA60134B4FF446
:1090500010221A61114B4FF400125A610F4B00227B
:109060001A760E4B00225A760C4B00229A760B4B46
:109070000022DA76094B00221A77084B00225A7731
:109080000648F8F7F1FC0346002B01D0FFF742FE3B
:1090900002210448F8F7E3FD00BF80BDF054002032
:1090A00000680040C854002080B58EB000AF7860E2
:1090B00007F1240300221A605A609A60DA601A618C
:1090C0007B681B68614A934264D1614B1B68013322
:1090D0005F4A13605E4B1B68012B0DD100233B627E
:1090E0005C4B1B6C5B4A43F000731364594B1B6C65
:1090F00003F000733B623B6A0023FB61554B1B6B23
:10910000544A43F002031363524B1B6B03F00203F8
:10911000FB61FB690023BB614E4B1B6B4D4A43F067
:10912000080313634B4B1B6B03F00803BB61BB6964
:109130004FF400737B620223BB620023FB620323B4
:109140003B6309237B6307F1240319464248F9F77F
:10915000E5FE01237B620223BB620023FB62032343
:109160003B6309237B6307F1240319463B48F9F766
:10917000D5FE002205211420FAF766FD1420FAF727
:109180007FFD002205211520FAF75EFD1520FAF774
:1091900077FD57E07B681B68314A934252D1002328
:1091A0007B612C4B1B6C2B4A43F080631364294B6F
:1091B0001B6C03F080637B617B69254B1B6801336B
:1091C000234A1360224B1B68012B0DD100233B6106
:1091D000204B1B6C1F4A43F0007313641D4B1B6C28
:1091E00003F000733B613B690023FB60194B1B6B71
:1091F000184A43F002031363164B1B6B03F0020380
:10920000FB60FB6860237B620223BB620023FB627E
:1092100003233B6309237B6307F1240319460E48AC
:10922000F9F77CFE002205214020FAF70DFD4020D1
:10923000FAF726FD002205214120FAF705FD41201D
:10924000FAF71EFD00BF3837BD4680BD0064004000
:10925000185500200038024000040240000C024073
:109260000068004080B582B000AF00237B602B4BCC
:109270001B6B2A4A43F480031363284B1B6B03F4D4
:1092800080037B607B6800233B60244B1B6B234A7D
:1092900043F400131363214B1B6B03F400133B6077
:1092A0003B68002205210C20FAF7CEFC0C20FAF7CF
:1092B000E7FC002205213820FAF7C6FC3820FAF72F
:1092C000DFFC002205213920FAF7BEFC3920FAF72D
:1092D000D7FC002205213A20FAF7B6FC3A20FAF72B
:1092E000CFFC002205213B20FAF7AEFC3B20FAF729
:1092F000C7FC002205214520FAF7A6FC4520FAF715
:10930000BFFC002205214620FAF79EFC4620FAF712
:10931000B7FC00BF0837BD4680BD00BF0038024023
:1093200080B500AF124B134A1A60114B124A5A60B3
:109330000F4B00229A600E4B0022DA600C4B4FF468
:1093400080421A610A4B00225A61094B00229A613D
:10935000074B0022DA61064B00221A620448FAF732
:10936000DFFC0346002B01D0FFF7D4FC00BF80BD1B
:109370001C55002000580040A086010080B58AB02E
:1093800000AF786007F1140300221A605A609A60F7
:10939000DA601A617B681B68214A93423BD1002343
:1093A0003B61204B1B6B1F4A43F0200313631D4B93
:1093B0001B6B03F020033B613B6903237B6112239A
:1093C000BB610023FB6103233B6204237B6207F143
:1093D000140319461448F9F7A1FD0023FB60114B53
:1093E0001B6C104A43F4800313640E4B1B6C03F494
:1093F0008003FB60FB68002205212120FAF724FC92
:109400002120FAF73DFC002205212220FAF71CFC5E
:109410002220FAF735FC00BF2837BD4680BD00BFCB
:1094200000580040003802400014024080B500AFF0
:10943000064B074A1A600548FCF7C3FA0346002B9F
:1094400001D0FFF767FC00BF80BD00BF7055002052
:109450000008065080B485B000AF78607B681B6858
:109460000B4A93420DD10023FB600A4B5B6B094A08
:1094700043F040035363074B5B6B03F04003FB6017
:10948000FB6800BF1437BD465DF8047B704700BF22
:10949000000806500038024080B500AF0F4B104A5C
:1094A0001A600E4B00225A600C4B7C229A600B4BC8
:1094B00040F67F42DA60094B00221A61074B002216
:1094C0005A61064B00229A610448FCF7A4FA03464D
:1094D000002B01D0FFF71EFC00BF80BD805500208F
:1094E0000028004080B586B000AF786007F108031F
:1094F00000221A605A609A60DA607B681B680C4A26
:10950000934211D10223BB604FF400737B6107F1DA
:1095100008031846F9F78CFA0346002B01D0FFF731
:10952000F9FB044B01221A6000BF1837BD4680BD0D
:10953000002800403C0E474280B500AF174B184A48
:109540001A60164B4FF482725A60144B00229A60D4
:10955000124B0022DA60114B02221A610F4B0122DA
:109560005A610E4B4FF400729A610C4B1022DA6173
:109570000A4B00221A62094B00225A62074B002252
:109580009A62064B0A22DA620448FCF747FB03465C
:10959000002B01D0FFF7BEFB00BF80BDA05500200F
:1095A0000030014080B58AB000AF786007F1140345
:1095B00000221A605A609A60DA601A617B681B6840
:1095C0005A4A934240F0AE8000233B61584B5B6C9B
:1095D000574A43F480535364554B5B6C03F48053F8
:1095E0003B613B690023FB60514B1B6B504A43F0CE
:1095F000020313634E4B1B6B03F00203FB60FB681B
:109600000023BB604A4B1B6B494A43F001031363C1
:10961000474B1B6B03F00103BB60BB6818237B61E6
:109620000223BB610023FB6103233B6205237B62B2
:1096300007F1140319463F48F9F770FC80237B615A
:109640000223BB610023FB6103233B6205237B6292
:1096500007F1140319463848F9F760FC374B384ACC
:109660001A60364B4FF0C0625A60344B00229A6049
:10967000324B0022DA60314B4FF480621A612F4B7B
:1096800000225A612D4B00229A612C4B0022DA6194
:109690002A4B00221A62294B00225A622748F9F706
:1096A0000BFE0346002B01D0FFF734FB7B68234AF7
:1096B000DA64224A7B689363224B234A1A60214B67
:1096C0004FF0C0625A601F4B40229A601D4B00222F
:1096D000DA601C4B4FF480621A611A4B00225A6107
:1096E000184B00229A61174B0022DA61154B0022B9
:1096F0001A62144B00225A621248F9F7DDFD034644
:10970000002B01D0FFF706FB7B680E4A9A640D4AD6
:109710007B689363002205212320FAF795FA232022
:10972000FAF7AEFA00BF2837BD4680BD00300140D1
:10973000003802400004024000000240F8550020BA
:1097400010640240585600205864024080B592B020
:1097500000AF07F1400300221A605A6007F12403AA
:1097600000221A605A609A60DA601A615A619A613E
:109770003B1D202200211846F7F71FF83F4B404AB7
:109780001A603E4BA7225A603C4B00229A603B4B2A
:1097900044F61F62DA60394B00221A61374B00220F
:1097A0005A61364B00229A613448F7F70DFB0346A5
:1097B000002B01D0FFF7AEFA00233B6400237B644B
:1097C00007F1400319462D48F8F76CF80346002BC3
:1097D00001D0FFF79FFA60237B620023BB62002366
:1097E000FB6200233B6300237B630023BB630023F6
:1097F000FB6307F12403002219462048F7F7ECFC2D
:109800000346002B01D0FFF785FA07F12403042259
:1098100019461A48F7F7E0FC0346002B01D0FFF782
:1098200079FA07F12403082219461448F7F7D4FC03
:109830000346002B01D0FFF76DFA00237B60002365
:10984000BB600023FB6000233B6100237B614FF47E
:109850000053BB6100233B623B1D19460748F8F7E4
:109860009DF80346002B01D0FFF754FA034800F09F
:1098700099F800BF4837BD4680BD00BFB8560020EC
:109880000000014080B58AB000AF07F1200300223C
:109890001A605A603B1D00221A605A609A60DA60B2
:1098A0001A615A619A61214B214A1A601F4B0022AA
:1098B0005A601E4B00229A601C4BF922DA601B4B47
:1098C00000221A61194B00229A611848F7F77CFAB6
:1098D0000346002B01D0FFF71DFA00233B62002353
:1098E0007B6207F1200319461048F7F7DBFF0346B8
:1098F000002B01D0FFF70EFA60237B600023BB60D2
:109900000023FB6000237B613B1D082219460748AA
:10991000F7F762FC0346002B01D0FFF7FBF9034881
:1099200000F040F800BF2837BD4680BD005700203A
:109930000008004080B485B000AF78607B681B6889
:10994000154A93420ED10023FB60144B5B6C134A03
:1099500043F001035364114B5B6C03F00103FB60A4
:10996000FB6812E07B681B680D4A93420DD100230F
:10997000BB600A4B1B6C094A43F004031364074B9A
:109980001B6C03F00403BB60BB6800BF1437BD460B
:109990005DF8047B704700BF0000014000380240C2
:1099A0000008004080B58AB000AF786007F114036A
:1099B00000221A605A609A60DA601A617B681B683C
:1099C000344A93423ED100233B61334B1B6B324AF6
:1099D00043F001031363304B1B6B03F001033B6146
:1099E0003B690023FB602C4B1B6B2B4A43F010039D
:1099F0001363294B1B6B03F01003FB60FB684FF4F0
:109A000080637B610223BB610023FB6100233B6217
:109A100001237B6207F1140319462048F9F77EFA07
:109A20004FF420637B610223BB610023FB610023B1
:109A30003B6201237B6207F1140319461848F9F7CA
:109A40006DFA23E07B681B68164A93421ED10023FF
:109A5000BB60114B1B6B104A43F0020313630E4BA8
:109A60001B6B03F00203BB60BB684FF480737B6128
:109A70000223BB610023FB6100233B6202237B6264
:109A800007F1140319460848F9F748FA00BF2837C8
:109A9000BD4680BD00000140003802400000024089
:109AA00000100240000800400004024080B500AFF2
:109AB000114B124A1A60104B4FF4E1325A600E4BB0
:109AC00000229A600C4B0022DA600B4B00221A61D4
:109AD000094B0C225A61084B00229A61064B002266
:109AE000DA610548FCF7C6FC0346002B01D0FFF7FE
:109AF00011F900BF80BD00BF485700200010014091
:109B000080B500AF114B124A1A60104B114A5A60CF
:109B10000E4B4FF480529A600C4B0022DA600B4BD4
:109B20004FF480621A61094B0C225A61074B0022E4
:109B30009A61064B0022DA610448FCF79BFC03465D
:109B4000002B01D0FFF7E6F800BF80BD9057002042
:109B500000480040A086010080B500AF114B124ABA
:109B60001A60104B4FF4E1325A600E4B00229A609B
:109B70000C4B0022DA600B4B00221A61094B0C22BD
:109B80005A61084B00229A61064B0022DA610548AF
:109B9000FCF770FC0346002B01D0FFF7BBF800BFB9
:109BA00080BD00BFD85700200014014080B58EB0A2
:109BB00000AF786007F1240300221A605A609A60AF
:109BC000DA601A617B681B688F4A934240F0B2806A
:109BD00000233B628D4B5B6C8C4A43F01003536453
:109BE0008A4B5B6C03F010033B623B6A0023FB6112
:109BF000864B1B6B854A43F002031363834B1B6B3D
:109C000003F00203FB61FB690023BB617F4B1B6B0D
:109C10007E4A43F0010313637C4B1B6B03F001038B
:109C2000BB61BB6980237B620223BB620023FB62B2
:109C300003233B6307237B6307F12403194674481E
:109C4000F9F76CF94FF400737B620223BB620023C7
:109C5000FB6203233B6307237B6307F1240319465D
:109C60006C48F9F75BF96C4B6C4A1A606A4B4FF021
:109C700000625A60684B00229A60674B0022DA60EB
:109C8000654B4FF480621A61634B00225A61624B4C
:109C900000229A61604B0022DA615F4B4FF4403240
:109CA0001A625D4B00225A625B48F9F705FB0346D6
:109CB000002B01D0FFF72EF87B68574ADA63564A2B
:109CC0007B689363564B574A1A60554B4FF00062BE
:109CD0005A60534B40229A60514B0022DA60504B3D
:109CE0004FF480621A614E4B00225A614C4B0022A5
:109CF0009A614B4B0022DA61494B4FF440321A62B1
:109D0000474B00225A624648F9F7D6FA0346002B21
:109D100001D0FEF7FFFF7B68414A9A63404A7B68A7
:109D20009363002205212520F9F78EFF2520F9F7FE
:109D3000A7FF18E17B681B683B4A93427CD1002354
:109D40007B61324B1B6C314A43F4802313642F4BED
:109D50001B6C03F480237B617B6900233B612B4BED
:109D60001B6B2A4A43F004031363284B1B6B03F05D
:109D700004033B613B694FF440637B620223BB6297
:109D80000023FB6203233B6307237B6307F1240368
:109D900019462648F9F7C2F8254B264A1A60244B83
:109DA0004FF000625A60224B00229A60204B002242
:109DB000DA601F4B4FF480621A611D4B00225A611A
:109DC0001B4B00229A611A4B0022DA61184B0022C9
:109DD0001A62174B00225A621548F9F76DFA0346CA
:109DE000002B01D0FEF796FF7B68114ADA63104A18
:109DF0007B689363002205212720F9F725FF2720A0
:109E0000F9F73EFFAFE000BF00100140003802400C
:109E1000000402400000024020580020406402403C
:109E200080580020B864024000480040000802400A
:109E3000E0580020286002407B681B684C4A93422F
:109E400040F091800023FB604A4B5B6C494A43F031
:109E500020035364474B5B6C03F02003FB60FB68FB
:109E60000023BB60434B1B6B424A43F04003136328
:109E7000404B1B6B03F04003BB60BB684FF4844353
:109E80007B620223BB620023FB6203233B63082344
:109E90007B6307F1240319463748F9F73FF8374B3E
:109EA000374A1A60354B4FF020625A60334B00221C
:109EB0009A60324B0022DA60304B4FF480621A61B4
:109EC0002E4B00225A612D4B00229A612B4B00220F
:109ED000DA612A4B00221A62284B00225A62274874
:109EE000F9F7EAF90346002B01D0FEF713FF7B6870
:109EF000224ADA63214A7B689363224B224A1A6022
:109F0000204B4FF020625A601E4B40229A601D4B3E
:109F10000022DA601B4B4FF480621A61194B002259
:109F20005A61184B00229A61164B0022DA61154BD8
:109F300000221A62134B00225A621248F9F7BCF948
:109F40000346002B01D0FEF7E5FE7B680D4A9A63BD
:109F50000C4A7B689363002205214720F9F774FEC1
:109F60004720F9F78DFE00BF3837BD4680BD00BFE2
:109F700000140140003802400018024040590020FF
:109F800028640240A0590020A064024080B400AFC1
:109F900000BFFDE780B400AF00BFFDE780B400AFB5
:109FA00000BFFDE780B400AF00BFFDE780B400AFA5
:109FB00000BFFDE780B400AF00BFBD465DF8047B85
:109FC000704780B500AFF8F715FE00BF80BD0000F8
:109FD00080B500AF0248F9F707FB00BF80BD00BFA6
:109FE000E058002080B500AF0248F7F75EFE00BFE2
:109FF00080BD00BFC854002080B500AF0248F7F70D
:10A0000054FE00BF80BD00BFC854002080B500AF23
:10A010000248F9F7DEFF00BF80BD00BF1C550020DD
:10A0200080B500AF0248FAF745F900BF80BD00BF18
:10A030001C55002080B500AF0248FCF721F800BF96
:10A0400080BD00BFA055002080B500AF0248FCF7DE
:10A05000BBFA00BF80BD00BF4857002080B500AFED
:10A060000248FCF7B1FA00BF80BD00BF9057002046
:10A0700080B500AF0248F6F7BFFF00BF80BD00BF4C
:10A08000005A002080B500AF0248F9F7ADFA00BFD2
:10A0900080BD00BFF855002080B500AF0248F9F739
:10A0A000A3FA00BF80BD00BF4059002080B500AFBB
:10A0B0000248F9F799FA00BF80BD00BF2058002080
:10A0C00080B500AF0248F9F78FFA00BF80BD00BF2E
:10A0D0005856002080B500AF0248F7F7E6FD00BFF4
:10A0E00080BD00BFF054002080B500AF0248F7F7F4
:10A0F000DCFD00BF80BD00BFF054002080B500AF84
:10A100000248F9F771FA00BF80BD00BFA0590020D6
:10A1100080B500AF0248F9F767FA00BF80BD00BF05
:10A120008058002080B500AF0248FCF74DFA00BF10
:10A1300080BD00BFD857002080B582B000AF00239B
:10A140007B60164B5B6C154A43F480435364134B9E
:10A150005B6C03F480437B607B6800233B600F4BA8
:10A160001B6C0E4A43F0805313640C4B1B6C03F0C2
:10A1700080533B603B6800220F216FF00100F9F72C
:10A1800063FD002205210420F9F75EFD0420F9F7A4
:10A1900077FD00BF0837BD4680BD00BF00380240D4
:10A1A00080B58EB000AF78600023FB620023BB62F5
:10A1B0000023FB60334B1B6C324A43F480731364FF
:10A1C000304B1B6C03F48073FB60FB6807F11002DB
:10A1D00007F1140311461846F8F7F8FB3B6AFB62D7
:10A1E000FB6A002B03D1F8F7C9FB786304E0F8F7AA
:10A1F000C5FB03465B007B637B6B234AA2FB032307
:10A200009B0C013BBB62214B214A1A601F4B40F261
:10A21000E732DA601D4ABB6A53601C4B00221A61A8
:10A220001A4B00229A60194B00229A611748F6F7E0
:10A2300001FD034687F8333097F83330002B1BD1EC
:10A240001248F6F751FD034687F8333097F833305C
:10A25000002B11D12D20F9F713FD7B680F2B08D8A7
:10A26000002279682D20F9F7EFFC0A4A7B68136019
:10A2700002E0012387F8333097F833301846383737
:10A28000BD4680BD0038024083DE1B43005A0020DB
:10A29000002000406000002080B586B000AF7860EC
:10A2A000144A154BD31A7B617B693B61134B1B68C6
:10A2B000002B02D1114B124A1A60104B1A687B68AE
:10A2C00013443A699A4207D208F0CAF803460C22AE
:10A2D0001A604FF0FF3309E0084B1B68FB60074B27
:10A2E0001A687B681344054A1360FB6818461837E0
:10A2F000BD4680BD0000022000400000485A0020FA
:10A30000F865002080B400AF01231846BD465DF813
:10A31000047B704780B582B000AF7860396008F088
:10A320009FF8034616221A604FF0FF33184608378D
:10A33000BD4680BD80B582B000AF78604FF0FF3180
:10A340007868FFF7E7FF00BFFDE780B586B000AF94
:10A35000F860B9607A6000237B610AE0AFF30080A7
:10A360000146BB685A1CBA60CAB21A707B690133D5
:10A370007B617A697B689A42F0DB7B681846183704
:10A38000BD4680BD80B586B000AFF860B9607A6028
:10A3900000237B6109E0BB685A1CBA601B78184631
:10A3A000AFF300807B6901337B617A697B689A42F5
:10A3B000F1DB7B6818461837BD4680BD80B483B09A
:10A3C00000AF78604FF0FF3318460C37BD465DF89C
:10A3D000047B704780B483B000AF786039603B681D
:10A3E0004FF400525A60002318460C37BD465DF802
:10A3F000047B704780B483B000AF786001231846B7
:10A400000C37BD465DF8047B704780B485B000AF63
:10A41000F860B9607A60002318461437BD465DF8CD
:10A42000047B7047DFF834D0F6F7F2FB0C480D4997
:10A430000D4A002302E0D458C4500433C4188C429F
:10A44000F9D30A4A0A4C002301E013600432A24205
:10A45000FBD3F6F701FAFEF7B7FB704700000220C6
:10A46000000000207001002004520108700100204B
:10A47000F8650020FEE7000080B483B000AF114B08
:10A480001B78DBB2002B16D10E4B01221A700E4B3B
:10A490005B687B607A680D4B1B689A4204D20C4B58
:10A4A0001B6801330A4A1360074B5B68074A136055
:10A4B000044B00221A7000BF0C37BD465DF8047BC8
:10A4C000704700BF705A0020001000E0645A00205E
:10A4D000605A002080B582B000AF7860164BDB6810
:10A4E000154A43F08073D360144B00225A60134B1B
:10A4F0001B68124A43F0010313607B68104A02FB99
:10A5000003F3104A13600F4B1B680F4AA2FB03238F
:10A510009B090E4A13600B4B1B680D4AA2FB0323D9
:10A520009B0C0C4A13600C4B00221A60FFF7A4FF2F
:10A5300000BF0837BD4680BDF0ED00E0001000E030
:10A5400040420F00545A0020D34D6210585A002048
:10A5500083DE1B435C5A0020605A002080B584B023
:10A5600000AF7860104B5B68BB60BA687B681B68A3
:10A57000D31A07EE903AF8EE676A0C4B1B6807EEA9
:10A58000903AB8EE677AC6EE877AC7ED037ABA6872
:10A590007B681A60FFF770FFFB6807EE903AB0EE39
:10A5A000670A1037BD4680BD001000E0545A0020F5
:10A5B0002DE9B04F98B000AF5E4B5B68FB65FFF7CD
:10A5C0005BFF5D4B1B6800229846914642464B4616
:10A5D0004FF000004FF00001D90741EA5201D007C7
:10A5E00002460B46B2EB080463EB090523193B60F6
:10A5F00045EB05037B60D7E9004514EB080A45EB02
:10A60000090BFB6D0022BB64FA64D7E912120B46FA
:10A610001AEB03033B6413464BEB03037B64474B8A
:10A62000D7E91012C3E90012444BD3E90001444BAF
:10A630001B680022BB63FA63D7E90E23F5F7C8FD58
:10A6400002460B46104619463E4BC3E900013B4B00
:10A65000D3E900453A4B1B6800223B637A63394BD0
:10A66000D3E90023D7E90C89494602FB01F04146B2
:10A6700001FB03F101444046A0FB02237B65134626
:10A680003B657B6DCB187B65D7E914120B46E31A4B
:10A69000BB62134665EB0303FB622B4BD7E90A123F
:10A6A000C3E90012274BD3E90023284B1A60264B3D
:10A6B000D3E90001264B1B6800223B627A62D7E98E
:10A6C0000823F5F785FD02460B4692B21F4B9A8090
:10A6D0001D4BD3E900231D49898808461C49096898
:10A6E00000FB01F10020B961F861D7E90645214678
:10A6F000511A3961294663EB01037B61154BD7E998
:10A700000412C3E90012134BD3E90001124B1B687A
:10A710000022BB60FA60D7E90223F5F759FD024633
:10A720000B4692B2094BDA8000BF6037BD46BDE8E8
:10A73000B08F00BF001000E0605A0020685A00206F
:10A74000545A0020785A0020805A00204C5A002089
:10A75000585A0020885A00205C5A002080B582B0E8
:10A7600000AFFFF725FF144B1B6807EE903AB8EED9
:10A77000677A114B9B8807EE903AF8EEE77ADFEDA7
:10A780000F6A67EEA67A37EE277A0B4BDB8807EE67
:10A79000903AF8EEE77ADFED0A6A67EEA67A77EE8E
:10A7A000277AC7ED017A7B6807EE903AB0EE670A28
:10A7B0000837BD4680BD00BF4C5A00206F12833A57
:10A7C000BD37863580B485B000AF87ED010A124BE6
:10A7D0005B68FB607B68BB6000BF0F4B5A68FB681F
:10A7E000D31A07EE903AB8EE677A0C4B1B6807EE67
:10A7F000903AF8EE676AD7ED027A66EEA77AB4EE81
:10A80000E77AF1EE10FAE8D400BF00BF1437BD4676
:10A810005DF8047B704700BF001000E0545A002030
:10A8200080B582B000AF78607B68D3F804017968A6
:10A830007B6893F800311A46FBF76CFE7B68D3F80F
:10A840000431DB6B1B681A687B68D3F80431DB6B5F
:10A850001B6822F008021A6000BF0837BD4680BDA1
:10A8600080B586B002AF78602C4B1B78022B08D9DC
:10A870002B4B00932B4B2C4A2C49002006F0DCFE7E
:10A88000F6E70023FB7315E0FB7B294A52F82330DF
:10A89000D3F804217B685B689A4208D1204B00936F
:10A8A000204B214A2349002006F0C6FEF6E7FB7B39
:10A8B0000133FB73194B1B78FA7B9A42E4D34FF4B4
:10A8C000867007F0C5FC0346BB604FF4867200211A
:10A8D000B868F5F772FF7B685A68BB68C3F8042153
:10A8E0007B681A78BB6883F800217B689A68BB682C
:10A8F000C3F80821094B1B785A1CD1B2074A1170C2
:10A9000019460B4ABB6842F82130B868FFF788FF48
:10A91000BB6818461037BD4680BD00BF905A002066
:10A920006C400108284001082C400108344001080F
:10A93000945A00207440010880B584B000AF78605C
:10A940000B467B800023FB734DE0FB7B2A4A52F8C9
:10A950002330D3F804317A689A4241D1FB7B264AEE
:10A9600052F82330D3F80831002B10D0FB7B224A59
:10A9700052F82330D3F808319847FB7B1E4A52F82F
:10A98000233018467B881A460021F5F716FFFB7B1B
:10A99000194A52F82330D3F80401FB7B164A52F8C7
:10A9A00023301946FB7B144A52F8233093F80031C8
:10A9B0001A46FBF7AFFDFB7B0F4A52F82330D3F862
:10A9C0000431DB6B1B681A68FB7B0B4951F82330A1
:10A9D000D3F80431DB6B1B6822F008021A6007E031
:10A9E000FB7B0133FB73054B1B78FA7B9A42ACD39C
:10A9F0001037BD4680BD00BF945A0020905A0020F9
:10AA000080B586B002AF78600023FB733EE0FB7B2D
:10AA1000224A52F82330D3F804317A689A4232D16C
:10AA2000FB7B1E4A52F82330D3F80401FB7B1B4A00
:10AA300052F823301946FB7B184A52F8233093F81A
:10AA400000311A46FBF766FDFB7B144A52F82330AF
:10AA5000D3F80431DB6B1B681A68FB7B0F4951F894
:10AA60002330D3F80431DB6B1B6822F008021A6034
:10AA7000FB7B0B4A019200930A4B0B4A0B490020C7
:10AA800006F0DAFD07E0FB7B0133FB73084B1B7814
:10AA9000FA7B9A42BBD31037BD4680BD945A002042
:10AAA0006C400108B0400108B4400108BC400108F6
:10AAB000905A002080B500AF06F06EFF00BF80BD49
:10AAC00080B586B000AF3B1D00221A605A609A60C4
:10AAD000DA601A6102237B600123BB600023FB6004
:10AAE00002233B613B1D19460B48F8F717FA012377
:10AAF0007B603B1D19460848F8F710FA0122022135
:10AB00000548F8F7BFFB012201210348F8F7BAFB1B
:10AB100000BF1837BD4680BD0014024080B586B026
:10AB200000AF3B1D00221A605A609A60DA601A6119
:10AB300001237B600123BB600023FB6002233B6198
:10AB40003B1D19460348F8F7E9F900BF1837BD4621
:10AB500080BD00BF0014024080B586B000AF3B1D31
:10AB600000221A605A609A60DA601A6101237B60E1
:10AB70000023BB600023FB603B1D19460348F8F728
:10AB8000CDF900BF1837BD4680BD00BF001402409C
:10AB900080B582B000AF0346FB71FB791A460221F3
:10ABA0000348F8F76FFB00BF0837BD4680BD00BF04
:10ABB0000014024080B582B000AF0346FB71FFF77E
:10ABC000ADFFFB791A4601210348F8F75BFB00BF94
:10ABD0000837BD4680BD00BF0014024080B500AFFD
:10ABE000FFF7BAFF01210348F8F734FB0346184684
:10ABF00080BD00BF0014024080B483B000AF0023CA
:10AC00007B6003E000BF7B6801337B607B68B3F54A
:10AC1000B17FF7DD00BF00BF0C37BD465DF8047B98
:10AC2000704780B500AF0120FFF7C4FF0120FFF798
:10AC3000AFFFFFF7E1FF0020FFF7BCFFFFF7DCFFEE
:10AC40000020FFF7A5FFFFF7D7FF00BF80BD80B54D
:10AC500000AF0020FFF7AEFF0120FFF799FFFFF7DD
:10AC6000CBFF0120FFF7A6FFFFF7C6FF00BF80BDA7
:10AC700080B584B000AF0346FB710723FB731EE071
:10AC8000FA7997F90F3042FA03F3DBB203F00103CC
:10AC90007B737B7B1846FFF78DFFFFF7ADFF01202D
:10ACA000FFF776FFFFF7A8FF0020FFF771FFFFF720
:10ACB000A3FF97F90F30DBB2013BDBB2FB7397F9CF
:10ACC0000F30002BDCDAFFF747FFFFF795FF01207D
:10ACD000FFF75EFFFFF790FFFFF780FF0346BB73B0
:10ACE0000020FFF755FFFFF787FFBB7B002B14BF4A
:10ACF00001230023DBB218461037BD4680BD80B566
:10AD000084B000AF0346FB710023FB73FFF724FF01
:10AD1000FFF772FF0723BB731FE00120FFF738FF27
:10AD2000FFF76AFFFFF75AFF0346012B0AD197F995
:10AD30000E30012202FA03F35AB297F90F3013438F
:10AD40005BB2FB730020FFF723FFFFF755FF97F976
:10AD50000E30DBB2013BDBB2BB7397F90E30002B38
:10AD6000DBDAFB791846FFF725FFFFF745FF0120E7
:10AD7000FFF70EFFFFF740FF0020FFF709FFFFF787
:10AD80003BFFFB7B18461037BD4680BD80B584B0C5
:10AD900000AF3B600346FB710B46BB711346BB80A3
:10ADA000FFF73FFFFB795B00DBB21846FFF760FF60
:10ADB0000346002B03D0FFF74AFF012325E0BB79B0
:10ADC0001846FFF755FF0346002B03D0FFF73FFF60
:10ADD00001231AE00023FB8110E0FB893A68134449
:10ADE0001B781846FFF744FF0346002B03D0FFF7FC
:10ADF0002EFF012309E0FB890133FB81FA89BB881F
:10AE00009A42EAD3FFF723FF002318461037BD46C6
:10AE100080BD90B585B000AF3B600346FB710B462B
:10AE2000BB711346BB80FFF7FCFEFB795B00DBB216
:10AE30001846FFF71DFF0346002B03D0FFF707FF5F
:10AE400001233CE0BB791846FFF712FF0346002BB5
:10AE500003D0FFF7FCFE012331E0FFF7E2FE97F994
:10AE600007305B005BB243F001035BB2DBB2184614
:10AE7000FFF7FEFE0346002B03D0FFF7E8FE012399
:10AE80001DE00023FB8113E0FA89BB88013B9A4255
:10AE90000CBF01230023DBB21946FB893A68D418A2
:10AEA0000846FFF72CFF03462370FB890133FB8123
:10AEB000FA89BB889A42E7D3FFF7C9FE00231846F8
:10AEC0001437BD4690BD80B483B000AF78607B6816
:10AED00093ED017A7B68D3ED0D6A7B68D3ED0E7A32
:10AEE00076EEA76AB0EE006AC6EE867A27EE277A7B
:10AEF0007B68D3ED197A67EE277A7B68C3ED137A06
:10AF000000BF0C37BD465DF8047B704780B483B04A
:10AF100000AF78607B6893ED0D7A7B68D3ED117A92
:10AF200067EE277AF5EEC07AF1EE10FA65DD7B6800
:10AF3000D3ED0D7AF5EEC07AF1EE10FA03DD7B6801
:10AF4000D3ED0D7A04E07B68D3ED0D7AF1EE677AEC
:10AF50007B6893ED087AF4EEC77AF1EE10FA4BD9DC
:10AF60007B68D3ED0D7AF5EEC07AF1EE10FA03DDD1
:10AF70007B68D3ED0D7A04E07B68D3ED0D7AF1EEBA
:10AF8000677A7B68D3ED076A7B6893ED087A36EEC3
:10AF9000877AF4EEC77AF1EE10FA28D87B6893ED41
:10AFA000137A7B68D3ED076A7B68D3ED0D7AF5EEF3
:10AFB000C07AF1EE10FA03DD7B68D3ED0D7A04E080
:10AFC0007B68D3ED0D7AF1EE677A76EEE76A7B68FF
:10AFD000D3ED087A36EEA76A7B68D3ED076AC6EE32
:10AFE000267A67EE277A7B68C3ED137A05E07B68E3
:10AFF0004FF00002DA6400E000BF0C37BD465DF898
:10B00000047B704780B483B000AF78607B6893EDB9
:10B01000117A7B68D3ED137A77EE277A374BC3ED3D
:10B02000007A7B6893ED107A7B68D3ED117A37EE66
:10B03000277A7B68D3ED127A77EE277A304BC3ED0F
:10B04000007A2F4BD3ED007AF5EEC07AF1EE10FACC
:10B0500003DD2B4BD3ED007A04E0294BD3ED007ACE
:10B06000F1EE677A7B6893ED037AF4EEC77AF1EE3E
:10B0700010FA10DD7B6893ED0D7A7B68D3ED117AC1
:10B0800067EE277AF5EEC07AF1EE10FA03DD7B6801
:10B090004FF00002DA647B6893ED067A174BD3ED2C
:10B0A000007AB4EEE77AF1EE10FA07D57B684FF03C
:10B0B0000002DA647B689A697B685A647B68D3ED26
:10B0C000067AB1EE677A0D4BD3ED007AB4EEE77AEB
:10B0D000F1EE10FA00DC0BE07B684FF00002DA645E
:10B0E0007B68D3ED067AF1EE677A7B68C3ED117A5F
:10B0F00000BF0C37BD465DF8047B7047A05A0020A6
:10B10000A45A002080B483B000AF78607B6893EDD0
:10B11000027A7B68D3ED0C6A7B68D3ED0B7A76EE0E
:10B12000E77A67EE276A7B6893ED197AC6EE877A2D
:10B130007B68C3ED127A00BF0C37BD465DF8047B17
:10B14000704780B483B000AF78607B6893ED127A6B
:10B150007B68D3ED197A67EE276A7B6893ED0A7AEC
:10B160007B68D3ED197A77EE277A86EEA77A7B682B
:10B17000D3ED166A7B68D3ED0A7A26EEA76A7B6860
:10B18000D3ED0A6A7B68D3ED197A76EEA76AC6EE2C
:10B19000267A77EE277A7B68C3ED127A00BF0C37E8
:10B1A000BD465DF8047B704780B483B000AF786023
:10B1B0007B6893ED147A7B68D3ED197A67EE276A82
:10B1C0007B6893ED097A7B68D3ED197A77EE277A5D
:10B1D00086EEA77A7B68D3ED156A7B68D3ED097A92
:10B1E00026EEA76A7B68D3ED096A7B68D3ED197AEE
:10B1F00076EEA76AC6EE267A77EE277A7B68C3EDED
:10B20000147A00BF0C37BD465DF8047B704780B4EC
:10B2100083B000AF78607B6893ED147A7B68D3EDE0
:10B22000037AB4EEE77AF1EE10FA03DD7B68DA68B0
:10B230007B681A657B6893ED147A7B68D3ED037A9B
:10B24000F1EE677AB4EEE77AF1EE10FA00D407E097
:10B250007B68D3ED037AF1EE677A7B68C3ED147AED
:10B2600000BF0C37BD465DF8047B7047B0B483B0B7
:10B2700000AF78607B68D3ED147AB0EEE77A7B6834
:10B28000D3ED037ADFED286A67EEA67AB4EEE77AAB
:10B29000F1EE10FA42D47B68D3ED177AF0EEE77A3C
:10B2A0009FED227AF4EEC77AF1EE10FA36D47B687D
:10B2B00093ED177A7B68D3ED0B7A77EE677AF0EE31
:10B2C000E76A7B68D3ED177AB0EEE77AC6EE877A45
:10B2D0009FED177AF4EEC77AF1EE10FA09DD7B687C
:10B2E000D3E91A23541C43F100057B68C3E91A45CE
:10B2F00006E079684FF000024FF00003C1E91A231D
:10B300007B68D3E91A2340F2F5118A4273F10003F6
:10B3100005D37B68012283F8702000E000BF0C3762
:10B32000BD46B0BC704700BF6F12833A17B7D13823
:10B330003333733F80B582B000AF786039607822D4
:10B3400000217868F5F739FA2C223968786807F017
:10B3500095F87B6860331846FFF700F900BF08379F
:10B36000BD4680BD80B584B000AFF86087ED020AAD
:10B37000C7ED010AFB681B7D5BB2002B02DAF8689F
:10B38000FFF774FFFB6860331846FFF7E7F8F0EE4D
:10B39000407AFB68C3ED197AFB68BA68DA62FB6829
:10B3A0007A68DA65FB6893ED177AFB68D3ED0B7A60
:10B3B00077EE677AFB68C3ED0D7AFB68D3ED0D7A03
:10B3C000F5EEC07AF1EE10FA03DDFB68D3ED0D7AED
:10B3D00004E0FB68D3ED0D7AF1EE677AFB6893ED3C
:10B3E000047AF4EEC77AF1EE10FA40F38580FB6838
:10B3F00093ED007AFB68D3ED0D7A67EE277AFB6850
:10B40000C3ED107AFB6893ED017AFB68D3ED0D7AFA
:10B4100027EE277AFB68D3ED197A67EE277AFB6867
:10B42000C3ED137AFB6893ED027AFB68D3ED0D6AE6
:10B43000FB68D3ED0E7A76EEE77A67EE276AFB6853
:10B4400093ED197AC6EE877AFB68C3ED127AFB6832
:10B450001B7D03F00403002B02D0F868FFF733FDD7
:10B46000FB681B7D03F02003002B02D0F868FFF778
:10B470004DFDFB681B7D03F00203002B02D0F86832
:10B48000FFF740FEFB681B7D03F04003002B02D05A
:10B49000F868FFF756FEFB681B7D03F00103002BE5
:10B4A00002D0F868FFF7AEFDFB6893ED117AFB68F8
:10B4B000D3ED137A77EE277AFB68C3ED117AFB6838
:10B4C00093ED107AFB68D3ED117A37EE277AFB689B
:10B4D000D3ED127A77EE277AFB68C3ED147AFB6816
:10B4E0001B7D03F01003002B02D0F868FFF75CFE11
:10B4F000F868FFF78CFE07E0FB684FF000021A6562
:10B50000FB684FF00002DA64FB68DA6AFB681A63D2
:10B51000FB681A6DFB685A65FB689A6CFB689A6554
:10B52000FB685A6BFB689A63FB68DA6CFB68DA634A
:10B53000FB681B6D07EE903AB0EE670A1037BD4608
:10B5400080BD000080B584B002AF786021217868AA
:10B5500006F01DFF03461F2B0BD9084B01937B6898
:10B560000093074B074A0849002006F065F800BF22
:10B57000FDE700BF0837BD4680BD00BF344101086C
:10B5800004410108084101081041010880B586B056
:10B5900004AF03460A46FB711346BB71FA79BB79C7
:10B5A0009A420DD0FB79BA79074902910192009332
:10B5B000064B074A0749002006F03EF800BFFDE7AA
:10B5C00000BF0837BD4680BD344101080441010871
:10B5D000084101083C41010880B584B000AF7860A3
:10B5E0000B46FB707868FFF7ADFF214BFB6018E05E
:10B5F000FB689B6AFB60FB6879681846F4F77EFF7E
:10B600000346002B0DD1FB6893F82120FB781146EF
:10B610001846FFF7BBFFFB68012283F82C20FB686C
:10B6200022E0FB689B6A002BE2D1302006F010FE7E
:10B6300003461A46FB689A62FB689B6A3022002127
:10B640001846F5F7BAF8FB689B6AFA7883F8212068
:10B65000FB689B6A7968184606F008FFFB680122C0
:10B6600083F82C20FB689B6A18461037BD4680BDC6
:10B670006C00002080B586B000AF78600B46FB7090
:10B68000FB7819467868FFF7A7FFF8600C2006F0F2
:10B69000DFFD0346BB600C220021B868F5F78DF88A
:10B6A000BB68FA781A7100237B610CE0FB781846BE
:10B6B00006F0CEFD03461946BB687A6943F82210AE
:10B6C0007B6901337B617B69002BEFD0FB685B6A90
:10B6D000002B04D1FB68BA685A62BB680EE0FB68B5
:10B6E0005B6A3B6102E03B699B683B613B699B682D
:10B6F000002BF8D13B69BA689A60BB6818461837C6
:10B70000BD4680BD80B582B000AF786039607B688F
:10B71000DB79002B01D100231BE07B685B791A46A3
:10B720007B6853F822107B681B791A46386806F04C
:10B73000A5FE7B685B790133DAB27B685A717B685E
:10B7400000225A717B68DB79013BDAB27B68DA71DF
:10B75000012318460837BD4680BD000080B582B081
:10B7600000AF786039607B685B6A1C4A13602BE02D
:10B770001A4B1B68DB79012B09D1184B1B6800227F
:10B780005A71164B1B68DA79013AD2B2DA71134B4F
:10B790001B68124A1268927953F822007B6893F86A
:10B7A00021301A46396806F069FE0C4B1B680022EE
:10B7B0009A710A4B1B68DA790132D2B2DA71074BFF
:10B7C0001B689B68054A1360044B1B68002BCFD194
:10B7D000012318460837BD4680BD00BFA85A002087
:10B7E00080B5A4B000AF78600B467B807B681B7887
:10B7F000242B40F0CB817B88013B7A6813441B7873
:10B80000232B40F0C3817A8807F108037968184632
:10B8100006F034FE7B8890333B44002203F8882CEA
:10B8200007F108030133C249184606F0BDFDC7F809
:10B830008C00D7F88C30002B00F0AA81BC49002086
:10B8400006F0B2FDC7F88C00D7F88C30002B00F062
:10B85000A181D7F88C0006F0F7FC034687F88B30FF
:10B86000B44A97F88B30137097F88B30013B0C2B50
:10B8700000F2928101A252F823F000BFB1B8000893
:10B8800045B90008F9B9000899BB000899BB000840
:10B8900099BB000899BB000899BB000899BB000838
:10B8A00099BB000899BB0008B3BA00086BBB00083D
:10B8B0009F49002006F078FDC7F88C00D7F88C303F
:10B8C000002B07D0D7F88C0006F0BEFC03461AB256
:10B8D000984B5A809649002006F066FDC7F88C0008
:10B8E000D7F88C30002B07D0D7F88C0006F0ACFCD2
:10B8F00003461AB28F4B9A808D49002006F054FD02
:10B90000C7F88C00D7F88C30002B07D0D7F88C0004
:10B9100006F09AFC03461AB2864BDA80844900206E
:10B9200006F042FDC7F88C00D7F88C30002B00F0F1
:10B930003581D7F88C0006F087FC03461AB27D4BA0
:10B940001A812BE17A49002006F02EFDC7F88C0001
:10B95000D7F88C30002B07D0D7F88C0006F074FC99
:10B9600003461AB2734B5A817149002006F01CFD40
:10B97000C7F88C00D7F88C30002B07D0D7F88C0094
:10B9800006F062FC03461AB26A4B9A8168490020AD
:10B9900006F00AFDC7F88C00D7F88C30002B07D0D2
:10B9A000D7F88C0006F050FC03461AB2614BDA81DE
:10B9B0005F49002006F0F8FCC7F88C00D7F88C30FF
:10B9C000002B07D0D7F88C0006F03EFC03461AB2D5
:10B9D000584B1A825649002006F0E6FCC7F88C0046
:10B9E000D7F88C30002B00F0DB803F22D7F88C108A
:10B9F000514806F0B9FCD3E04D49002006F0D4FCD4
:10BA0000C7F88C00D7F88C30002B08D0D7F88C0002
:10BA100006F01AFC03461AB2464BA3F852204449DA
:10BA2000002006F0C1FCC7F88C00D7F88C30002B42
:10BA300008D0D7F88C0006F007FC03461AB23D4B3D
:10BA4000A3F854203A49002006F0AEFCC7F88C0059
:10BA5000D7F88C30002B08D0D7F88C0006F0F4FB18
:10BA600003461AB2334BA3F856203149002006F0A2
:10BA70009BFCC7F88C00D7F88C30002B08D0D7F887
:10BA80008C0006F0E1FB03461AB22A4BA3F85820BB
:10BA90002749002006F088FCC7F88C00D7F88C30C6
:10BAA000002B7FD03F22D7F88C10244806F05CFC96
:10BAB00078E01F49002006F077FCC7F88C00D7F823
:10BAC0008C30002B70D01E49D7F88C00F4F716FD8F
:10BAD0000346002B04D1174B012283F89A2063E020
:10BAE0001849D7F88C00F4F709FD0346002B04D160
:10BAF000104B022283F89A2056E01349D7F88C00A5
:10BB0000F4F7FCFC0346002B04D10A4B032283F814
:10BB10009A2049E00D49D7F88C00F4F7EFFC034672
:10BB2000002B15D1034B042283F89A203CE000BF80
:10BB300060410108AC5A0020BE5A0020065B00207C
:10BB40006441010868410108704101087841010819
:10BB50001849D7F88C00F4F7D1FC0346002B23D109
:10BB6000154B052283F89A201EE01449002006F0A8
:10BB70001BFCC7F88C00D7F88C30002B16D07F2226
:10BB8000D7F88C100E4806F0EFFB0FE000BF0EE078
:10BB900000BF0CE000BF0AE000BF08E000BF06E005
:10BBA00000BF04E000BF02E000BF00E000BF90372C
:10BBB000BD4680BD80410108AC5A002060410108AB
:10BBC000475B002080B586B000AF00224FF40051E3
:10BBD0001A48F7F757FB1A4B1B687B61184B1B6819
:10BBE00093F800317B827B8A042B23D97B8A1A4607
:10BBF00024217869F4F78CFCF8607B8A1A462321AB
:10BC00007869F4F785FCB860FB68002B13D0BB683B
:10BC1000002B10D0BA68FB689A420CD9BA68FB684E
:10BC2000D31A9BB20133FB80FB881946F868FFF7F3
:10BC3000D7FD00E000BF1837BD4680BD00080240B8
:10BC4000CC5B002080B586B000AF786080233B736A
:10BC50007B683B61084B7B6107F10C031846FEF7DC
:10BC6000FFFD0346054A1360054B01221A70054B80
:10BC700018461837BD4680BDC5BB0008CC5B002008
:10BC8000C85B0020AC5A002080B483B000AF87EDC1
:10BC9000010A38607A683B681A6000BF18460C37A2
:10BCA000BD465DF8047B704780B500AFFEF708FF26
:10BCB00000BF184680BD80B582B000AF0346FB715F
:10BCC000FB1D022201212620FFF760F800BF184665
:10BCD0000837BD4680BD000080B582B000AF034686
:10BCE000FB80FB881B0A9BB2DAB2084B1A70FB88F8
:10BCF000DAB2064B5A70054B022202212620FFF7CA
:10BD000045F800BF18460837BD4680BDE05B0020FF
:10BD100080B582B000AF0346FB80FB881B0A9BB254
:10BD2000DAB2084B1A70FB88DAB2064B5A70054B30
:10BD3000022203212620FFF729F800BF1846083702
:10BD4000BD4680BDE45B002080B582B000AF0346F5
:10BD5000FB80FB881B0A9BB2DAB2084B1A70FB8887
:10BD6000DAB2064B5A70054B022204212620FFF757
:10BD70000DF800BF18460837BD4680BDE85B0020BF
:10BD800080B582B000AF87ED010A084897ED010A3F
:10BD9000FFF77AFF054B042205212620FEF7F6FF68
:10BDA00000BF18460837BD4680BD00BFEC5B0020D1
:10BDB00080B500AF244B1B68B3F900301B121BB2D7
:10BDC000DAB2224B1A70204B1B68B3F90030DAB29A
:10BDD0001E4B5A701C4B5B68B3F900301B121BB230
:10BDE000DAB21A4B9A70184B5B68B3F90030DAB2CA
:10BDF000164BDA70144B9B68B3F900301B121BB260
:10BE0000DAB2124B1A71104B9B68B3F90030DAB2F8
:10BE10000E4B5A710C4BDB68B3F900301B121BB28E
:10BE2000DAB20A4B9A71084BDB68B3F90030DAB228
:10BE3000064BDA71054B082206212620FEF7A6FFE5
:10BE400000BF184680BD00BFD05B0020F05B002023
:10BE500080B584B000AF034687ED010AFB730B4643
:10BE6000BB8113467B81FFF71FFF9FED180AFEF78A
:10BE7000A9FCFB7B1846FFF71EFF9FED140AFEF797
:10BE8000A1FCBB891846FFF75FFF9FED100AFEF784
:10BE900099FC7B891846FFF73BFF9FED0C0AFEF7E4
:10BEA00091FC97ED010AFFF76BFF9FED080AFEF783
:10BEB00089FC40F2DC50FFF70FFF9FED040AFEF70C
:10BEC00081FC00BF1037BD4680BD00BF6F12033B31
:10BED00080B584B000AF7860902006F0B9F90346D1
:10BEE000FB60FB68002B01D1002320E090220021A1
:10BEF000F868F4F762FCFB6800221A80FB680022F5
:10BF00005A807B6893F82C20FB6883F88820FB68B4
:10BF100010337A6811461846FFF70CFAFB6893F85D
:10BF200088301946044AFB6842F82130FB681846FD
:10BF30001037BD4680BD00BFD05B002080B483B009
:10BF400000AF78600B467B807B68002B03D07B685A
:10BF50007A881A8000E000BF0C37BD465DF8047B8C
:10BF6000704780B500AFFFF723FF00BF80BD000022
:10BF700080B584B000AF7860902006F069F9034680
:10BF8000FB6090220021F868F4F717FCFB6803F1CE
:10BF900018027B680C3319461046FFF7CBF97B6813
:10BFA0001A68FB681A607B685A68FB685A607B688D
:10BFB0009A68FB689A60FB681A68FB685B681946B8
:10BFC0001046F4F751FF084B1B785A1CD1B2064AB1
:10BFD00011701946054AFB6842F82130FB68184683
:10BFE0001037BD4680BD00BF005C0020F85B00201C
:10BFF00080B483B000AF786087ED000A7B68002BC7
:10C0000003D07B683A68DA6000E000BF0C37BD46B9
:10C010005DF8047B704780B582B000AF786087ED33
:10C02000000A7B68002B14D07B683A685A617B68F1
:10C0300093ED037A7B68D3ED1F6AD7ED007A66EE45
:10C04000A77A77EE277AB0EE670A7868FFF7D0FF15
:10C0500000E000BF0837BD4680BD80B483B000AFAC
:10C06000786087ED000A7B68002B1ED07B68D3EDDB
:10C07000027A97ED007AB4EEE77AF1EE10FA02DD7B
:10C080007B689B6800E03B683B60D7ED007AF5EE8B
:10C09000C07AF1EE10FA01DD3B6801E04FF00003D9
:10C0A0003B607B683A681A6100E000BF0C37BD4610
:10C0B0005DF8047B7047000090B583B000AF0023AB
:10C0C000FB7126E0FB79184A52F82340FB79164AA7
:10C0D00052F8233003F11802FB79134951F8233049
:10C0E000D3ED037AFB79104951F8233093ED047AAC
:10C0F000F0EE470AB0EE670A1046FFF733F9F0EEAC
:10C10000407AB0EE670A2046FFF785FFFB790133DE
:10C11000FB71064B1B78FA799A42D3D300BF00BF5C
:10C120000C37BD4690BD00BFF85B0020005C0020CE
:10C1300080B485B000AF0023FB7358E0FB7B324A2C
:10C1400052F82330BB60BB6893ED037ABB68D3ED34
:10C15000027AB4EEE77AF1EE10FA03DDBB689A6872
:10C16000BB68DA60BB68D3ED037AF5EEC07AF1EE16
:10C1700010FA03D5BB684FF00002DA60BB68D3ED5C
:10C18000036ABB6893ED027AC6EE877A9FED1F7A49
:10C1900067EE877AFCEEE77A17EE903A03F5FA73CA
:10C1A0007B60BB685B68002B05D1BB681B681B68A4
:10C1B0007A685A6318E0BB685B68042B05D1BB68DA
:10C1C0001B681A687B6893630EE0BB685B68082B8A
:10C1D00005D1BB681B681A687B68D36304E0BB6841
:10C1E0001B681A687B681364FB7B0133FB73084B85
:10C1F0001B78FA7B9A42A1D300BF00BF1437BD461B
:10C200005DF8047B704700BFF85B00200000FA4433
:10C21000005C002080B582B000AF092006F018F85D
:10C2200003467B60042200217868F4F7C6FA044ACA
:10C230007B6813607B6818460837BD4680BD00BF29
:10C24000045C002080B500AF044B1B680122312143
:10C250001220FEF7DEFD00BF80BD00BF045C0020A1
:10C2600080B500AF064B1B68FF221A70FFF7EAFF8C
:10C27000034B1B68184600F005F800BF80BD00BFE7
:10C28000045C002080B483B000AF78607B681B78CA
:10C29000DB09DAB27B685A707B681B789B09DBB2DA
:10C2A00003F00103DAB27B689A707B681B785B0944
:10C2B000DBB203F00103DAB27B68DA707B681B78CB
:10C2C0001B09DBB203F00103DAB27B681A717B68E9
:10C2D0001B78DB08DBB203F00103DAB27B685A712A
:10C2E0007B681B789B08DBB203F00103DAB27B6842
:10C2F0009A717B681B785B08DBB203F00103DAB24A
:10C300007B68DA717B681B7803F00103DAB27B6823
:10C310001A7200BF0C37BD465DF8047B7047000001
:10C3200080B582B000AF78600B46FB701F4A7B6817
:10C3300013601F4B00221A7000F0C0FB03461A4620
:10C340001B4B1B781343DAB2194B1A7000F0ACFC8C
:10C3500003461A46164B1B781343DAB2144B1A7075
:10C36000FB78002B03D0134800F030F818E0114B95
:10C37000114A5A620F4B114A9A620E4B0F4ADA6207
:10C380000C4B0F4A1A630B4B93ED0C7ADFED0D6AE1
:10C39000C6EE877A074BC3ED087A064B0A4A9A61C4
:10C3A000034B1B7818460837BD4680BD645C0020EF
:10C3B0000A5C0020205C0020AC38223BB016CE394D
:10C3C0003F161B41C3F51C410000204280B592B0CE
:10C3D00002AF786007F1200300221A605A604FF024
:10C3E0000003BB624FF00003BB634FF000037B63AD
:10C3F000FEF7B4F9F0EE407AB74BC3ED007AFEF7E2
:10C40000ADF9B0EE407AB44BD3ED007A77EE677AAF
:10C41000B2EE087AF4EEC77AF1EE10FA17DD7B6817
:10C42000AE4A5A627B68AE4A9A627B68AC4ADA626C
:10C430007B68AC4A1A637B68AB4A9A61AB4B00934A
:10C44000AB4BAC4AAC49002005F0F6F80DE39FED8C
:10C45000AB0AFEF7B7F97B684FF000021A637B68FE
:10C460004FF000025A627B684FF000029A627B68CC
:10C470004FF00002DA6200237B8619E200F0BAFE78
:10C48000922000F0E7FE07F1200306221946122051
:10C4900000F08AFE00F0BAFE97F821301BB21B02B2
:10C4A0001AB297F820301BB21343FB87B7F93E301E
:10C4B00007EE903AB8EEE77A914BD3ED007A67EE4B
:10C4C000277A7B68C3ED007A97F823301BB21B02F2
:10C4D0001AB297F822301BB21343FB87B7F93E30EC
:10C4E00007EE903AB8EEE77A854BD3ED007A67EE27
:10C4F000277A7B68C3ED017A97F825301BB21B02BF
:10C500001AB297F824301BB21343FB87B7F93E30B9
:10C5100007EE903AB8EEE77A794BD3ED007A67EE02
:10C52000277A7B68C3ED027A7B6893ED007A7B689B
:10C53000D3ED007A27EE277A7B68D3ED016A7B681A
:10C54000D3ED017A66EEA77A37EE277A7B68D3EDD2
:10C55000026A7B68D3ED027A66EEA77A77EE277AD5
:10C56000B0EE670A06F052FC87ED0A0A7B6893ED8D
:10C570000C7AD7ED0A7A77EE277A7B68C3ED0C7ACE
:10C5800000F050FE07F1200308221946002000F0B9
:10C590000BFE00F053FE97F820300F2B68D197F870
:10C5A00023301BB21B021AB297F822301BB213437E
:10C5B000FB87B7F93E3007EE903AB8EEE77A514B79
:10C5C000D3ED007A67EE277A7B68C3ED037A7B6848
:10C5D00093ED097A7B68D3ED037A77EE277A7B684F
:10C5E000C3ED097A97F825301BB21B021AB297F8EF
:10C5F00024301BB21343FB87B7F93E3007EE903A65
:10C60000B8EEE77A3F4BD3ED007A67EE277A7B6886
:10C61000C3ED047A7B6893ED0A7A7B68D3ED047AE4
:10C6200077EE277A7B68C3ED0A7A97F827301BB23A
:10C630001B021AB297F826301BB21343FB87B7F9D7
:10C640003E3007EE903AB8EEE77A2E4BD3ED007A03
:10C6500067EE277A7B68C3ED057A7B6893ED0B7AEA
:10C660007B68D3ED057A77EE277A7B68C3ED0B7A8A
:10C670007B8E002B48D1BB6ABB63BB6A7B63002304
:10C6800087F8313022E097F8312097F83130796817
:10C69000023292000A44043212689B0040333B4449
:10C6A0002C3B1A6097F8312097F8313079680232C4
:10C6B00092000A44043212689B0040333B44383BEA
:10C6C0001A6097F83130013387F8313097F83130FC
:10C6D000022BD8D985E000BF545C0020AC38223B47
:10C6E000B016CE393F161B4100002042CC41010854
:10C6F000884101088C410108944101080AD7A33BF5
:10C700009C000020A000002097ED0A7AD7ED0E7A59
:10C71000B4EEE77AF1EE10FA01DDBB6ABB6397ED88
:10C720000A7AD7ED0D7AB4EEE77AF1EE10FA01D578
:10C73000BB6A7B63002387F830304EE097F83030D7
:10C740007A6802339B001344043393ED007A97F820
:10C7500030309B0040333B442C3BD3ED007AB4EEA9
:10C76000E77AF1EE10FA0EDD97F8302097F83030C6
:10C770007968023292000A44043212689B00403306
:10C780003B442C3B1A6097F830307A6802339B00A8
:10C790001344043393ED007A97F830309B00403314
:10C7A0003B44383BD3ED007AB4EEE77AF1EE10FA71
:10C7B0000ED597F8302097F8303079680232920021
:10C7C0000A44043212689B0040333B44383B1A60F1
:10C7D00097F83030013387F8303097F83030022B3B
:10C7E000ACD997ED0E7AD7ED0D7A77EE677AA64B36
:10C7F000C3ED007A002387F82F301DE097F82F3023
:10C800009B0040333B442C3B93ED007A97F82F304C
:10C810009B0040333B44383BD3ED007A97F82F30F0
:10C8200077EE677A994A9B001344C3ED007A97F834
:10C830002F30013387F82F3097F82F30022BDDD9B6
:10C84000914BD3ED007AB6EE007AF4EEC77AF1EEB2
:10C8500010FA1DDC8D4BD3ED007A9FED8D7AF4EE4E
:10C86000C77AF1EE10FA13DC884BD3ED017A9FED15
:10C87000887AF4EEC77AF1EE10FA09DC834BD3ED37
:10C88000027A9FED837AF4EEC77AF1EE10FA08DDB2
:10C89000804B0093804B814A8149002004F0CCFEFC
:10C8A0000CE09FED800AFDF78DFF7B8E01337B86C8
:10C8B0007D4B1B887A8E9A42FFF4E0AD7B68D3ED06
:10C8C0000C6A794B1B8807EE903AB8EE677AC6EE91
:10C8D000877A7B68C3ED0C7A002387F82E301EE040
:10C8E00097F82E307A6808339B0013440433D3ED55
:10C8F000006A6D4B1B8807EE903AB8EE677A97F89E
:10C900002E30C6EE877A7A6808339B0013440433CE
:10C91000C3ED007A97F82E30013387F82E3097F860
:10C920002E30022BDCD900F065FCA22000F092FC36
:10C9300007F1200302221946222000F035FC00F006
:10C9400065FC97F820301BB2DB001AB297F8213053
:10C950005B09DBB21BB21343FB87B7F93E30B3F57B
:10C96000806F04DBFB8FA3F500639BB2FB87B7F9F5
:10C970003E3007EE903AF8EEE77AB4EE007A67EED2
:10C98000877AB3EE077A77EE877A7B68C3ED067A0B
:10C99000464BB3F900309BB201339BB21AB2434B02
:10C9A0001A80394BD3ED007AB6EE007AF4EEC77AEE
:10C9B000F1EE10FA3FF723AD7B68D3ED0C7A9FEDD3
:10C9C0003C7A77EEC77AF0EEE77AB6EE007AF4EECC
:10C9D000C77AF1EE10FA3FF712AD2C4BD3ED007A87
:10C9E0009FED2B7AF4EEC77AF1EE10FA3FF707AD20
:10C9F000264BD3ED017A9FED267AF4EEC77AF1EE5D
:10CA000010FA3FF7FCAC214BD3ED027A9FED207A70
:10CA1000F4EEC77AF1EE10FA3FF7F1AC7B68D3ED94
:10CA2000097AF0EEE77A9FED237AF4EEC77AF1EE19
:10CA300010FA3FF7E4AC7B68D3ED0A7AF0EEE77AC0
:10CA40009FED1C7AF4EEC77AF1EE10FA3FF7D7ACFF
:10CA50007B68D3ED0B7AF0EEE77A9FED167AF4EE71
:10CA6000C77AF1EE10FA3FF7CAAC7B6893ED0C7A07
:10CA7000DFED116AC6EE877A7B68C3ED087A00BFE6
:10CA80004037BD4680BD00BF185C00200C5C002014
:10CA90009A99993ECC410108D4410108D841010836
:10CAA000E04101086F12033ACE0000201C5C002018
:10CAB000CDCC1C410AD7233CC3F51C4180B582B0C4
:10CAC00002AF00F097FB802000F0C4FB552000F07F
:10CAD000C1FB552000F0BEFB03461A46684B1A7096
:10CAE00000F094FB9FED670AFDF76CFE00F082FBFF
:10CAF000802000F0AFFB552000F0ACFB552000F08B
:10CB0000A9FB03461A465E4B1A7000F07FFB9FEDAF
:10CB10005D0AFDF757FE00F06DFBB6217E2000F0A8
:10CB200017FB00F073FB9FED580AFDF74BFE00F07A
:10CB300061FB802000F08EFB552000F08BFB552020
:10CB400000F088FB03461A464D4B1A7000F05EFB5E
:10CB50009FED4C0AFDF736FE00F04CFB802000F004
:10CB600079FB552000F076FB552000F073FB03465F
:10CB70001A46434B1A7000F049FB9FED420AFDF73D
:10CB800021FE3F4B1B781E2B09D0404B0093404B9E
:10CB9000404A4149002004F04FFDFF236CE03F4B29
:10CBA00000221A7063E000F025FB3C4B1B7819460D
:10CBB0003B4A0B465B000B4413441A78374B1B78F7
:10CBC0001846374903465B0003440B4401331B7886
:10CBD0001946104600F0BCFA00F018FB9FED290A38
:10CBE000FDF7F0FD00F006FB2C4B1B7819462C4A94
:10CBF0000B465B000B4413441B7863F07F03DBB2EE
:10CC0000184600F027FB552000F024FB552000F0CB
:10CC100021FB03461A461A4B1A7000F0F7FA9FEDF3
:10CC2000190AFDF7CFFD1D4B1B7819461C4A0B4610
:10CC30005B000B44134401331A78114B1B789A4262
:10CC40000FD0164B1B781946154A0B465B000B4458
:10CC5000134402331A78134B1B781343DAB2114B87
:10CC60001A700E4B1B780133DAB20C4B1A700B4B57
:10CC70001B78052B97D900231846BD4680BD00BF01
:10CC8000085C00206F12833A0AD7A33DCC4101080B
:10CC9000884101088C41010810420108095C00200C
:10CCA000A80000200A5C002080B582B002AF00F02E
:10CCB000B9FA5949002000F05FFA00F0BFFA9FED81
:10CCC000570AFDF77FFD00F0ADFA5349002000F050
:10CCD00053FA00F0B3FA9FED510AFDF773FD00F02F
:10CCE000A1FAB621142000F033FA00F0A7FA9FED64
:10CCF0004C0AFDF767FD00F095FA4749002000F067
:10CD00003BFA00F09BFA9FED450AFDF75BFD00F052
:10CD100089FA4149002000F02FFA00F08FFA9FEDC8
:10CD20003F0AFDF74FFD3C4B1B780F2B09D03D4BC5
:10CD300000933D4B3D4A3E49002004F07DFCFF231B
:10CD400066E03C4B00221A705DE000F06BFA394B54
:10CD50001B781946384A0B465B000B4413441A787B
:10CD6000344B1B781846344903465B0003440B449C
:10CD700001331B781946104600F0EAF900F05EFA1C
:10CD80009FED260AFDF71EFD00F04CFA294B1B789B
:10CD90001946294A0B465B000B4413441B781E4975
:10CDA000184600F0E9F900F049FA9FED1C0AFDF77A
:10CDB00009FD204B1B7819461F4A0B465B000B44AC
:10CDC000134401331A78144B1B789A4215D0194B2F
:10CDD0001B78013BDAB2174B1A70164B1B781946B9
:10CDE000164A0B465B000B44134402331A78144B6B
:10CDF0001B781343DAB2124B1A700E4B1B780133B7
:10CE0000DAB20C4B1A700B4B1B78052B9DD9002303
:10CE10001846BD4680BD00BF085C00206F12833AF3
:10CE20000AD7A33DCC410108884101088C41010883
:10CE300044420108095C0020BC000020A80000203A
:10CE40000A5C002080B582B000AF786000F0D2F9B3
:10CE5000922000F0FFF906226C49122000F0A4F99C
:10CE600000F0D4F9694B5B781BB21B021AB2674B16
:10CE70001B781BB213431AB2654B1A80644BB3F98B
:10CE8000003007EE903AB8EEE77A624BD3ED007AC5
:10CE900027EE277A7B68D3ED087A67EE277A7B68DE
:10CEA000C3ED007A594BDB781BB21B021AB2574B09
:10CEB0009B781BB213431AB2554B1A80544BB3F9EB
:10CEC000003007EE903AB8EEE77A524BD3ED007A95
:10CED00027EE277A7B68D3ED087A67EE277A7B689E
:10CEE000C3ED017A494B5B791BB21B021AB2474B67
:10CEF0001B791BB213431AB2454B1A80444BB3F94A
:10CF0000003007EE903AB8EEE77A424BD3ED007A64
:10CF100027EE277A7B68D3ED087A67EE277A7B685D
:10CF2000C3ED027A00F07EF908223849002000F0B3
:10CF30003BF900F083F9354B1B780F2B40F0C18093
:10CF4000354B1B78002B6BD0304BDB781BB21B02B0
:10CF50001AB22E4B9B781BB213431AB22C4B1A8079
:10CF60002B4BB3F9003007EE903AB8EEE77A2B4B33
:10CF7000D3ED007A27EE277A7B68D3ED097A77EE36
:10CF8000677A7B68C3ED037A204B5B791BB21B0287
:10CF90001AB21E4B1B791BB213431AB21C4B1A80D8
:10CFA0001B4BB3F9003007EE903AB8EEE77A1B4B13
:10CFB000D3ED007A27EE277A7B68D3ED0A7A77EEF5
:10CFC000677A7B68C3ED047A104BDB791BB21B02D6
:10CFD0001AB20E4B9B791BB213431AB20C4B1A8038
:10CFE0000B4BB3F9003007EE903AB8EEE77A0B4BF3
:10CFF000D3ED007A27EE277A7B68D3ED0B7A77EEB4
:10D00000677A7B68C3ED057A5BE000BF585C00205F
:10D01000605C00209C000020A4000020A0000020F4
:10D02000484BDB781BB21B021AB2464B9B781BB2F3
:10D0300013431AB2444B1A80434BB3F9003007EE46
:10D04000903AB8EEE77A414BD3ED007A67EE277A53
:10D050007B68C3ED037A3B4B5B791BB21B021AB2B0
:10D06000384B1B791BB213431AB2374B1A80364B1D
:10D07000B3F9003007EE903AB8EEE77A334BD3EDD0
:10D08000007A67EE277A7B68C3ED047A2D4BDB7953
:10D090001BB21B021AB22B4B9B791BB213431AB261
:10D0A000294B1A80284BB3F9003007EE903AB8EEBE
:10D0B000E77A264BD3ED007A67EE277A7B68C3EDDB
:10D0C000057A00F097F8A22000F0C4F802221D496A
:10D0D000222000F069F800F099F81A4B1B781BB277
:10D0E000DB001AB2174B5B785B09DBB21BB2134350
:10D0F0001AB2154B1A80144BB3F90030B3F5806F98
:10D1000009DB114BB3F900309BB2A3F500639BB26E
:10D110001AB20D4B1A800C4BB3F9003007EE903A5F
:10D12000F8EEE77AB4EE007A67EE877AB3EE077A24
:10D1300077EE877A7B68C3ED077A00BF0837BD4674
:10D1400080BD00BF585C0020605C0020A000002073
:10D1500080B582B000AF03460A46FB711346BB712F
:10D16000FB79184600F076F8BB79184600F072F8A3
:10D1700000BF0837BD4680BD80B582B000AF034612
:10D180003960FB71FB7963F07F03DBB2184600F076
:10D1900061F8552000F05EF803461A463B681A70A5
:10D1A00000BF0837BD4680BD80B582B000AF0346E2
:10D1B0003960FB711346BB71FB7963F07F03DBB20F
:10D1C000184600F047F80CE0552000F043F80346FD
:10D1D0001A463B681A703B6801333B60BB79013BE0
:10D1E000BB71BB79002BEFD100BF00BF0837BD4634
:10D1F00080BD000080B500AF002210210248F6F784
:10D2000041F800BF80BD00BF0000024080B500AF04
:10D21000012210210248F6F735F800BF80BD00BF9B
:10D220000000024080B500AF002201210248F6F75D
:10D2300029F800BF80BD00BF0004024080B500AFE8
:10D24000012201210248F6F71DF800BF80BD00BF92
:10D250000004024080B586B002AF0346FB71084B64
:10D26000186807F10F02F91D4FF47A730093012338
:10D27000F8F75DFDFB7B18461037BD4680BD00BF4B
:10D28000645C002080B582B000AF78600C22002181
:10D290007868F3F792FA012201210348F5F7F2FFCB
:10D2A00000BF0837BD4680BD0000024080B52DEDAF
:10D2B000028B8EB000AF786007F1240300221A6061
:10D2C0005A609A604FF00003BB614FF00003FB61AE
:10D2D0004FF07E533B6207F10C0300221A605A6044
:10D2E0009A60002387F8373026E05848FFF7AAFDF8
:10D2F00097ED097A554BD3ED007A77EE277AC7ED93
:10D30000097A97ED0A7A514BD3ED017A77EE277AB5
:10D31000C7ED0A7A97ED0B7A4C4BD3ED027A77EE94
:10D32000277AC7ED0B7A9FED4A0AFDF74BFA97F87B
:10D330003730013387F8373097F83730632BD4D93B
:10D34000002387F8363018E097F836309B003833E2
:10D350003B44143B93ED007A97F83630DFED3D6A9D
:10D36000C7EE267A9B0038333B44143BC3ED007A6A
:10D3700097F83630013387F8363097F83630022B7D
:10D38000E2D907F12403184603F010F907F1180257
:10D3900007F124031146184603F0AEF9F0EE407A87
:10D3A000B0EE670A05F0D8FC87ED0C0A07F10C0215
:10D3B00007F1180107F12403184603F048F907F1B3
:10D3C0000C03184603F0F2F8D7ED0C7AF0EE006A81
:10D3D00087EEA67AB0EE470A05F036FDF0EE407A09
:10D3E0007B68C3ED007A002387F8353022E097F898
:10D3F00035309B0038333B442C3B93ED008AD7ED0E
:10D400000C7AF0EE006A87EEA67AB0EE470A05F0D5
:10D4100067FDF0EE407A97F8353001339B007A686B
:10D42000134468EE277AC3ED007A97F8353001335C
:10D4300087F8353097F83530012BD8D900BF00BFB9
:10D440003837BD46BDEC028B80BD00BF205C00209C
:10D450006F12833A0000C84280B584B000AF284BF9
:10D4600093F87830002B04D1254B012283F87820E3
:10D4700001E0244B40E001212348FEF751FF034621
:10D48000002BF8D1214B4FF07E525A601F4B4FF0CA
:10D490007E529A601D4B4FF07E52DA601B4B4FF06C
:10D4A00000021A61194B4FF000025A61174B4FF0FE
:10D4B00000029A61154B01221A703B4600221A6045
:10D4C0005A609A60DA603B461846FFF7EFFE3B462B
:10D4D0009FED0F2AF7EE001A9FED0E1ADFED0E0AF0
:10D4E000B2EE040A184601F0F9FD054B0B4A9A62A8
:10D4F0000B48FDF733F8034B18461037BD4680BD87
:10D50000685C0020B85C0020A0550020E45C00208E
:10D5100000000000002474496F12833A96430B3CCC
:10D52000005D002090B589B000AF4FF000033B6173
:10D530004FF000037B61714BBB617148FDF70EF842
:10D54000F0EE407A6F4BC3ED007A6F4B93ED007AAB
:10D550006C4BD3ED007A77EE277A6B4BC3ED007AF4
:10D560006A48FFF76FFC694B1B68694AD365674BD4
:10D570005B68674A1366654B9B68654A5366634BF5
:10D58000DB68634A1365614B1B69614A53655F4BF6
:10D590005B695F4A93655F4A5F49604800F024FB1E
:10D5A0005B4BD3ED147A5A4B93ED157A584BD3ED70
:10D5B000166A574B93ED176A554BD3ED185A544BD7
:10D5C00093ED195A4F4BD3ED004AB0EE643AF0EEAA
:10D5D000452AB0EE652AF0EE461AB0EE661AF0EE75
:10D5E000470AB0EE670A01F023FE494A4C4B144645
:10D5F00003F5A8730FCB84E80F00454A49494A4810
:10D6000000F0A2F8424A4949494800F09DF8404AD2
:10D610004849494800F098F8391D07F110033C4A81
:10D62000184600F0B9F90023FB7741E0FB7F384A48
:10D6300016339B001344043393ED007AFB7F9B0069
:10D6400020333B441C3BD3ED007A37EE677A2D4BF9
:10D65000D3ED007A67EE276A2D4B93ED0A7A294BBA
:10D66000D3ED007A77EE277A86EEA77AFB7F284AF9
:10D6700004339B001344D3ED006A254BD3ED0A7AA3
:10D6800026EEA76A224BD3ED0A6A1E4BD3ED007A31
:10D6900076EEA76AC6EE267AFB7F77EE277A1C4ADB
:10D6A00004339B001344C3ED007AFB7F0133FB7707
:10D6B000FB7F022BBAD9164A2049214800F044F8D2
:10D6C000174BD3F8A831124A1367154BD3F8A4317E
:10D6D0000F4AD366124BD3F8A0310D4A9366104B14
:10D6E000D3F8AC310A4A5367164B1B685A1C1549CC
:10D6F0000A6000BF2437BD4690BD00BFC3F51C4182
:10D70000005D0020045D0020085D0020205C0020FA
:10D71000685C0020C45C0020B85C0020E45C002051
:10D72000485D0020945C00202C430108A05C002090
:10D7300038430108AC5C002044430108845C0020AD
:10D74000785C00200C5D002080B485B000AFF860EC
:10D75000B9607A607B68083393ED007A7B680833A0
:10D76000D3ED007A67EE277AB6EE007A37EE677A65
:10D770007B680C33D3ED006A7B680C33D3ED007A01
:10D7800066EEA77A37EE677AFB68D3ED007A27EE6C
:10D79000277A7B680433D3ED006A7B680833D3EDC6
:10D7A000007A66EEA76A7B6893ED006A7B680C33AB
:10D7B000D3ED007A66EE277A76EEE76AFB680433EB
:10D7C000D3ED007A66EEA77A37EE277A7B680433CA
:10D7D000D3ED006A7B680C33D3ED007A66EEA76A5E
:10D7E0007B6893ED006A7B680833D3ED007A66EEC0
:10D7F000277A76EEA76AFB680833D3ED007A66EEE7
:10D80000A77A77EE277A77EEA77ABB68C3ED007A1E
:10D810007B68043393ED007A7B680833D3ED007A9C
:10D8200027EE277A7B68D3ED006A7B680C33D3ED53
:10D83000007A66EEA77A37EE277AFB68D3ED007A96
:10D8400027EE277A7B680433D3ED006A7B680433C4
:10D85000D3ED007A66EEA77AF6EE006A76EEE76A16
:10D860007B680C3393ED006A7B680C33D3ED007A50
:10D8700066EE277A76EEE76AFB680433D3ED007A2A
:10D8800066EEA77A37EE277A7B680833D3ED006A15
:10D890007B680C33D3ED007A66EEA76A7B6893ED64
:10D8A000006A7B680433D3ED007A66EE277A76EE61
:10D8B000E76AFB680833D3ED007A66EEA77A77EE65
:10D8C000277ABB68043377EEA77AC3ED007A7B68CA
:10D8D000043393ED007A7B680C33D3ED007A27EEA6
:10D8E000277A7B68D3ED006A7B680833D3ED007A32
:10D8F00066EEA77A37EE677AFB68D3ED007A27EEFB
:10D90000277A7B680833D3ED006A7B680C33D3ED4C
:10D91000007A66EEA76A7B6893ED006A7B68043341
:10D92000D3ED007A66EE277A76EEA76AFB680433B9
:10D93000D3ED007A66EEA77A37EE277A7B68043358
:10D94000D3ED006A7B680433D3ED007A66EEA77AE4
:10D95000F6EE006A76EEE76A7B68083393ED006ABC
:10D960007B680833D3ED007A66EE277A76EEE76AB5
:10D97000FB680833D3ED007A66EEA77A77EE277A54
:10D98000BB68083377EEA77AC3ED007A00BF14377F
:10D99000BD465DF8047B704780B485B000AFF86089
:10D9A000B9607A607B68083393ED007A7B6808334E
:10D9B000D3ED007A67EE277AB6EE007A37EE677A13
:10D9C0007B680C33D3ED006A7B680C33D3ED007AAF
:10D9D00066EEA77A37EE677AFB68D3ED007A27EE1A
:10D9E000277A7B680433D3ED006A7B680833D3ED74
:10D9F000007A66EEA76A7B6893ED006A7B680C3359
:10DA0000D3ED007A66EE277A76EEA76AFB680433D8
:10DA1000D3ED007A66EEA77A37EE277A7B68043377
:10DA2000D3ED006A7B680C33D3ED007A66EEA76A0B
:10DA30007B6893ED006A7B680833D3ED007A66EE6D
:10DA4000277A76EEE76AFB680833D3ED007A66EE54
:10DA5000A77A77EE277A77EEA77ABB68C3ED007ACC
:10DA60007B68043393ED007A7B680833D3ED007A4A
:10DA700027EE277A7B68D3ED006A7B680C33D3ED01
:10DA8000007A66EEA77A37EE677AFB68D3ED007A04
:10DA900027EE277A7B680433D3ED006A7B68043372
:10DAA000D3ED007A66EEA77AF6EE006A76EEE76AC4
:10DAB0007B680C3393ED006A7B680C33D3ED007AFE
:10DAC00066EE277A76EEE76AFB680433D3ED007AD8
:10DAD00066EEA77A37EE277A7B680833D3ED006AC3
:10DAE0007B680C33D3ED007A66EEA76A7B6893ED12
:10DAF000006A7B680433D3ED007A66EE277A76EE0F
:10DB0000A76AFB680833D3ED007A66EEA77A77EE52
:10DB1000277ABB68043377EEA77AC3ED007A7B6877
:10DB2000043393ED007A7B680C33D3ED007A27EE53
:10DB3000277A7B68D3ED006A7B680833D3ED007ADF
:10DB400066EEA77A37EE277AFB68D3ED007A27EEE8
:10DB5000277A7B680833D3ED006A7B680C33D3EDFA
:10DB6000007A66EEA76A7B6893ED006A7B680433EF
:10DB7000D3ED007A66EE277A76EEE76AFB68043327
:10DB8000D3ED007A66EEA77A37EE277A7B68043306
:10DB9000D3ED006A7B680433D3ED007A66EEA77A92
:10DBA000F6EE006A76EEE76A7B68083393ED006A6A
:10DBB0007B680833D3ED007A66EE277A76EEE76A63
:10DBC000FB680833D3ED007A66EEA77A77EE277A02
:10DBD000BB68083377EEA77AC3ED007A00BF14372D
:10DBE000BD465DF8047B704780B592B000AFF86029
:10DBF000B9607A60FB6893ED047AC24BD3ED007A8A
:10DC000077EE677AF0EEE77A9FEDBF7AF4EEC77AA7
:10DC1000F1EE10FA26DCFB6893ED057ABB4BD3EDF1
:10DC2000007A77EE677AF0EEE77A9FEDB77AF4EE56
:10DC3000C77AF1EE10FA15DCFB6893ED067AB44B67
:10DC4000D3ED007A77EE677AF0EEE77A9FEDAE7A61
:10DC5000F4EEC77AF1EE10FA04DCFB681B78002BB7
:10DC600000F0D080FB68D3ED047ADFEDAA6A87EE7E
:10DC7000A67AB0EE470A04F09DFA87ED100AFB6819
:10DC8000D3ED057ADFEDA36A87EEA67AB0EE470AF8
:10DC900004F090FA87ED0F0AFB68D3ED067ADFED0A
:10DCA0009D6A87EEA67AB0EE470A04F083FA87ED04
:10DCB0000E0AFB68D3ED047ADFED966A87EEA67A4A
:10DCC000B0EE470A04F030FA87ED0D0AFB68D3ED99
:10DCD000057ADFED906A87EEA67AB0EE470A04F087
:10DCE00023FA87ED0C0AFB68D3ED067ADFED896A2B
:10DCF00087EEA67AB0EE470A04F016FA87ED0B0A13
:10DD000097ED107AD7ED0E7A27EE277AD7ED0D6AC8
:10DD1000D7ED0C7A66EEA76AD7ED0B7A66EEA77A96
:10DD200077EE277A7C4BC3ED007A97ED0F7AD7ED2B
:10DD30000D7A67EE277A794BC3ED007A97ED107A6A
:10DD4000D7ED0B7A27EE277AD7ED0E6AD7ED0D7A4D
:10DD500066EEA76AD7ED0C7A66EEA77A77EE677A59
:10DD60006F4BC3ED007A97ED107AD7ED0C7A27EE62
:10DD7000277AD7ED0B7A27EE277AD7ED0E6AD7ED03
:10DD80000D7A66EEA77A77EE677A664BC3ED007A76
:10DD900097ED107AD7ED0F7A67EE277A624BC3EDD5
:10DDA000007AD7ED0D7AB1EE677AD7ED0B7A27EED0
:10DDB000277AD7ED106AD7ED0E7A66EEA76AD7ED0F
:10DDC0000C7A66EEA77A77EE677A584BC3ED007A45
:10DDD000D7ED0F7AB1EE677AD7ED0B7A67EE277A37
:10DDE000534BC3ED007A534A3B6B136097ED0F7AA8
:10DDF000D7ED0E7A67EE277A4F4BC3ED007AFB68BA
:10DE000000221A70002387F847301DE097F847304A
:10DE10009B00BA68134493ED007A97F84730FA688C
:10DE20009B0013440433D3ED007A97F8473067EE34
:10DE3000277A9B0048333B44283BC3ED007A97F890
:10DE40004730013387F8473097F84730022BDDD948
:10DE500097ED087A304BD3ED007A27EE277AD7ED8D
:10DE6000096A2E4BD3ED007A66EEA77A37EE277A51
:10DE7000D7ED0A6A2A4BD3ED007A66EEA77A77EEE1
:10DE8000277ABB68C3ED007A97ED087A254BD3ED6E
:10DE9000007A27EE277AD7ED096A234BD3ED007A73
:10DEA00066EEA77A37EE277AD7ED0A6A1F4BD3EDD5
:10DEB000007A66EEA77ABB68043377EE277AC3ED63
:10DEC000007A97ED087A1A4BD3ED007A27EE277A7D
:10DED000D7ED096A174BD3ED007A66EEA77A37EED5
:10DEE000277AD7ED0A6A144BD3ED007A66EEA77A4B
:10DEF000BB68083377EE277AC3ED007A002387F8F2
:10DF000046302DE0105D00206F12833A145D002032
:10DF1000185D0020E12E65421C5D0020205D002080
:10DF2000245D0020285D00202C5D0020305D002055
:10DF3000345D0020385D00203C5D002097F84630BD
:10DF40009B007A681A4497F8463012689B00483361
:10DF50003B44343B1A6097F84630013387F846302B
:10DF600097F84630022BE9D997ED057A314BD3ED7E
:10DF7000007A27EE277AD7ED066A2F4BD3ED007A89
:10DF800066EEA77A37EE277AD7ED076A2B4BD3EDEB
:10DF9000007A66EEA77A77EE277A7B68C3ED007A7F
:10DFA00097ED057A264BD3ED007A27EE277AD7ED49
:10DFB000066A244BD3ED007A66EEA77A37EE277A0D
:10DFC000D7ED076A204BD3ED007A66EEA77A7B681F
:10DFD000043377EE277AC3ED007A97ED057A1B4B71
:10DFE000D3ED007A27EE277AD7ED066A184BD3EDEA
:10DFF000007A66EEA77A37EE277AD7ED076A154BD7
:10E00000D3ED007A66EEA77A7B68083377EE277A3D
:10E01000C3ED007AFB681B690F4A1360FB685B69FC
:10E020000E4A1360FB689B690D4A136000BF4837B6
:10E03000BD4680BD1C5D0020205D0020245D0020C9
:10E04000285D00202C5D0020305D0020345D002024
:10E05000385D00203C5D0020105D0020145D002034
:10E06000185D002080B582B000AF78600846114688
:10E070001A460346FB700B46BB7013467B70BA4BC7
:10E0800004221A80B94B08221A807B68FA781A7326
:10E090007B68BA785A737B687A789A737B680022B7
:10E0A0001A747B78184604F0D3F803461A467B6846
:10E0B0005A617B685B697A7800211846F2F77DFB2C
:10E0C000A94B1B881A467B7802FB03F3184604F021
:10E0D000BFF803461A467B689A617B689869A24B31
:10E0E0001B881A467B7802FB03F31A460021F2F7DD
:10E0F00064FB9D4B1B881A467B7802FB03F3184692
:10E1000004F0A6F803461A467B68DA617B68D86992
:10E11000954B1B881A467B7802FB03F31A460021B5
:10E12000F2F74BFB904B1B881A46FB7802FB03F37C
:10E13000184604F08DF803461A467B681A627B681D
:10E14000186A894B1B881A46FB7802FB03F31A46B0
:10E150000021F2F732FB7B78184604F079F8034689
:10E160001A467B685A627B685B6A7A780021184697
:10E17000F2F723FB7C4B1B881A46FB7802FB03F368
:10E18000184604F065F803461A467B681A607B68F7
:10E190001868754B1B881A46FB7802FB03F31A4676
:10E1A0000021F2F70AFB704B1B881A467B7802FBB2
:10E1B00003F3184604F04CF803461A467B685A608D
:10E1C0007B685868684B1B881A467B7802FB03F310
:10E1D0001A460021F2F7F1FA634B1B881A46BB7806
:10E1E00002FB03F3184604F033F803461A467B6833
:10E1F0009A607B6898685C4B1B881A46BB7802FB68
:10E2000003F31A460021F2F7D8FA574B1B881A4637
:10E21000FB7802FB03F3184604F01AF803461A468B
:10E220007B68C3F8E8207B68D3F8E8004E4B1B8876
:10E230001A46FB7802FB03F31A460021F2F7BDFAF7
:10E240007B6803F130007B681B7B19467B68D3F841
:10E25000E830012203F0F8FE434B1B881A46FB7896
:10E2600002FB03F3184603F0F3FF03461A467B68EC
:10E27000C3F8EC207B68D3F8EC003B4B1B881A46B4
:10E28000FB7802FB03F31A460021F2F796FA7B684B
:10E2900003F138007B681B7B19467B68D3F8EC30B0
:10E2A000012203F0D1FEBB78002B26D02E4B1B8819
:10E2B0001A46BB7802FB03F3184603F0C9FF034676
:10E2C0001A467B68C3F8F0207B68D3F8F000264B31
:10E2D0001B881A46BB7802FB03F31A460021F2F7AB
:10E2E0006CFA7B6803F140007B685B7B19467B68B6
:10E2F000D3F8F030012203F0A7FE1B4B1B881A460F
:10E300007B7802FB03F3184603F0A2FF03461A468C
:10E310007B68C3F8F4207B68D3F8F400124B1B88A9
:10E320001A467B7802FB03F31A460021F2F745FAFE
:10E330007B6803F148007B689B7B19467B68D3F8B8
:10E34000F430012203F080FE074B1B881A46FB784D
:10E3500002FB03F3FA7802FB03F3184603F078FF9D
:10E3600003461A467B6803E0405D0020425D0020C2
:10E37000C3F8F8207B68D3F8F800BD4B1B881A4619
:10E38000FB7802FB03F3FA7802FB03F31A46002141
:10E39000F2F713FA7B6803F150007B681B7B194688
:10E3A0007B681B7B1A467B68D3F8F83003F04CFE81
:10E3B000AF4B1B881A46FB7802FB03F3FA7802FB8B
:10E3C00003F3184603F044FF03461A467B68C3F87C
:10E3D000FC207B68D3F8FC00A54B1B881A46FB7811
:10E3E00002FB03F3FA7802FB03F31A460021F2F76B
:10E3F000E4F97B6803F158007B681B7B19467B6856
:10E400001B7B1A467B68D3F8FC3003F01DFE984B4B
:10E410001B881A46FB7802FB03F3FA7802FB03F32E
:10E42000184603F015FF03461A467B68C3F800211F
:10E430008F4B1B881A46FB7802FB03F3FA7802FB2A
:10E4400003F3184603F004FF03461A467B68C3F83B
:10E4500004217B68D3F80001854B1B881A46FB78A2
:10E4600002FB03F3FA7802FB03F31A460021F2F7EA
:10E47000A4F97B68D3F804017D4B1B881A46FB780E
:10E4800002FB03F3FA7802FB03F31A460021F2F7CA
:10E4900094F97B6803F160007B681B7B19467B68FD
:10E4A0001B7B1A467B68D3F8003103F0CDFD7B68F7
:10E4B00003F168007B681B7B19467B681B7B1A464F
:10E4C0007B68D3F8043103F0BFFDBB78002B2ED05E
:10E4D000674B1B881A46FB7802FB03F3BA7802FBF2
:10E4E00003F3184603F0B4FE03461A467B68C3F8EC
:10E4F00008217B68D3F808015D4B1B881A46FB781E
:10E5000002FB03F3BA7802FB03F31A460021F2F789
:10E5100054F97B6803F170007B681B7B19467B68AC
:10E520005B7B1A467B68D3F8083103F08DFD504BB6
:10E530001B881A467B7802FB03F3FA7802FB03F38D
:10E54000184603F085FE03461A467B68C3F80C2183
:10E55000474B1B881A46FB7802FB03F37A7802FBD1
:10E5600003F3184603F074FE03461A467B68C3F8AB
:10E5700010217B68D3F80C013D4B1B881A467B7831
:10E5800002FB03F3FA7802FB03F31A460021F2F7C9
:10E5900014F97B68D3F81001354B1B881A46FB78B9
:10E5A00002FB03F37A7802FB03F31A460021F2F729
:10E5B00004F97B6803F178007B689B7B19467B68D4
:10E5C0001B7B1A467B68D3F80C3103F03DFD7B685A
:10E5D00003F180007B681B7B19467B689B7B1A4696
:10E5E0007B68D3F8103103F02FFD214B1B881A46AE
:10E5F000FB7802FB03F3FA7802FB03F3184603F0FF
:10E6000027FE03461A467B68C3F814217B68D3F8BB
:10E610001401174B1B881A46FB7802FB03F3FA78A8
:10E6200002FB03F31A460021F2F7C7F87B6803F1F7
:10E6300088007B681B7B19467B681B7B1A467B68BE
:10E64000D3F8143103F000FD094B1B881A467B7880
:10E6500002FB03F37A7802FB03F3184603F0F8FD9C
:10E6600003461A467B68C3F818217B6802E000BFA6
:10E67000405D0020D3F818017D4B1B881A467B783B
:10E6800002FB03F37A7802FB03F31A460021F2F748
:10E6900094F87B6803F190007B689B7B19467B684C
:10E6A0009B7B1A467B68D3F8183103F0CDFC704B86
:10E6B0001B881A46FB7802FB03F37A7802FB03F30C
:10E6C000184603F0C5FD03461A467B68C3F81C21B3
:10E6D0007B68D3F81C01664B1B881A46FB7802FB4B
:10E6E00003F37A7802FB03F31A460021F2F765F888
:10E6F0007B6803F198007B681B7B19467B689B7BDA
:10E700001A467B68D3F81C3103F09EFC584B1B88DB
:10E710001A467B681B7B02FB03F37A68127B02FBC1
:10E7200003F3184603F094FD03461A467B68C3F8CA
:10E7300020214F4B1B881A467B681B7B02FB03F38F
:10E740007A68127B02FB03F3184603F081FD03464F
:10E750001A467B68C3F82421454B1B881A467B6800
:10E760001B7B02FB03F37A68127B02FB03F3184660
:10E7700003F06EFD03461A467B68C3F828213C4B24
:10E780001B881A467B681B7B02FB03F3184603F0C9
:10E790005FFD03461A467B68C3F82C21344B1B8867
:10E7A0001A467B681B7B02FB03F3184603F050FDFF
:10E7B00003461A467B68C3F830217B6803F1A0004A
:10E7C0007B681B7B19467B681B7B1A467B68D3F8EA
:10E7D000203103F039FC7B6803F1A8007B681B7BC8
:10E7E00019467B681B7B1A467B68D3F8243103F0FB
:10E7F0002BFC7B6803F1B0007B681B7B19467B68B0
:10E800001B7B1A467B68D3F8283103F01DFC7B681C
:10E8100003F1B8007B681B7B19467B68D3F82C3169
:10E82000012203F011FC7B6803F1C0007B681B7BB5
:10E8300019467B68D3F83031012203F005FC7B6870
:10E84000002283F828207B68002283F829207B6837
:10E85000002283F82A207B68002283F82B207B6823
:10E86000002283F82C2000BF0837BD4680BD00BFC2
:10E87000405D002080B582B000AF78607B68DB7BB4
:10E88000002B03D0786800F033FB1BE07B68D3F8E3
:10E89000F4007B685968154B1B881A467B689B7B84
:10E8A00002FB03F31A4603F0E9FD7B6858680F4B3F
:10E8B0001B881A467B689B7B02FB03F31A460021E8
:10E8C000F1F77BFF7B68D3F8F0007B689968074B12
:10E8D0001B881A467B685B7B02FB03F31A4603F036
:10E8E000CDFD00BF0837BD4680BD00BF405D0020A4
:10E8F00080B582B000AF78607B6893F82830002B39
:10E9000058D17B685B7B002B44D07B681B7B1A460D
:10E910007B68A3F8B8207B680122A3F8BA207B6843
:10E9200003F160007B6803F130017B68B8331A465D
:10E9300003F04EF903461A467B6883F8C8207B68CB
:10E940001B7B1A467B68A3F8C0207B680122A3F8D2
:10E95000C2207B6803F170007B6803F140017B6893
:10E96000C0331A4603F034F903461A467B6883F82D
:10E97000C8207B6803F1B8007B6803F1C0017B68A5
:10E9800038331A4603F064FB03461A467B6883F863
:10E99000C8200FE07B6803F160007B6803F1300161
:10E9A0007B6838331A4603F013F903461A467B682E
:10E9B00083F8C82000BF0837BD4680BD80B582B04F
:10E9C00000AF78607B6893F82930002B49D17B68D1
:10E9D00003F160027B6868331946104602F0E2FFDB
:10E9E00003461A467B6883F8C8207B6803F1600001
:10E9F0007B6803F150017B6858331A4603F0E8F84E
:10EA000003461A467B6883F8C8207B68B3F8582011
:10EA10007B68A3F8A8207B68B3F86A207B68A3F81A
:10EA2000AA207B6803F158007B6803F168017B68CA
:10EA3000A8331A4603F0CCF803461A467B6883F8DD
:10EA4000C8207B6803F1A8007B6803F188017B681C
:10EA500058331A4603F0FCFA03461A467B6883F8DB
:10EA6000C82000BF0837BD4680BD80B582B000AF6A
:10EA700078607B6893F82A30002B40F09C807B689C
:10EA800003F178027B6880331946104602F08AFF52
:10EA900003461A467B6883F8C8207B68B3F8782061
:10EAA0007B68A3F8A8207B68B3F85A207B68A3F89A
:10EAB000AA207B6803F178007B6803F158017B682A
:10EAC000A8331A4603F084F803461A467B6883F895
:10EAD000C8207B68B3F8A8207B68A3F8B0207B68C7
:10EAE000B3F882207B68A3F8B2207B6803F1A8000A
:10EAF0007B6803F180017B68B0331A4603F068F845
:10EB000003461A467B6883F8C8207B68B3F89020D8
:10EB10007B68A3F8A0207B68B3F892207B68A3F8F9
:10EB2000A2207B6803F1B0007B6803F190017B6851
:10EB3000A0331A4603F08CFA03461A467B6883F822
:10EB4000C8207B6803F1A0027B68B03319461046E9
:10EB500003F04EF903461A467B6883F8C8207B68A9
:10EB6000B3F858207B68A3F8A8207B68B3F882200C
:10EB70007B68A3F8AA207B6803F158007B6803F147
:10EB800080017B68A8331A4603F022F803461A4630
:10EB90007B6883F8C8207B6803F1A8007B6803F1D9
:10EBA000B0017B6898331A4603F012F803461A4600
:10EBB0007B6883F8C82000BF0837BD4680BD80B59C
:10EBC00082B000AF78607B6893F82B30002B5DD16A
:10EBD0007B68B3F878207B68A3F8B8207B680122B3
:10EBE000A3F8BA207B6803F178007B6803F1380151
:10EBF0007B68B8331A4602F0EBFF03461A467B687F
:10EC000083F8C8207B68B3F848207B68A3F8C0204D
:10EC10007B680122A3F8C2207B6803F148007B686F
:10EC200003F1B8017B68C0331A4602F065FF034662
:10EC30001A467B6883F8C8207B68B3F898207B6805
:10EC4000A3F8B8207B680122A3F8BA207B6803F1FF
:10EC500098007B6803F1C0017B68B8331A4602F064
:10EC6000B7FF03461A467B6883F8C8207B6803F128
:10EC700038007B6803F1B8017B6830331A4603F033
:10EC8000E7F903461A467B6883F8C82000BF0837B7
:10EC9000BD4680BD80B582B000AF78607B6893F8D8
:10ECA0002C30002B47D17B68B3F898207B68A3F801
:10ECB000A8207B68B3F87A207B68A3F8AA207B6839
:10ECC000B3F8A8207B68A3F8B0207B68B3F85A207B
:10ECD0007B68A3F8B2207B6803F198007B6803F19E
:10ECE00078017B68A8331A4602F072FF03461A4681
:10ECF0007B6883F8C8207B6803F1A8007B6803F178
:10ED000058017B68B0331A4602F062FF03461A4688
:10ED10007B6883F8C8207B6803F158007B6803F1A7
:10ED2000B0017B6850331A4602F0E6FE03461A46ED
:10ED30007B6883F8C82000BF0837BD4680BD00004F
:10ED400080B584B000AF78607868FFF793FD7B688A
:10ED5000D3F8CC30002B04D07B68D3F8CC30786863
:10ED600098477868FFF7C4FD7B68D3F8D030002B54
:10ED700004D07B68D3F8D030786898477868FFF77C
:10ED80001DFE7B68D3F8D430002B04D07B68D3F809
:10ED9000D430786898477B681B7C002B03D17B6854
:10EDA000DB7B002B1DD17868FFF75FFE7B68D3F813
:10EDB000D830002B04D07B68D3F8D83078689847D7
:10EDC0007868FFF7FCFE7B68D3F8DC30002B04D0BA
:10EDD0007B68D3F8DC30786898477868FFF75AFF8B
:10EDE00023E07B68D3F8E8007B68D3F8EC103F4B56
:10EDF0001B881A467B681B7B02FB03F31A4603F051
:10EE00003DFB7B68D3F8F8007B68D3F8FC10374BE8
:10EE10001B881A467B681B7B02FB03F37A68127B14
:10EE200002FB03F31A4603F029FB7B68D3F8E030BA
:10EE3000002B04D07B68D3F8E03078689847002333
:10EE4000FB732FE07B68D3F8F820FB7B7968097BA4
:10EE500003FB01F1FB7B0B449B00134493ED007A11
:10EE60007B681A6AFB7B9B001344D3ED007AB4EEF7
:10EE7000E77AF1EE10FA12D57B681A6AFB7B9B00E9
:10EE80001A447B68D3F8F810FB7B7868007B03FB9F
:10EE900000F0FB7B03449B000B4412681A60FB7B71
:10EEA0000133FB737B681B7BFA7B9A42CAD37B6876
:10EEB00018687B68D3F8E8100C4B1B881A467B68EF
:10EEC0001B7B02FB03F31A4603F0D8FA7B68D3F8E6
:10EED000E430002B04D07B68D3F8E430786898479E
:10EEE0007B681B6818461037BD4680BD405D00201A
:10EEF00090B585B000AF78607B6800221A747B689B
:10EF0000D3F8F4007B685968734B1B881A467B68FA
:10EF10009B7B02FB03F31A4603F0B0FA7B68586848
:10EF20006D4B1B881A467B689B7B02FB03F31A46DA
:10EF30000021F1F742FC7B68D3F81801664B1B886F
:10EF40001A467B689B7B02FB03F37A68927B02FB89
:10EF500003F31A460021F1F730FC7B68D3F80C016B
:10EF60005D4B1B881A467B681B7B02FB03F37A68A8
:10EF7000927B02FB03F31A460021F1F71EFC0023EB
:10EF8000FB7347E07B68D3F8F420FB7B9B001344C2
:10EF9000D3ED007AF5EE407AF1EE10FA37D07B68C7
:10EFA000D3F8F420FB7B9B001A447B68D3F8F41061
:10EFB0007B681B7C9B000B4412681A607B685B6A51
:10EFC0007A68127C1344FA7B1A707B689A69FB7B1F
:10EFD0009B001A447B68D3F80C117B681B7B184696
:10EFE0007B681B7C00FB03F378684469F87B204452
:10EFF0000078034403F18043013B9B000B441268FB
:10F000001A607B681B7C0133DAB27B681A74FB7B65
:10F010000133FB737B689B7BFA7B9A42B2D300235C
:10F02000BB7319E07B68DA697B68596ABB7B0B4468
:10F030001B789B001A447B68D3F81811BB7B786857
:10F04000007C03FB00F0BB7B03449B000B44126875
:10F050001A60BB7B0133BB737B681B7CBA7B9A4213
:10F06000E0D37B681B7C1A467B68A3F878207B681A
:10F070001B7B1A467B68A3F87A207B681B7B1A46A9
:10F080007B68A3F880207B681B7C1A467B68A3F80A
:10F0900082207B681B7C1A467B68A3F890207B68E3
:10F0A0001B7C1A467B68A3F892207B681B7B1A4660
:10F0B0007B68A3F898207B681B7C1A467B68A3F8C2
:10F0C0009A207B681B7C1A467B68A3F8482000BF07
:10F0D0001437BD4690BD00BF405D002080B588B0AC
:10F0E00000AF786187ED040AC7ED030A87ED021AC5
:10F0F000C7ED011A87ED002A424B01221A70414ADE
:10F100003B69C2F8B0313F4AFB68C2F8B4313D4AAE
:10F11000BB68C2F8B8313B4B3B4AC3F8CC21394BF2
:10F12000002283F8382137494FF000024FF00003E6
:10F13000C1E9502333494FF000024FF00003C1E909
:10F140005223D7ED017AB7EE007AF4EEC77AF1EEEA
:10F1500010FA02DD4FF07E537B602A4A7B68C2F8CA
:10F16000D031284A3B68C2F890310323002206219F
:10F170002648FEF777FF264B01220121254802F0A1
:10F1800063FF0023FB610EE0FB699B007A691A4470
:10F190001C4BD3F8EC10FB699B000B4412681A60FF
:10F1A000FB690133FB61FB69032BEDDD154B1A4A4B
:10F1B000C3F8D020134B194AC3F8D420114B184A76
:10F1C000C3F8D8200F4B174AC3F8DC200D4B01229F
:10F1D00083F82E200B4B012283F82F20094BD3F804
:10F1E000043190221049184603F048F9054BD3F832
:10F1F000FC3090220D49184603F040F900BF20373B
:10F20000BD4680BD485D002077CC2B324C5D002090
:10F21000105F0020085F0020390401087DF9000814
:10F2200039FC00089DFD000850430108D000002073
:10F23000B0B58AB000AF87ED070AC7ED060A87EDC3
:10F24000051AC7ED041A87ED032AC7ED022A87EDD8
:10F25000013AB94A7B68C2F8BC31B74BD3ED587A52
:10F2600097ED077A77EE677AB34BC3ED5B7AB24BD3
:10F27000D3ED597A97ED067A77EE677AAE4BC3ED08
:10F280005C7AAD4BD3ED5A7A97ED057A77EE677AD3
:10F29000A94BC3ED5D7AA84BD3ED5B7AB6EE007A4D
:10F2A00027EE877AD7ED017A67EE277AA34BC3ED75
:10F2B000007AA14BD3ED5C7AB6EE007A27EE877A1E
:10F2C000D7ED017A67EE277A9D4BC3ED007A9A4B12
:10F2D000D3ED5D7AB6EE007A27EE877AD7ED017A24
:10F2E00067EE277A974BC3ED007A934BD3F804313E
:10F2F00090229549184603F0C1F8904BD3ED007A5F
:10F300008D4BD3F804310433F1EE677AC3ED007A04
:10F310008B4BD3ED007A884BD3F804310833F1EEF0
:10F32000677AC3ED007A874BD3ED007A824BD3F82E
:10F3300004310C33F1EE677AC3ED007A7E4BD3F8DB
:10F34000043118337D4A12681A607B4BD3F80431BC
:10F3500020337C4A12681A60794BD3ED007A764BE1
:10F36000D3F804312433F1EE677AC3ED007A724B9F
:10F37000D3F804313033724A12681A60714BD3EDFE
:10F38000007A6D4BD3F804313433F1EE677AC3ED74
:10F39000007A694BD3F804313C33684A12681A602A
:10F3A000654BD3F804314833664A12681A60624BE1
:10F3B000D3F804314C33624A12681A605F4BD3EDC4
:10F3C000007A5D4BD3F804315033F1EE677AC3ED28
:10F3D000007A594BD3E9522313430BD1564A3B6968
:10F3E000C2F87831544AFB68C2F87C31524ABB6893
:10F3F000C2F88031504B93ED5E7A4F4BD3ED647A77
:10F4000067EE276A4C4B93ED6F7A4B4BD3ED647AE2
:10F4100077EE277A86EEA77A474BD3ED6F6AD7ED62
:10F42000047A26EEA76A444BD3ED6F6A424BD3EDC4
:10F43000647A76EEA76AC6EE267A77EE277A3E4B96
:10F44000C3ED5E7A3C4B93ED5F7A3B4BD3ED647A30
:10F4500067EE276A384B93ED6F7A374BD3ED647ABA
:10F4600077EE277A86EEA77A334BD3ED6F6AD7ED26
:10F47000037A26EEA76A304BD3ED6F6A2E4BD3ED9D
:10F48000647A76EEA76AC6EE267A77EE277A2A4B5A
:10F49000C3ED5F7A284B93ED607A274BD3ED647A06
:10F4A00067EE276A244B93ED6F7A234BD3ED647A92
:10F4B00077EE277A86EEA77A1F4BD3ED6F6AD7EDEA
:10F4C000027A26EEA76A1C4BD3ED6F6A1A4BD3ED76
:10F4D000647A76EEA76AC6EE267A77EE277A164B1E
:10F4E000C3ED607A144B93ED5E7A134BD3ED5E7AE5
:10F4F00027EE277A104BD3ED5F6A0F4BD3ED5F7A7F
:10F5000066EEA77A37EE277A0B4BD3ED606A0A4B8B
:10F51000D3ED607A66EEA77A77EE277AB0EE670AC7
:10F5200000F0B0FFF0EE407A084BC3ED007A002304
:10F5300087F8273026E000BF485D0020B85F002034
:10F54000BC5F0020C05F002050430108C45F002062
:10F5500097F82730384A5E339B00134493ED007AC6
:10F56000364BD3ED007A344B9A6897F827309B00DE
:10F57000134467EE277AC3ED007A97F827300133FA
:10F5800087F8273097F82730022BE1D92A4B93EDE3
:10F590005B7A294BD3ED5B7A27EE277A264BD3EDA6
:10F5A0005C6A254BD3ED5C7A66EEA77A37EE277A54
:10F5B000214BD3ED5D6A204BD3ED5D7A66EEA77AE1
:10F5C00077EE277AB0EE670A00F05CFFB0EE407A83
:10F5D000F7EE006AC6EE877A174BC3ED657A174BD4
:10F5E00093ED007AF7EE006AC6EE877A124BC3ED10
:10F5F000667A114BD3ED657A9FED117AF4EEC77AF6
:10F60000F1EE10FA22D50C4BD3ED667A9FED0D7A10
:10F61000F4EEC77AF1EE10FA18DD074BD3ED667AF7
:10F620009FED097AF4EEC77AF1EE10FA0ED5024B8F
:10F63000012283F839210DE0485D0020C45F0020DD
:10F640009A99993ECDCC1441CDCC2441C54B002292
:10F6500083F83921C34B93ED6C7AC24BD3ED6F7AAB
:10F66000C04BD3F8183167EE277AC3ED007ABD4B53
:10F6700093ED6C7ABB4BD3ED6F7ABA4BD3F818315C
:10F680001C3367EE277AC3ED007AB64B93ED6C7AA4
:10F69000B44BD3ED6F7AB34BD3F81831383367EEF0
:10F6A000277AC3ED007AAF4B93ED6C7AAD4BD3ED77
:10F6B0006F7AAC4BD3F81831543367EE277AC3ED29
:10F6C000007AA84B93ED6D7AA64BD3ED6F7AA54BDC
:10F6D000D3F81831703367EE277AC3ED007AA14B67
:10F6E00093ED6D7A9F4BD3ED6F7A9E4BD3F8183123
:10F6F0008C3367EE277AC3ED007A9A4BD3F81C312E
:10F70000984AD2F8B8211A60964BD3F81C311033BE
:10F71000944AD2F8B8211A60924BD3F81C312033A6
:10F72000904AD2F8B8211A608F48FFF709FB8D4B39
:10F730005B681B688B4AC2F850318A4B5B685B6818
:10F74000884AC2F85431874B5B689B68854AC2F887
:10F750005831844B5B68DB68824AC2F85C31814B6C
:10F760005B681B697F4AC2F860317E4B5B685B69EE
:10F770007C4AC2F864317B4B4FF00002C3F8682129
:10F78000784B93ED547A774BD3ED577A27EE277A5F
:10F79000744BD3ED556A734BD3ED567A66EEA77A68
:10F7A00077EE277A37EEA76A6E4B93ED547A6D4B5E
:10F7B000D3ED547A27EE277A6A4BD3ED556A694B1D
:10F7C000D3ED557A66EEA77A77EE277A77EEA77AA9
:10F7D000B7EE007A77EEC77AF0EE670AB0EE460A27
:10F7E00003F012FBF0EE407A9FED607A67EE877AC5
:10F7F0005C4BC3ED6A7A5B4B93ED547A594BD3ED76
:10F80000557A27EE277A574BD3ED566A554BD3EDF1
:10F81000577A66EEA77A77EE277A37EEA76A514BCA
:10F8200093ED547A4F4BD3ED547A27EE277A4D4B14
:10F83000D3ED576A4B4BD3ED577A66EEA77A77EE46
:10F84000277A77EEA77AB7EE007A77EEC77AF0EEEE
:10F85000670AB0EE460A03F0D7FAF0EE407A9FED61
:10F86000437A67EE877A3F4BC3ED697A3D4B93ED60
:10F87000557A3C4BD3ED577A27EE277A394BD3EDA7
:10F88000546A384BD3ED567A66EEA77A77EE677AEC
:10F89000B8EE007A67EE877AB0EE670A03F088FA6E
:10F8A000F0EE407A9FED317A67EE877A2D4BC3ED0B
:10F8B000687A2C4B93ED6A7A2A4BD3ED767A77EE01
:10F8C000677A9FED2B7AF4EEC77AF1EE10FA0ADD33
:10F8D000244BB3F9D4319BB2013B9BB21AB2214BFA
:10F8E000A3F8D42118E01F4B93ED6A7A1D4BD3ED9A
:10F8F000767A77EE677A9FED1F7AF4EEC77AF1EEAB
:10F9000010FA09D5174BB3F9D4319BB201339BB22E
:10F910001AB2144BA3F8D421124BB3F9D43107EE29
:10F92000903AF8EEE77A9FED147A27EE877A0D4B3E
:10F93000D3ED6A7A77EE277A0A4BC3ED6B7A094BDF
:10F94000D3F8A831074AC2F8D831064BD3E952237D
:10F95000541C43F10005034BC3E9524500BF28374F
:10F96000BD46B0BD485D00204C5D0020E12E6542E3
:10F9700000003443000034C30000B44380B584B0B9
:10F9800000AF78607B68D3F8EC301B68A24A136044
:10F990007B68D3F8EC305B68A04A13607B68D3F8CF
:10F9A000EC309B689E4A13607B68D3F8EC30DB68D0
:10F9B0009C4A1360984B93ED007A974BD3ED007AF5
:10F9C00027EE277A954BD3ED006A944BD3ED007A5E
:10F9D00066EEA77A37EE277A914BD3ED006A904B0B
:10F9E000D3ED007A66EEA77A37EE277A8D4BD3ED0A
:10F9F000006A8C4BD3ED007A66EEA77A77EE277A11
:10FA0000B0EE670A00F03EFDF0EE407A864BC3EDA3
:10FA1000007A0023FB7317E07B68D3F8EC20FB7BB4
:10FA20009B00134493ED007A7F4BD3ED007A7B6803
:10FA3000D3F8EC20FB7B9B00134467EE277AC3EDE1
:10FA4000007AFB7B0133FB73FB7B032BE4D9774B01
:10FA500093ED6F7A714BD3ED007A27EE277A7B68AE
:10FA6000D3F800311033F0EE006AC7EE267AC3ED0A
:10FA7000007A6E4B93ED6F7A694BD3ED007A27EEE7
:10FA8000277A7B68D3F800311433F0EE006AC7EEB2
:10FA9000267AC3ED007A604BD3ED007AB1EE677A37
:10FAA000624BD3ED6F7A27EE277A7B68D3F800316B
:10FAB0002833F0EE006AC7EE267AC3ED007A5B4B7E
:10FAC00093ED6F7A574BD3ED007A27EE277A7B6858
:10FAD000D3F800312C33F0EE006AC7EE267AC3ED7E
:10FAE000007A504BD3ED007AB1EE677A4F4BD3EDED
:10FAF0006F7A27EE277A7B68D3F800314033F0EE37
:10FB0000006AC7EE267AC3ED007A434BD3ED007A44
:10FB1000B1EE677A454BD3ED6F7A27EE277A7B6893
:10FB2000D3F800314433F0EE006AC7EE267AC3ED15
:10FB3000007A3E4B93ED6F7A394BD3ED007A27EE86
:10FB4000277A7B68D3F800315833F0EE006AC7EEAD
:10FB5000267AC3ED007A314BD3ED007AB1EE677AA5
:10FB6000324BD3ED6F7A27EE277A7B68D3F80031DA
:10FB70005C33F0EE006AC7EE267AC3ED007A7B684C
:10FB8000D3F8F8307033D3ED006A284B93ED747AD4
:10FB90007B68D3F8F8307033C6EE877AC3ED007A0D
:10FBA0007B68D3F8F8308C33D3ED006A1F4B93EDAC
:10FBB000747A7B68D3F8F8308C33C6EE877AC3ED5D
:10FBC000007A7B68D3F8F8307033D3ED007A9FED7C
:10FBD000187AF4EEC77AF1EE10FA05DD7B68D3F8F7
:10FBE000F8307033134A1A607B68D3F8F8308C33DE
:10FBF000D3ED007A9FED0E7AF4EEC77AF1EE10FAAB
:10FC000000DC05E07B68D3F8F8308C33094A1A60D1
:10FC100000BF1037BD4680BDC85F0020CC5F00200C
:10FC2000D05F0020D45F0020D85F0020485D002016
:10FC300000401C4600401C4680B582B000AF786092
:10FC40007B68D3F8EC30D3ED007A77EEA77A4E4B91
:10FC5000C3ED007A7B68D3F8EC300433D3ED007A3F
:10FC600077EEA77A494BC3ED007A7B68D3F8EC3086
:10FC70000833D3ED007A77EEA77A454BC3ED007ACF
:10FC80007B68D3F8EC300C33D3ED007A77EEA77AAB
:10FC9000404BC3ED007A7B68D3F80C013E4B1B88C8
:10FCA0001A467B689B7B02FB03F37A68127B02FB9C
:10FCB00003F31A460021F0F780FD354BD3ED007AAF
:10FCC0007B68D3F80C31F1EE677AC3ED007A7B687C
:10FCD000D3F80C3104332F4A12681A602A4BD3ED43
:10FCE000007A7B68D3F80C310833F1EE677AC3ED04
:10FCF000007A7B68D3F80C310C33244A12681A60FE
:10FD00007B68D3F80C311833204A12681A607B687C
:10FD1000D3F80C311C331C4A12681A607B68D3F884
:10FD20000C3120331B4A12681A607B68D3F80C31FF
:10FD30002433174A12681A607B68D3F80C313033C9
:10FD4000114A12681A60114BD3ED007A7B68D3F820
:10FD50000C313433F1EE677AC3ED007A0C4BD3EDFE
:10FD6000007A7B68D3F80C313833F1EE677AC3ED53
:10FD7000007A7B68D3F80C313C33064A12681A606B
:10FD800000BF0837BD4680BDDC5F0020E05F00207B
:10FD9000E45F0020E85F0020405D0020F0B585B002
:10FDA00000AF78607B6803F178027B688033194686
:10FDB000104601F0F7FD03461A467B6883F8C82019
:10FDC0007B68B3F878207B68A3F8A8207B68B3F839
:10FDD0005A207B68A3F8AA207B6803F178007B682F
:10FDE00003F158017B68A8331A4601F0F1FE03467F
:10FDF0001A467B6883F8C8207B68B3F8A8207B6824
:10FE0000A3F8B0207B68B3F882207B68A3F8B22007
:10FE10007B6803F1A8007B6803F180017B68B03345
:10FE20001A4601F0D5FE03461A467B6883F8C820BF
:10FE30007B68B3F890207B68A3F8A0207B68B3F8B8
:10FE400092207B68A3F8A2207B6803F1B0007B6856
:10FE500003F190017B68A0331A4602F0F9F80346DB
:10FE60001A467B6883F8C8207B6803F1A0027B6890
:10FE7000B0331946104601F0BBFF03461A467B68B3
:10FE800083F8C8207B68D3F8EC301B68B54A136050
:10FE90007B68D3F8EC305B68B34A13607B68D3F8B7
:10FEA000EC309B68B14A13607B68D3F8EC30DB68B8
:10FEB000AF4A13607B68B3F878207B68A3F8B8205A
:10FEC0007B680122A3F8BA20A74B93ED007AA84BD8
:10FED000D3ED007A27EE277AA24BD3ED006AA34B2D
:10FEE000D3ED007A66EEA77A77EE677A7B68D3F86F
:10FEF0002C3177EEA77AC3ED007A9A4B93ED007A16
:10FF0000994BD3ED007A27EE277A984BD3ED006A10
:10FF1000974BD3ED007A66EEA77A77EE277A7B6867
:10FF2000D3F82C31043377EEA77AC3ED007A8D4BEA
:10FF300093ED007A8B4BD3ED007A27EE277A8A4B2C
:10FF4000D3ED006A884BD3ED007A66EEA77A37EEE0
:10FF5000677A864BD3ED006A844BD3ED007A66EE68
:10FF6000A77A37EE677A824BD3ED006A804BD3EDE8
:10FF7000007A66EEA77A7B68D3F82C31083377EEE7
:10FF8000277AC3ED007A0023FB731BE07B68D3F86C
:10FF90002C21FB7B9B001344D3ED007AF0EEE77A33
:10FFA000FE7BB0EE670A02F0D7FEF0EE407A714AAF
:10FFB00006F160039B0013440433C3ED007AFB7B1E
:10FFC0000133FB73FB7B022BE0D97B68B3F848203D
:10FFD0007B68A3F8C0207B680122A3F8C2207B685D
:10FFE00003F148007B6803F1B8017B68C0331A460F
:10FFF00001F082FD03461A467B6883F8C8207B68BF
:020000040801F1
:10000000B3F8C0207B68A3F8A8207B680122A3F87E
:10001000AA207B6803F1B0007B6803F1C0017B6814
:10002000A8331A4601F0D4FD03461A467B6883F8CC
:10003000C8207B680122A3F8B8207B68B3F8C020F1
:100040007B68A3F8BA207B6803F1C0027B68B833F1
:100050001946104601F0A6FC03461A467B6883F851
:10006000C8207B6803F1B8007B68A833424A194670
:1000700001F0AEFD03461A467B6883F8C8203D4B6D
:1000800093ED727A3B4BD3ED737AF6EE006A67EE2E
:10009000A67AB4EEE77AF1EE10FA03D5354B0122D9
:1000A00083F83821334B93ED727A324BD3ED737A68
:1000B000B4EEE77AF1EE10FA62DD2E4B93F83831A8
:1000C000002B5DD02B4B93F83931002B09D0294BF5
:1000D000D3E95023541C43F10005264BC3E9504596
:1000E00006E024494FF000024FF00003C1E950231D
:1000F000204BD3E95023332A73F1000308D31D4B5F
:10010000002283F838217B68002283F82C2070E0DD
:100110007B68D3F8E8007B68D3F8EC10174B1B889A
:100120001A467B681B7B02FB03F31A4602F0A6F912
:100130007B68D3F8F8007B68D3F8FC100F4B1B8862
:100140001A467B681B7B02FB03F37A68127B02FB77
:1001500003F31A4602F092F97B68012283F82C20FF
:100160005AE100BFEC5F0020F05F0020F45F002048
:10017000F85F0020485D0020085F0020405D0020FF
:10018000A74B93ED727AA64BD3ED737ADFEDA56A98
:1001900067EEA67AB4EEE77AF1EE10FA19DDA04B1D
:1001A00093F83831002B14D09D4B93ED737A9C4B10
:1001B000D3ED727A77EE676A994BD3ED737A9FED40
:1001C0009A7A27EE877AC6EE877A954BC3ED677ADF
:1001D00004E0934B4FF07E52C3F89C2190494FF0BE
:1001E00000024FF00003C1E950237B68002283F82E
:1001F0002C207B68B3F858207B68A3F8A8207B6884
:10020000B3F882207B68A3F8AA207B6803F158002A
:100210007B6803F180017B68A8331A4601F0D8FCA3
:1002200003461A467B6883F8C8207B6803F1A80060
:100230007B6803F1B0017B6898331A4601F0C8FC73
:1002400003461A467B6883F8C8200023BB7317E077
:100250007B68D3F81C21BB7B9B00134493ED007A91
:100260006F4BD3ED677A7B68D3F81C21BB7B9B0077
:10027000134467EE277AC3ED007ABB7B0133BB736F
:10028000BA7B7B68B3F8983019467B68B3F89A302C
:1002900001FB03F39A42DBDB04237B7334E000238E
:1002A0003B732BE07B68D3F81C117A7B13465B0011
:1002B0001A443B7B13449B000B4493ED007A7B7BF9
:1002C000043B574A60339B0013440433D3ED006A68
:1002D0009FED566AC6EE867A7B68D3F81C117A7B4E
:1002E00013465B001A443B7B13449B000B4467EEB0
:1002F000277AC3ED007A3B7B01333B733B7B022BB8
:10030000D0D97B7B01337B737B7B052BC7D97B6883
:10031000B3F898207B68A3F8B8207B680122A3F883
:10032000BA207B6803F198007B6803F1C0017B6809
:10033000B8331A4601F04CFC03461A467B6883F832
:10034000C820374B93F83831002B4ED00423FB7272
:1003500048E07B68D3F8BC20FB7A9B00134493ED04
:10036000007A2F4BD3ED6F7ADFED316A67EEA67A14
:10037000B4EEE77AF1EE10FA0EDD294BD3ED6F7A89
:100380007B68D3F8BC20FB7A9B0013449FED287A4E
:1003900067EE877AC3ED007A7B68D3F8BC20FB7ADE
:1003A0009B00134493ED007A1D4BD3ED6F7ADFED84
:1003B000216A67EEA67AB4EEE77AF1EE10FA0ED56E
:1003C000174BD3ED6F7A7B68D3F8BC20FB7A9B0088
:1003D00013449FED187A67EE877AC3ED007AFB7AB3
:1003E0000133FB72FB7A052BB3D97B68D3F8BC30A1
:1003F0000C334FF000021A607B6803F138007B6811
:1004000003F1B8017B6830331A4601F021FE034640
:100410001A467B6883F8C8201437BD46F0BD00BF7C
:10042000485D0020CDCCCC3D6666663FDA0FC93F03
:100430000AD7233C0AD723BC80B582B000AF7860CE
:100440007B68D3F8F830902219460B4802F016F872
:100450007B68D3F81C3148221946084802F00EF890
:100460007B68D3F80C3148221946054802F006F89B
:1004700000BF0837BD4680BDD0000020285F0020A7
:10048000705F002080B487B000AF87ED010AD7ED20
:10049000017AB6EE007A67EE877AC7ED057A7B6857
:1004A0003B6107F110031B68FB60FB685A10124B9D
:1004B0009B1AFB6007F10C031B683B6197ED047A04
:1004C000D7ED057A27EE277AD7ED047A67EE277AFB
:1004D000B7EE087A37EE677AD7ED047A67EE277AB7
:1004E000C7ED047A3B6907EE903AB0EE670A1C3715
:1004F000BD465DF8047B7047865A375F80B487B08D
:1005000000AF87ED010AD7ED017AF5EEC07AF1EE82
:1005100010FA02D84FF000033CE097ED017AF0EEBC
:10052000006AC7EE267AC7ED057AD7ED017A9FED0E
:100530001E7A67EE877AC7ED047AD7ED057A27EE43
:10054000A77AD7ED017A77EE677AC7ED037AD7ED10
:10055000057A37EEA77AD7ED036AC6EE877A97ED6C
:10056000057A77EE677AC7ED057A97ED037AD7EDCE
:10057000047AB4EEE77AF1EE10FADEDCD7ED047A15
:10058000F1EE677A97ED037AB4EEE77AF1EE10FABE
:10059000D3D47B6907EE903AB0EE670A1C37BD46AC
:1005A0005DF8047B704700BF6F12833A80B584B05A
:1005B00000AF78607B6893ED007A7B68D3ED007ABA
:1005C00027EE277A7B680433D3ED006A7B68043317
:1005D000D3ED007A66EEA77A37EE277A7B68083388
:1005E000D3ED006A7B680833D3ED007A66EEA77A14
:1005F00077EE277AB0EE670AFFF780FF87ED030AF0
:100600007B68D3ED006A97ED037AC6EE877A7B6844
:10061000C3ED007A7B680433D3ED006A7B68043352
:1006200097ED037AC6EE877AC3ED007A7B680833CC
:10063000D3ED006A7B68083397ED037AC6EE877ABC
:10064000C3ED007A7B6818461037BD4680BD80B484
:1006500085B000AFF860B9607A60FB68043393ED51
:10066000007ABB680833D3ED007A27EE277AFB685F
:100670000833D3ED006ABB680433D3ED007A66EE2D
:10068000A77A77EE677A7B68C3ED007AFB68083358
:1006900093ED007ABB68D3ED007A27EE277AFB68EA
:1006A000D3ED006ABB680833D3ED007A66EEA77A13
:1006B0007B68043377EE677AC3ED007AFB6893EDCD
:1006C000007ABB680433D3ED007A27EE277AFB6803
:1006D0000433D3ED006ABB68D3ED007A66EEA77AE7
:1006E0007B68083377EE677AC3ED007A00BF143772
:1006F000BD465DF8047B704780B483B000AF78607E
:1007000039607B6893ED007A3B68D3ED007A27EE81
:10071000277A7B680433D3ED006A3B680433D3ED5A
:10072000007A66EEA77A37EE277A7B680833D3ED36
:10073000006A3B680833D3ED007A66EEA77A77EE5D
:10074000277AB0EE670A0C37BD465DF8047B704728
:1007500080B59CB000AF07F138033822002118465D
:10076000F0F72BF82D4BBB630423FB632C4B3B644E
:100770004FF07E537B642A4B3B652A4BFB6507F1A8
:1007800038031846FBF7F4FB0346274A13603B4641
:10079000382200211846F0F710F8204B3B60234B1D
:1007A000BB604FF07E53FB60204BBB611D4B7B62F7
:1007B0003B461846FBF7DCFB03461D4A13601C4B07
:1007C0001B689FED1C0A1846FBF712FC184B1B68B0
:1007D0009FED190A1846FBF71EFC134B1B689FED93
:1007E000170A1846FBF704FC0F4B1B689FED120A13
:1007F0001846FBF710FC08211148FAF7EDFE0346F6
:10080000104A136024211048FAF734FF03460F4AB8
:10081000136000BF7037BD4680BD00BFB8560020D2
:100820000000874300004040FC5F0020000034438C
:100830000060002000007042000000000000B44290
:10084000784201080460002084420108086000200A
:1008500080B500AF174B1B6817491846FAF752FFCF
:10086000164B1B68144AD2ED067AB0EE670A18469A
:10087000FBF7F3FB124B1B680F4AD2ED077AB0EE81
:10088000670A1846FBF7E9FBFBF716FCFBF750FC81
:100890000B4B1B68DB680B4A5360084B1B68DB681B
:1008A000084A1360084B1B6806491846FAF756FFBA
:1008B00000BF80BD0860002014600020FC5F0020A5
:1008C000006000200C6000200460002080B500AFB4
:1008D0001448FBF7B7F90346134A13601348FCF7B3
:1008E000D1FC02211248FAF777FE0346114A136041
:1008F00002211148FAF7BEFE0346104A1360242174
:100900000F48FAF769FE03460E4A136008210E48A5
:10091000FAF7B0FE03460D4A13600D4B00225A70E1
:1009200000BF80BD48570020386000208060002054
:10093000904201083C6000209C4201084060002079
:10094000A842010844600020B44201084860002029
:100950007C60002080B400AF364B1B68B3F90230D6
:1009600007EE903AB8EEE77A334BD3ED007A27EEF4
:10097000277A324BD3ED007A77EE277A2F4BC3EDEF
:10098000007A2C4B1B68B3F9043007EE903AB8EEAE
:10099000E77A2B4BD3ED007A27EE277A294BD3ED5C
:1009A000007A77EE277A274BC3ED007A234BD3EDFD
:1009B000007A9FED257AF4EEC77AF1EE10FA01DDA8
:1009C000224B01E01D4B1B681C4A13601B4BD3EDEF
:1009D000007AF5EEC07AF1EE10FA02DD174B1B68D3
:1009E00001E04FF00003154A1360164BD3ED007A77
:1009F0009FED177AF4EEC77AF1EE10FA01DD154B90
:100A000001E0104B1B680F4A13600E4BD3ED007AC8
:100A1000F5EEC07AF1EE10FA02DD0A4B1B6801E038
:100A20004FF00003074A136000BFBD465DF8047B2A
:100A3000704700BF3860002068010020640100207A
:100A40006C010020600100200000344300003443AA
:100A5000000087430000874380B500AF114B1B683F
:100A600011491846FAF74EFE104B1B6810491846FC
:100A7000FAF748FEFFF76EFF0E4B1B680E4AD36174
:100A80000E4B1B680C4A93610D4B1B680D491846B1
:100A9000FAF764FE0C4B1B6807491846FAF75EFE2E
:100AA00000BF80BD406000207860002048600020CA
:100AB00070600020640100204C6000206001002074
:100AC0003C6000207C6000204460002080B598B02D
:100AD00000AFFCF7C1FC0346324A136007F12C0358
:100AE000302200211846EFF768FE2F4BFB622F4B98
:100AF0003B632F4BBB632E4B7B640023FB6516E0EF
:100B0000FB6DDBB287F8583007F12C031846FBF772
:100B1000DFF902462749FB6D41F82320254AFB6D8A
:100B200052F82330002B36D0FB6D0133FB65FB6D93
:100B3000032BE5DDFBF76EFB03461F4A13601E4BDC
:100B40001B68002B29D03B462C2200211846EFF7CA
:100B500034FE4FF07C533B60154BFB60144BBB6184
:100B60003B4619461548FAF7E5FB9FED150A0D229D
:100B700014210120FBF76CF902211248FAF77AFDE3
:100B80000346114A136002211048FAF725FD034677
:100B90000F4A136002E000BF00E000BF6037BD46AF
:100BA00080BD00BFB0600020000048C2000080C0CF
:100BB00000803B458C6000209C600020C0600020CD
:100BC00000004042C0420108A0600020CC42010861
:100BD000A460002080B582B000AF0346FB80124BBA
:100BE0001B68B7F9062011461846FBF7A7F90E4B0C
:100BF0005B68B7F9062011461846FBF79FF90A4BC8
:100C00009B68B7F9062011461846FBF797F9064B83
:100C1000DB68B7F9062011461846FBF78FF900BFCD
:100C20000837BD4680BD00BF8C60002080B584B011
:100C300000AF03460A46FB801346BB80B7F9043079
:100C4000033B9AB2FB8812FB03F39BB2FB81B7F91B
:100C5000043003339AB2FB8812FB03F39BB2BB81CF
:100C6000114B1B68B7F90C2011461846FBF766F9C3
:100C70000D4B5B68B7F90C2011461846FBF75EF97F
:100C8000094B9B68B7F90E2011461846FBF756F939
:100C9000054BDB68B7F90E2011461846FBF74EF9F5
:100CA00000BF1037BD4680BD8C60002080B582B08B
:100CB00000AF3C4B1B685B78C3F101039BB21A4643
:100CC00092001344DB009AB2364B1B689B78C3F149
:100CD00001039BB2194689000B449B009BB213444D
:100CE000FB80304B1B681B7AC3F101039BB21A4691
:100CF00092001344DB009AB22A4B1B68DB79C3F1E4
:100D000001039BB2194689000B449B009BB213441C
:100D1000BB80254B00221A70FB88002B0FD0BB88AC
:100D2000002B0CD1214B08221A70FB885B429BB22E
:100D30001BB26FF002011846FFF778FF2EE0FB8828
:100D4000002B0CD1BB88002B09D0184B07221A703E
:100D5000B7F9043003211846FFF768FF1EE0FB884F
:100D6000002B09D1BB88002B06D1104B06221A702C
:100D70006420FFF72FFF11E0FB88002B0ED0BB880B
:100D8000002B0BD0094B05221A70094B1B685B6ABC
:100D9000084A1360044B01221A70FFE700BF0837AE
:100DA000BD4680BD9C600020B460002038610020FA
:100DB000B0600020B860002080B582B000AF3E4B2C
:100DC0001B683E491846FAF79DFCFCF7ABFB3B4B12
:100DD0005B78002B5DD03A4B1B78002B02D1FFF7DC
:100DE00065FF56E0354B1B78012B0DD14FF6CE73C6
:100DF000BB80344B01221A70B7F904306FF0020146
:100E00001846FFF713FF19E02C4B1B78022B0BD170
:100E10003223FB802B4B02221A70B7F906300321D4
:100E20001846FFF703FF09E0244B1B78002B05D180
:100E3000244B03221A706420FFF7CCFE224B1B6860
:100E400093ED097A214BD3ED007A77EE677A9FED27
:100E5000207AF4EEC77AF1EE10FA0FDC1A4B1B6819
:100E600093ED097A194BD3ED007A77EE677A9FED0F
:100E7000197AF4EEC77AF1EE10FA0AD5114B042272
:100E80001A700F4B00221A700F4B1B685B6A0F4AD7
:100E90001360FBF7E5F9FBF764F80A4B1A780E4B81
:100EA0001A700E4B1B680C491846FAF757FC00BF26
:100EB0000837BD4680BD00BFA0600020A8600020AC
:100EC000B460002038610020B0600020B8600020CD
:100ED0000000B4420000B4C2AC600020A460002056
:100EE000B0B588B000AF0A4B3C1D1D460FCD0FC4F6
:100EF00095E8070084E807003B1D00211846F7F736
:100F000006FA0346034A136000BF2037BD46B0BD52
:100F1000E44201083C61002080B582B000AF7860F7
:100F200000F01AF80A20F7F73EFA00BFF8E780B59C
:100F300000AF72B600BFA820F9F7CCFAF9F7BAFDF6
:100F4000FFF7C4FCFFF704FCFFF7C0FDFFF7C8FF85
:100F500062B600BF00BF80BD80B500AFFFF77CFD6B
:100F6000FFF776FCFFF728FF00BF80BD80B584B097
:100F700000AF78600B46FB707B689B68FB60FB688A
:100F80005A1C7B685B689A420ED87B681A68FB68BB
:100F90001344FA781A70FB685A1C7B689A607B6865
:100FA000DB685A1C7B68DA607B689A687B685B68E0
:100FB0009A4215D17B6818697B6819687B689B68C1
:100FC0001A4600F0C3FC02467B689B689A4204D034
:100FD0007B684FF0FF32DA6002E07B6800229A60A3
:100FE00000BF1037BD4680BD80B58AB000AFF86045
:100FF000B9607A603B60BB683B6201237B6201237E
:10100000FB6107E03A6A7B68B2FBF3F33B62FB6982
:101010000133FB613A6A7B689A42F3D23A68FB6912
:101020009A4201D93B68FB617B6B03F00103002B03
:1010300025D13B6B002B22D07B6B03F00203002BEE
:1010400005D03B68002B02D13023FB7601E0202342
:10105000FB760BE03B6B013B3B63FB7E1946F8687C
:10106000FFF784FFFB68DB68002B07DB3B6B002B83
:1010700005D0FA693B6B9A42ECD300E000BFFB68F5
:10108000DB68002B55DB3B68012B03D93B68013B38
:101090003B6009E0BA687B6AB2FBF3F37B617A6973
:1010A0007B689A4200D205E07B6A7A6802FB03F310
:1010B0007B62E8E7BA687B6AB2FBF3F37B617B692A
:1010C0007A6A02FB03F3BA68D31ABB601B4A7B69D6
:1010D00013441B781946F868FFF748FFFB68DB6884
:1010E000002B08DB7A6A7B68B2FBF3F37B627B6AD6
:1010F000002BDFD100E000BF7B6B03F00103002B6E
:1011000017D03B6B002B14D00AE03B6B013B3B63D9
:101110002021F868FFF72AFFFB68DB68002B07DB5C
:101120003B6B002B05D0FA693B6B9A42EDD300E094
:1011300000BF00BF2837BD4680BD00BFE0430108A7
:1011400080B588B002AFF860B9607A603B60BB6878
:10115000002BB8BF5B423B6101237B6107E07B68EA
:101160003A6992FBF3F33B617B6901337B617B68F6
:101170003A699A42F3DA3A687B699A4201D93B6844
:101180007B613B6A002B0AD0BB68002B04DB7B6AC7
:1011900003F00403002B02D03B6A013B3B627B6AF5
:1011A00003F00203002B02D03B68002B1CD07B6AAB
:1011B00003F00103002B17D13B6A002B14D00AE087
:1011C0003B6A013B3B622021F868FFF7CFFEFB68DA
:1011D000DB68002B07DB3B6A002B05D07A693B6A92
:1011E0009A42EDD300E000BFFB68DB68002B4ADBCE
:1011F000BB68002B07DABB685B42BB602D21F86837
:10120000FFF7B4FE08E07B6A03F00403002B03D071
:101210002B21F868FFF7AAFEFB68DB68002B32DBA6
:101220007B6A03F00203002B1FD07B6A03F00103EB
:10123000002B1AD13B68002B17D13B6A002B14D02E
:101240000AE03B6A013B3B623021F868FFF78EFE03
:10125000FB68DB68002B07DB3B6A002B05D07A6953
:101260003B6A9A42EDD300E000BFFB68DB68002BCD
:1012700009DBB9687B6A01933B6A00933B687A6833
:10128000F868FFF7B1FE00BF1837BD4680BD00000B
:1012900080B5A2B002AFF860B9607A6007F11003C0
:1012A0003B6540237B650023BB65FB683B660023F1
:1012B000FB65BB681B7887F87F30BB680133BB6078
:1012C00097F87F30002B00F09F8197F87F30252B17
:1012D00040F08D8100233B670123BB67BB681B780F
:1012E00087F87F3097F87F30233B0D2B3ED801A243
:1012F00052F823F05D1301086D1301086D13010806
:101300006D1301086D1301086D1301086D130108B9
:101310006D1301084D1301086D1301082D13010809
:101320006D1301086D1301083D1301083B6F43F075
:1013300001033B67BB680133BB601AE03B6F43F0BE
:1013400002033B67BB680133BB6012E03B6F43F0B5
:1013500004033B67BB680133BB600AE03B6F43F0AB
:1013600008033B67BB680133BB6002E00023BB6737
:1013700000BFBB6F002BB1D10023FB66BB681B789D
:1013800087F87F3097F87F302F2B12D997F87F306E
:10139000392B0ED8BB680133BB60FA6E13469B0035
:1013A00013445B001A4697F87F301344303BFB66CA
:1013B000E4E700237B67BB681B7887F87F3097F8EA
:1013C0007F302E2B1DD1BB680133BB60BB681B78FF
:1013D00087F87F3097F87F302F2B12D997F87F301E
:1013E000392B0ED8BB680133BB607A6F13469B0064
:1013F00013445B001A4697F87F301344303B7B67F9
:10140000E4E7BB681B7887F87F3097F87F306C2B58
:1014100003D097F87F30682B07D1BB680133BB60DE
:10142000BB681B7887F87F30EFE797F87F30252B74
:1014300000F0D180252BC0F2D580782B00F3D2802C
:10144000582BC0F2CF80583B202B00F2CB8001A25A
:1014500052F823F04B150108E5150108E5150108C0
:10146000E5150108E5150108E5150108E515010870
:10147000E5150108E5150108E5150108E515010860
:10148000D9140108FF140108E5150108E515010844
:10149000E5150108E5150108E5150108E515010840
:1014A000E5150108E5150108E5150108E515010830
:1014B000E5150108B1150108E5150108E515010854
:1014C00071150108E515010825150108E515010844
:1014D000E51501084B1501087B681B68191D7A6822
:1014E00011601B68BB67BB6F87F8673097F8672090
:1014F00007F1500311461846FFF738FD73E07B688B
:101500001B68191D7A6811601B68BB6707F15000E2
:101510003B6F0193FB6E00937B6F0A22B96FFFF75D
:101520000FFE60E07B681B68191D7A6811601B68FC
:10153000BB67B96F07F150003B6F0193FB6E0093DF
:101540007B6F0A22FFF750FD4DE07B681B68191D79
:101550007A6811601B68BB67B96F07F150003B6F79
:101560000193FB6E00937B6F1022FFF73DFD3AE085
:101570007B681B68191D7A6811601B68BB66BB6EAF
:101580001B7887F87F30BB6E0133BB6697F87F30DE
:10159000002B0BD097F87F2007F150031146184617
:1015A000FFF7E4FCFB6D002BE9DA1CE000BF1AE05A
:1015B0007B681B68191D7A6811601B68BB67B96F6F
:1015C00007F1500000230193082300930823102201
:1015D000FFF70AFD07E007F1500325211846FFF742
:1015E000C5FC00E000BFBB680133BB6007E097F8B3
:1015F0007F2007F1500311461846FFF7B7FCFB6D3B
:10160000002BBFF656AE00E000BFFB6D002B0DDDDA
:10161000BB6D002B06D0BA6D07F110031946F868B0
:1016200000F094F9FB6DBA6D1344FB65FB6D184631
:101630008037BD4680BD00BF0EB480B585B000AF19
:10164000786007F12003BB6007F108031A46F969C7
:101650007868FFF71DFEF860FB6818461437BD4632
:10166000BDE8804003B0704780B582B000AF264B24
:101670003B60A82200213868EFF79FF83B680322FF
:101680001A613B6803225A613B68204A9A613B68B1
:101690001F4ADA613B684FF480621A623B6800229D
:1016A0009A623B6800225A623B680022DA623B6819
:1016B000164A1A663B68174A5A663B6810229A66B1
:1016C0003B6800221A673B680022DA663B6800220A
:1016D0005A67BFF35F8F00237B600CE07B68C3F128
:1016E0000F030D4AD15C3A687B6813440A461A70AE
:1016F0007B6801337B607B680F2BEFD9BFF35F8F73
:1017000000BF0837BD4680BD40610020004301088E
:10171000E8610020E8650020F043010880B58AB048
:1017200000AFF860B9607A6000233B62FB68DB6859
:10173000FB61FB681B69BB61BA69FB699A4205D909
:10174000BA69FB69D31A013B7B6207E0FB689A68C0
:10175000B969FB69CB1A1344013B7B62FB689A6849
:10176000FB69D31A7A6A934228BF13467B627A6A6E
:101770007B68934228BF13467B62FB685A68FB690B
:1017800013447B617A6AB968786900F077FE3A6A37
:101790007B6A13443B62BA687B6A1344BB607A6815
:1017A0007B6AD31A7B60FA697B6A1344FB61FB682E
:1017B0009B68FA699A4201D10023FB61BFF35F8FF6
:1017C000FB68FA69DA607B68002BB2D13B6A184685
:1017D0002837BD4680BD80B588B000AFF860B960DD
:1017E0007A60FB68DB68FB61FB689A68FB69D31A67
:1017F000BB61BA697B689A4211D9FB685A68FB6978
:1018000013443B617A68B968386900F037FEBFF36A
:101810005F8FFA697B681A44FB68DA601FE0BB6976
:101820007B61FB685A68FB6913443B617A69B9685C
:10183000386900F023FE7A68BB69D31A7B61FB68C4
:101840005B683B61BA68BB6913447A6919463869B9
:1018500000F014FEBFF35F8FFB687A69DA6000BFA7
:101860002037BD4680BD80B487B000AF78607B680C
:101870001B693B617B68DB68FB603A69FB689A42E5
:1018800008D87B689A68FB68D21A3B691344013B0D
:101890007B6104E03A69FB68D31A013B7B617B6999
:1018A00018461C37BD465DF8047B704780B588B08C
:1018B00000AFF860B9607A60BB68BB61FB685A1C16
:1018C00013465B001344DB001F4A13447B617B69B2
:1018D0005B69022B29D0022B2ED8002B02D0012BC2
:1018E00013D029E07869FFF7BEFF38613A697B6859
:1018F0009A4202D20023FB6121E07B68FB617A6897
:10190000B9697869FFF767FF19E07869FFF7ABFFFE
:1019100038617A683B69934228BF1346FB61FA69D4
:10192000B9697869FFF757FF09E07A68B96978699A
:10193000FFF7F4FEF86102E00023FB6100BFFB69E2
:1019400018462037BD4680BD4061002080B588B074
:1019500000AFF860B9607A600E4BFB61FB691B78E1
:10196000DBB2002B01D1FFF77FFEEFF311834FF0C5
:10197000200181F31188BB617A68B968F868FFF7C4
:1019800095FF7861BB6983F311887B69184620371E
:10199000BD4680BD4061002080B500AFFFF764FE0A
:1019A00000BF80BD2DE9F04F0388B1F80290446874
:1019B00042884F68994583B040F09A80B1F800C0E2
:1019C000944540F09580B9F1010F4FEA9C084FEA29
:1019D00089030CF0030C42D108FB03FE3E464FEA9C
:1019E000081A47464FEA8E0E4FEA8C09B046324637
:1019F0001FB304F1100106F108003D4651F810BC78
:101A0000C2F800B051ED037A02EB030BCBED007A84
:101A100051F808BCC0F800B051ED017A00EB030B9F
:101A2000013D02F1100201F11001CBED007A00F14D
:101A30001000E3D154440EEB0602BCF1000F08D0B5
:101A40006146204650F8045B156001391A44F9D10B
:101A50004C44464506F1040246D01646C7E74FEA15
:101A6000081208FB03FA00924FEA8C024FEA0916AB
:101A7000BE4607EB030B4FEA8A0A4FEAC9090192F7
:101A80007246B8F1000F1ED004F1100109EB0E00F0
:101A9000454651F8107C176051ED037AD718C7ED11
:101AA000007A51F8087C076051ED017AC718013DB2
:101AB000324401F11001C7ED007A3044E9D1009AB7
:101AC00014440AEB0E02BCF1000F09D06146204617
:101AD00050F8045B156001391A44F9D1019A144495
:101AE0000EF1040EDE45CBD1002003B0BDE8F08F2F
:101AF0006FF00200F9E700BFF0B4D1E900460368D7
:101B000047685568A34260D1126893425DD103884B
:101B1000448804FB03F45FEA940C34D007F110010D
:101B200006F1100205F11003604612ED047A51ED42
:101B3000047A77EEC77A013843ED047A12ED037A1E
:101B400051ED037A77EEC77A01F1100143ED037A84
:101B500012ED027A51ED067A77EEC77A02F11002A1
:101B600043ED027A51ED057A12ED057A77EEC77AE8
:101B700003F1100343ED057AD7D107EB0C1706EB01
:101B80000C1605EB0C1514F003041BD0D7ED007AEE
:101B900096ED007A77EEC77A013CC5ED007A11D058
:101BA000D7ED017A96ED017A77EEC77A012CC5ED73
:101BB000017A07D0D7ED027A96ED027A77EEC77AEE
:101BC000C5ED027A0020F0BC70476FF00200FAE722
:101BD0002DE9F04F0C468BB0258807914188068887
:101BE00043685768606802968D42648840F0F980C7
:101BF0001188B14240F0F5805188A14240F0F18057
:101C0000AA0001294FEA950C4FEA810405F0030E62
:101C1000069270D1011D05914FEA0C11024607F1A1
:101C20000409019103EB0C1B03F1100AAAF1100344
:101C3000DDF814800393A9F10407DFED6C7ABCF1A1
:101C4000000F52D002F1080053466546114613EDCD
:101C5000046A91ED007A53ED034AD0ED006A13ED6A
:101C6000025A53ED015A0E1927EE067A96ED006AD4
:101C700077EE277A26EE246A061936EE276A26EED4
:101C8000857AD6ED007A37EE067A67EEA57A013DC1
:101C900077EE877A01F1100100F1100003F11003D3
:101CA000D5D1019B59461A44BEF1000F0BD07346A3
:101CB00092ED007AF1EC016A27EE267A013B77EE8D
:101CC000877A2244F4D1E7EC017A4F45424608F185
:101CD0000408B2D1069B9B449A44029B013BA14459
:101CE000029304D0079B5A68A0E70399DCE71846E3
:101CF0000BB0BDE8F08FC1EB817292000E0109922A
:101D0000CA00049206FB0CF2051D039203EB0C12B1
:101D100007EB040B0595019203F1100AAAF11003D9
:101D20000893099BDDF814900BEB0308DFED2F7A85
:101D3000BCF1000F53D0049B6546C11802465346C0
:101D400092ED006A13ED047A53ED034A53ED026AF3
:101D500091ED005A53ED015A171927EE067A97EDC7
:101D6000006A77EE277A26EE246A0F1936EE276A84
:101D700026EE857AD7ED007A37EE067A67EEA57AF9
:101D8000013D77EE877A3244314403F11003D7D115
:101D9000039B019A1844BEF1000F0BD07346D0ED9F
:101DA000006AB2EC017A27EE267A013B77EE877A59
:101DB0002044F4D1E8EC017AD845484609F10409F9
:101DC000B4D1019A069B114619449A44029B019191
:101DD000013BA34402938AD0079B58689EE7089A68
:101DE000D9E76FF002000BB0BDE8F08F00000000F3
:101DF0002DE9F04F2DED028B068847884D68D0F80D
:101E000004A08BB0BE420990089540F00D810A886D
:101E10004B88934240F008819E4240F0058126B3F2
:101E2000B7EE008AB6F10108A5EC018A1DD04FF08B
:101E300001094FEA880205EB020B4FEA89042846A4
:101E40000021EEF7BAFC0BEB0405224600215846B0
:101E5000B9F1000F00F0EF80EEF7AFFCB8F1010828
:101E600009F10109A5EC018AE3D1002F00F0BF8040
:101E70004FEA870C0AEB0C031A460293FB0004336B
:101E80000025CDE905530492089B01930CF104024F
:101E90000792E046B946DAED006A049BF5EE406A27
:101EA000F1EE10FAA3EB080066D06B1CA9EB050756
:101EB00003934FB13A46534693ED007AC7EE267A24
:101EC000013AE3EC017AF7D1019B494693ED007AA0
:101ED000C7EE267A0139E3EC017AF7D166B3089CA4
:101EE0004FEA850E8D4244D0D0ED006A7FB10246A4
:101EF0003B46D346BBEC017AD2ED007A26EE877AD8
:101F0000013B77EEC77AE2EC017AF3D14044DDF889
:101F100004B022464B46BBEC017AD2ED007A26EEA5
:101F2000877A013B77EEC77AE2EC017AF3D1644419
:101F300001318E427044D5D1079B069A9A44019B89
:101F400063440193029B13440293039B4B45A8F106
:101F500004081D469FD1059B012B04D0F5EE406A75
:101F6000F1EE10FA4AD000200BB0BDEC028BBDE8B8
:101F7000F08F40446444DBE76B1C9E42039330D9EE
:101F80000299012303E00133EA18B24229D2D1EDCC
:101F9000007AF5EE407AF1EE10FA0A466144F2D08A
:101FA000B9EB05070BD03C465146D2F800E0D1F81A
:101FB00000B042F804BB013C41F804EBF5D1019AB2
:101FC000494603FB0C231C68D2F800E043F804EBFD
:101FD000013942F8044BF6D10123DAED006A05938A
:101FE00067E7059B012B02D1A9EB050761E76FF0BD
:101FF00004000BB0BDEC028BBDE8F08F039B03FB2C
:1020000006F31E46099B5B68002EF0D0059A01E09E
:10201000B242ECD0F3EC017AF5EE407AF1EE10FA30
:1020200002F10102F4D09EE76FF002000BB0BDECAC
:10203000028BBDE8F08F5D46B8F10108A5EC018A7E
:102040007FF4F5AE11E700BF018042804360704726
:10205000F0B4D1E90046036847685568A34260D1EF
:10206000126893425DD10388448804FB03F45FEA5D
:10207000940C34D007F1100106F1100205F11003A1
:10208000604612ED047A51ED047A77EE877A0138D2
:1020900043ED047A12ED037A51ED037A77EE877AF5
:1020A00001F1100143ED037A12ED027A51ED067A47
:1020B00077EE877A02F1100243ED027A51ED057A4C
:1020C00012ED057A77EE877A03F1100343ED057A76
:1020D000D7D107EB0C1706EB0C1605EB0C1514F01B
:1020E00003041BD0D6ED007A97ED007A77EE877A5D
:1020F000013CC5ED007A11D0D7ED017A96ED017A59
:1021000077EE877A012CC5ED017A07D0D7ED027AF8
:1021100096ED027A77EE877AC5ED027A0020F0BC60
:1021200070476FF00200FAE7DFED1F7A20EE270A12
:10213000B5EEC00AF1EE10FAFDEEC07A04D517EE46
:10214000903A013B07EE903AF8EEE77A9FED177A66
:1021500030EE670A20EE070AFCEEC07A17EE903ADE
:102160009BB2B3F5007F1AD207EE903AF8EE677A89
:10217000591C30EE670A0E4AF7EE007A02EB830331
:1021800002EB810293ED007AD2ED006A77EEC07A1D
:1021900020EE260A67EE877A37EE800A704730EE27
:1021A000470A01210023E6E783F9223E00000044AC
:1021B00004440108DFED217A20EE270AF5EE007ACB
:1021C00030EE270AB5EEC00AF1EE10FAFDEEC07A45
:1021D00004D517EE903A013B07EE903AF8EEE77A15
:1021E0009FED177A30EE670A20EE070AFCEEC07A00
:1021F00017EE903A9BB2B3F5007F1AD207EE903AF1
:10220000F8EE677A591C30EE670A0E4AF7EE007A4C
:1022100002EB830302EB810293ED007AD2ED006AB8
:1022200077EEC07A20EE260A67EE877A37EE800ACC
:10223000704730EE470A01210023E6E783F9223E8A
:1022400000000044044401080A22002100F082B882
:10225000024B01461868EEF793BB00BF0C0000204C
:10226000242B2DE9F0478646904601D8012B06D154
:1022700000F0F6F8162303600020BDE8F08734482C
:102280000D462A4615F8014B065D16F00806F8D1F2
:102290002D2C10D12C780126951C33F0100215D16D
:1022A000302C0DD12A7802F0DF02582A08D16C7840
:1022B000023510230AE02B2C04BF2C78951CECE788
:1022C000002BF6D1302C14BF0A23082306F1004C52
:1022D0000CF1FF3C0022BCFBF3F9104603FB19CACA
:1022E000A4F13007092F0FD83C46A3421BDD571C31
:1022F00007D0814514D301D1A24511DB00FB034077
:10230000012215F8014BEBE7A4F14107192F01D881
:10231000373CEAE7A4F16107192F04D8573CE4E7FA
:102320004FF0FF32EDE7531C08D12223CEF80030E6
:102330006046B8F1000FA0D0691E06E006B1404229
:10234000B8F1000F99D0002AF6D1C8F8001094E730
:10235000094C010813460A46014602480068FFF787
:102360007FBF00BF0C00002010B50139034632B119
:1023700011F8014F03F8014B013A002CF7D11A4430
:102380000021934200D110BD03F8011BF9E710B5FD
:10239000024601448A42134603D01C780132002CC5
:1023A000F8D1181A10BD0000164B2DE9F0411F6836
:1023B0007C6C05460E46ECB95020FFF749FF0246FB
:1023C000786420B9104B11485B2100F065F8C0E932
:1023D0000044C0E90244C0E90444C0E90A44C0E939
:1023E0000C44C0E90E44C0E91044C0E912448461C1
:1023F000047744627A6C314628460123BDE8F041F7
:1024000000F006B80C000020094D0108204D01081D
:10241000F0B5044608B9146844B1204614F8015BCD
:102420000F4617F8016B1EB965B91560002005E06D
:10243000B542F6D1002BF0D114600370F0BD1C46FC
:102440000CE01DB9274614F8013B0E4616F8015B57
:10245000AB42F6D1002BF2D000233B701460EDE7C5
:10246000014B1868704700BF0C000020034611F8AC
:10247000012B03F8012B002AF9D170470A4491423D
:1024800000F1FF3300D1704710B511F8014B03F88C
:10249000014F9142F9D110BD1FB514461A46094BA0
:1024A0001B680546D8684CB1074B0091CDE9013453
:1024B00006492B4600F09AF900F0AAF9044B1C4695
:1024C000F3E700BF0C0000207A4D0108874D01089A
:1024D000B54D01082DE9F047164698468A680B6904
:1024E000DDF820909342B8BF1346336091F8432043
:1024F00007460C460AB1013333602368990642BF90
:10250000336802333360256815F0060506D104F1FF
:10251000190AE36832689B1AAB4226DC94F8433010
:102520002268003B18BF012392062BD404F143021A
:1025300041463846C84701301ED02368226903F05F
:102540000603042B02BFE5683368ED1AA3680CBFCD
:1025500025EAE57500259342C4BF9B1AED180026B5
:102560001A34B5421AD1002008E0012352464146F0
:102570003846C847013003D14FF0FF30BDE8F0873F
:102580000135C6E7E1185A1C302081F84300224487
:1025900094F8451082F843100233C7E7012322461E
:1025A00041463846C8470130E6D00136D9E7000039
:1025B0002DE9FF470F7E0C9E782F914680460C46F2
:1025C0009A4601F1430207D8622F0AD8002F00F083
:1025D000D180582F00F0B88004F1420684F8427090
:1025E0003AE0A7F16303152BF6D801A151F823F0C7
:1025F000492601085D260108D9250108D9250108C9
:10260000D9250108D92501085D260108D925010829
:10261000D9250108D9250108D92501085B2701081A
:102620008726010815270108D9250108D9250108A1
:102630007D270108D925010887260108D925010829
:10264000D92501081D27010833681A1D1B6832604F
:1026500004F1420684F8423001239CE0336820688C
:10266000191D3160060601D51D6803E04506FBD53E
:10267000B3F90050002D03DA2D236D4284F8433066
:1026800058480A2311E021683368080653F8045BB0
:1026900002D4490648BFADB26F2F5248336014BF11
:1026A0000A230823002184F843106668A660002EE0
:1026B00005DB21682E4321F0040121604BD0164632
:1026C000B5FBF3F103FB1157C75D06F8017D2F46FB
:1026D000BB420D46F4D9082B0BD12368DF0708D580
:1026E000236961689942DEBF302306F8013C06F198
:1026F000FF36921B2261CDF800A04B4603AA21466B
:102700004046FFF7E7FE01304AD14FF0FF3004B0FA
:10271000BDE8F087236843F0200323603248782720
:1027200084F84570236831681F0651F8045B02D4B1
:102730005F0648BFADB23160D90744BF43F0200304
:1027400023601DB11023ADE72648E9E7236823F095
:1027500020032360F6E71646BDE733682568616904
:10276000181D30602E061B6801D5196002E068064E
:10277000FBD51980002323611646BCE733681A1D78
:1027800032601E68626800213046EDF7C1FE08B174
:10279000801B606063682361002384F84330AAE7EC
:1027A0002369324649464046D0470130ADD02368C0
:1027B0009B0713D4E068039B9842B8BF1846A6E76E
:1027C0000123324649464046D04701309DD001356D
:1027D000E36803995B1AAB42F2DCEBE7002504F1F6
:1027E0001906F5E7B64D0108C74D01080EB403B54B
:1027F000014603AB054853F8042B0068019300F031
:1028000037F802B05DF804EB03B070470C0000200D
:1028100008B5062000F000FA0120F7F78BFD936859
:10282000013B002B10B4936008DA9469A34201DBEA
:102830000A2903D15DF8044B00F032B91368581C23
:102840001060197008465DF8044B7047F8B50646ED
:102850000F461446D518AC4201D1002007E014F809
:10286000011B3A463046FFF7DAFF431CF3D1F8BDAF
:102870002DE9F04F0D469DB014469846064618B116
:10288000036A0BB9EDF720FF6B6ED90705D4AB894E
:102890009A0502D4A86DEEF704F8AB891B0701D5A1
:1028A0002B699BB92946304600F038F970B16B6E40
:1028B000DC0704D54FF0FF301DB0BDE8F08FAB89C9
:1028C0009805F7D4A86DEDF7EDFFF3E70023099322
:1028D00020238DF82930CDF80C803023DFF8AC812F
:1028E0008DF82A304FF0010923469A4613F8012B40
:1028F0000AB1252AF9D1BAEB040B0BD05B4622466C
:1029000029463046FFF7A2FF013000F0A780099A60
:102910005A4409929AF80030002B00F09F8000235F
:102920004FF0FF32CDE905230AF1010A0493079322
:102930008DF853301A935446052214F8011B53485E
:10294000EDF7E6FD049AD8B9D10644BF20238DF8EF
:102950005330130744BF2B238DF853309AF80030BF
:102960002A2B15D0079A544600204FF00A0C214616
:1029700011F8013B303B092B4BD9B0B1079214E061
:10298000A0EB080309FA03F313430493A246D2E72A
:10299000039B191D1B680391002BBBBF5B4242F0D8
:1029A000020207930793B8BF049223782E2B0AD113
:1029B00063782A2B32D1039B1A1D1B68039243EACA
:1029C000E37302340593DFF8D4A021780322504644
:1029D000EDF79EFD38B1049BA0EB0A004022824037
:1029E00013430134049314F8011B29488DF828106F
:1029F0000622EDF78DFD00283FD0264B1BBB039B25
:102A0000073323F0070308330393099B3B440993DF
:102A10006AE70CFB02320C460120A8E700230134D0
:102A2000059319464FF00A0C204610F8012B303A56
:102A3000092A03D9002BC6D00591C4E70CFB01215C
:102A400004460123F0E703AB00932A46124B04A986
:102A50003046AFF300800746781CD6D16B6ED9079D
:102A600005D4AB899A0502D4A86DEDF71BFFAB899D
:102A70005B063FF51FAF09981EE703AB00932A469C
:102A8000054B04A93046FFF793FDE4E7D84D010854
:102A9000E24D0108000000004D280108DE4D01084C
:102AA000F8B50E461446054618B1036A0BB9EDF7A2
:102AB0000BFEA369A360A3891A0701D5236943B953
:102AC0002146284600F02AF818B14FF0FF37384663
:102AD000F8BD23682269981A6369F6B283423746C3
:102AE00005DC21462846EEF75BF80028EDD1A36807
:102AF000013BA36023685A1C22601E706269431C5C
:102B00009A4204D0A389DB07E1D50A2EDFD1214602
:102B10002846EEF745F80028D9D0D6E738B5294B36
:102B2000054618680C4618B1036A0BB9EDF7CCFDE1
:102B3000B4F90C30190722D4DA0607D409222A6026
:102B400043F04003A3814FF0FF3033E0580712D524
:102B5000616B41B104F14403994202D02846EDF77C
:102B6000A3FE00236363A38923F02403A38100232E
:102B7000636023692360A38943F00803A381236969
:102B80004BB9A38903F42073B3F5007F03D021462A
:102B9000284600F083F8B4F90C3013F001020AD093
:102BA0000022A26062695242A261226942B913F016
:102BB0008000C5D138BD990758BF6269A260F4E7AB
:102BC0000020F7E70C0000201F2938B505460C4609
:102BD00004D9162303604FF0FF3038BDC26B12B129
:102BE00052F821304BB9284600F030F82246014611
:102BF0002846BDE8384000F017B8012B0AD0591C10
:102C000003D1162303600120E7E7002142F82410D6
:102C1000204698470020E0E7024B01461868FFF77E
:102C2000D3BF00BF0C00002038B5074D0023044679
:102C3000084611462B60F7F76DFB431C02D12B6849
:102C400003B1236038BD00BFC8020020F7F75ABBAC
:102C500070B50C46B1F90E10002996B015461E4607
:102C60000DDAA38913F0800F4FF0000114BF402349
:102C70004FF48063002031602B6016B070BD6A464F
:102C800000F048F80028ECDB019901F47041A1F54F
:102C90000053594259414FF48063EBE78B89F7B5F4
:102CA0009D0706460C4607D504F1470323602361C0
:102CB0000123636103B0F0BD01AB6A46FFF7C8FFB3
:102CC000009F054639463046EDF75AFE48B9B4F93B
:102CD0000C309A05EED423F0030343F00203A381E2
:102CE000E2E7A389206043F08003A381019BC4E94C
:102CF00004075BB1B4F90E10304600F01DF828B19E
:102D0000A38923F0030343F00103A381A3891D4397
:102D1000A581CFE738B5074D002304460846114684
:102D20002B60F7F757FB431C02D12B6803B12360DC
:102D300038BD00BFC802002038B5064D0023044648
:102D400008462B60F7F756FB431C02D12B6803B1F2
:102D5000236038BDC802002008B52DED028BB0EE0F
:102D6000408A00F0ADF9B4EE488AF1EE10FAF0EEC8
:102D7000408A15D6B0EE480A00F0AAF8F7EE007ABD
:102D8000B4EEE70AF1EE10FA0ADDFFF769FBBDECDD
:102D9000028B21230360BDE80840044800F0E6B838
:102DA000B0EE680ABDEC028B08BD00BFB54D01084E
:102DB00008B52DED028BB0EE408A00F077FAB4EE44
:102DC000488AF1EE10FAF0EE408A15D6B0EE480AC5
:102DD00000F07EF8F7EE007AB4EEE70AF1EE10FAB2
:102DE0000ADDFFF73DFBBDEC028B21230360BDE84C
:102DF0000840044800F0BAB8B0EE680ABDEC028B97
:102E000008BD00BFB54D010800F034BB08B52DED7D
:102E1000028BB0EE408A00F0AFF8B4EE488AF1EED3
:102E200010FA0CD6DFED078AB4EEE88AF1EE10FA5C
:102E300005D5FFF715FB88EEA80A21230360BDEC3A
:102E4000028B08BD0000000010EE103A07B51E4AC4
:102E500023F00043934206D8DFED1C0A03B05DF86F
:102E600004EB00F08DB8B3F1FF4F04D330EE400A0D
:102E700003B05DF804FB684600F09CFB00F0030023
:102E8000012809D0022810D0B0B9DDED010A9DED6E
:102E9000000A00F075F8EBE7DDED010A9DED000A90
:102EA00000F0C6F8B1EE400AE2E7DDED010A9DED63
:102EB000000A00F065F8F5E7DDED010A9DED000A76
:102EC000012000F0B5F8D3E7D80F493F000000001B
:102ED00010EE103A23F0004300EE103A7047000065
:102EE00010EE103A07B51F4A23F00043934207D86B
:102EF000DFED1D0A002003B05DF804EB00F098B888
:102F0000B3F1FF4F04D330EE400A03B05DF804FB89
:102F1000684600F04FFB00F0030001280AD00228A9
:102F20000FD0C0B9DDED010A9DED000A012000F0CF
:102F30007FF8EAE7DDED010A9DED000A00F020F8D8
:102F4000E3E7DDED010A9DED000A012000F070F8D5
:102F5000B1EE400AD9E7DDED010A9DED000A00F06F
:102F60000FF8F5E7D80F493F000000009FED010A78
:102F7000704700BF0000C07FB1EEC00A704700007C
:102F800010EE103A23F00043B3F1485FF0EE406AD0
:102F9000B7EE000A04D2FDEEE67A17EE902A42B3AD
:102FA00026EEA67ADFED1A7A9FED1A6A1A4AA7EE84
:102FB000276A9342DFED197AE6EE077A9FED186AE9
:102FC000A7EE876ADFED177AE6EE077A9FED166ABD
:102FD000A7EE876A60EEE60A26EE076AF6EE007A4A
:102FE000E7EE060A67EE277A04D877EEE07A30EE4D
:102FF000670A70470D4A93429ABF03F17F4307EE79
:10300000103AB5EE027A30EE470A77EEC77AECE76F
:103010004ED747ADF6740F319999993E7CF293B42F
:10302000010DD037610BB6BAABAA2A3D0000483F6C
:1030300010EE103A23F00043B3F1485F04D2FDEEE6
:10304000C07A17EE903A5BB320EE007ADFED157A86
:103050009FED156AA7EE276ADFED147AE6EE077A90
:103060009FED136AA7EE876ADFED127A60EE076ABA
:10307000E6EE077A30B99FED106AA7EE276AA6EE52
:10308000260A704767EEE67AB6EE006AE0EE867AC8
:10309000D7EE870ADFED097AE6EEA70A30EE600A7E
:1030A000704700BFD3C92E2F342FD7B21BEF38364D
:1030B000010D50B98988083CABAA2ABEABAA2A3EAA
:1030C00008B510EE103A23F00042B2F17E5F2DED0C
:1030D0000C8B0AD19FED640ADFED647A002BC8BF28
:1030E000B0EE670ABDEC0C8B08BD04D930EE408A07
:1030F00088EE080AF6E7B2F17C5F3CD2B2F10C5FD1
:1031000040F2AF8060EE007ADFED596A9FED597AA8
:103110009FED596AA7EEA67ADFED586AE7EE276AB7
:103120009FED577AA6EEA77ADFED566AE7EE276A9B
:103130009FED557AA6EEA77ADFED546AA7EEA66A50
:10314000DFED536AE6EE276A9FED526AA6EEA76AA4
:10315000F7EE006AE6EE276A27EE277ADFED4E7A71
:1031600087EE266AE0EE467A70EE677A9FED4B0AAC
:1031700030EE670AB6E7002BDFED3DDADFED3DCA42
:103180009FED3ECADFED3EBA9FED3EBADFED3E8ACF
:103190009FED3EDADFED38AA9FED3DAADFED3D9AC7
:1031A000B7EE009AF6EE007A28DA30EE098A28EEB9
:1031B000270AE0EE2DCAE0EE0DAAACEE80CAAAEE18
:1031C00080AAECEE00BAEAEE009AABEE80BAA9EE65
:1031D000809AEBEE008A68EE808AFFF7CDFE88EEDB
:1031E000897ADFED2F7AE0EE077AB0EE007A77EE9B
:1031F000807A9FED2C0AA7EEC70A73E739EE408A62
:1032000028EE278AB0EE480AFFF7B6FEE8EE2DCA90
:10321000E8EE0DAAACEE88CAAAEE88AAECEE08BACF
:1032200010EE103AABEE88BA6FF30B03EAEE089A91
:1032300007EE903AEBEE088AB0EE486AA7EEE76A2E
:10324000A9EE889A70EE276A68EE888A86EE267A5A
:10325000C8EE896AA0EE267A37EE870A30EE000AB9
:1032600040E79FED110A3DE7DB0F494000000000F9
:1032700008EF1138047F4F3A613330BF461124BD47
:10328000A80A4E3E90B0A6BEABAA2A3E2EC69D3DD1
:103290002D57014039D119C06821A233DA0FC93F37
:1032A0006821A2B3DA0F4940DB0FC93F38B510EEF1
:1032B000105A25F00044B4F17E5F2DED048B0CD143
:1032C000DFED5C7A9FED5C7A60EE277AE0EE077ABC
:1032D000B0EE670ABDEC048B38BD04D970EE407ABD
:1032E00087EEA70AF6E7B4F17C5FF7EE008A0BD20F
:1032F000B4F1485F52D2DFED517A70EE277AF4EEE6
:10330000E87AF1EE10FAE5DCFFF7E2FD38EEC08A6C
:10331000F6EE007A28EE278A9FED497ADFED497AAA
:103320009FED499AA8EE277ADFED487AE7EE087A12
:103330009FED477AA7EE887ADFED467AE7EE087AC6
:103340009FED457AA7EE889ADFED447AE8EE077A9A
:103350009FED437AA7EE887ADFED427AE7EE087AAE
:10336000B0EE480AE7EE888AFFF706FE3E4B29EEEC
:10337000089A9C4289EE286AF0EE006A3DD9A0EED8
:10338000060ADFED3A7AE0EE267A9FED2B0A30EE60
:10339000670A002DD8BFB1EE400A9BE760EE007AC5
:1033A000DFED286A9FED267A9FED2B6AA7EEA67ABD
:1033B000DFED266AE7EE276A9FED257AA6EEA77A6B
:1033C000DFED246AE7EE276A9FED1F7AA6EEA77A63
:1033D000DFED226AE7EE866A9FED216AA6EEA76A14
:1033E000DFED206AE6EE276A27EE277AE6EEA78A67
:1033F000C7EE287AA0EE270A6CE710EE103A6FF3BA
:103400000B0307EE103AA7EE478A70EE005A30EE33
:10341000070ADFED087A88EE005A9FED150AE5EEFF
:10342000667AD5EE867AB0EE406AA7EE666A77EEE7
:10343000C67AACE72EBD3BB3DB0FC93FCAF2497178
:10344000047F4F3A08EF1138ABAA2A3E461124BD3B
:10345000A80A4E3E90B0A6BE2EC69D3D613330BF39
:103460002D57014039D119C09999793F2EBD3B3371
:10347000DB0F493F10EE902A22F00041B1F1FF4FDF
:1034800010B5F0EE407A06D810EE100A20F0004396
:10349000B3F1FF4F04D977EEA07AB0EE670A10BD02
:1034A000B2F17E5F03D1BDE8104000F0B3B99417CC
:1034B00004F0020444EAD07443B9022C5ED09FEDBC
:1034C000347A032C08BFF0EE477AE6E741B9DFED26
:1034D000317A9FED317A0028A8BFF0EE477ADCE719
:1034E000B1F1FF4F10D1B3F1FF4F04F1FF3407D119
:1034F000022C46D8294B03EB8403D3ED007ACCE7AA
:10350000022C41D8264BF6E7B3F1FF4FDFD05B1A10
:10351000B3F1F45F4FEAE3511ADA002A01DA3C31E1
:1035200019DB87EEA00AFFF7D3FC00F073F9F0EE89
:10353000407A012C12D0022C17D0002CADD09FED78
:10354000197A77EE877A9FED187A77EEC77AA4E733
:10355000DFED117AEDE7DFED157AEAE717EE903A45
:1035600003F1004307EE903A97E79FED0E7A77EE6E
:10357000877A9FED0D7A77EE677A8EE7DFED0A7A2C
:103580008BE7DFED0B7A88E7DFED087A85E700BF90
:10359000DB0F49C0DB0FC9BFDB0FC93FF84D010886
:1035A000EC4D01082EBDBB33DB0F4940000000008D
:1035B000DB0F493FF0B510EE106A884B26F000454E
:1035C0009D4287B0044605D8002380ED000A436081
:1035D000002022E0824B9D423AD826F00043002E84
:1035E0009FED807A804A23F00F0318DD934270EE3E
:1035F000477A09BF9FED7D7ADFED7D6ADFED7D6A59
:1036000077EEC77A37EEE67A77EEC77A80ED007A02
:1036100077EEE67AC0ED017A012007B0F0BD934263
:1036200070EE077A09BF9FED717ADFED716ADFED09
:10363000716A77EE877A37EEA67A77EEC77A80EDF1
:10364000007A77EEA67AC0ED017A4FF0FF30E4E71A
:10365000694B9D4273D8FFF73BFC9FED687AF6EE0D
:10366000007AE0EE077AFDEEE77AB8EEE77A17EE39
:10367000900ADFED5C7AA7EE670A1F28DFED5C7A1F
:1036800067EE277AB1EE476A70EE676A16EE901A17
:1036900009DC5B4A471E26F0004352F8272023F03E
:1036A000FF03934207D1C1F3C752C2EBD552082A98
:1036B0004FEAE55314DC216094ED007A30EE470ABE
:1036C000002E30EE670A84ED010AA6DAB1EE477AE1
:1036D000B1EE400A84ED007A84ED010A40429CE795
:1036E000DFED425AF0EE406AE6EE256A70EE667A49
:1036F000E6EE257ADFED3F5AD7EE257A76EEE75AE9
:1037000015EE902AC2F3C7515B1A192B04DCC4EDE5
:10371000005AB0EE660ACFE7DFED3A5AB0EE660A1D
:10372000A6EE250A76EEC07ADFED376AE6EE257A58
:10373000D7EE267A30EE677A84ED007ABCE7B5F1F1
:10374000FF4F06D370EE407AC0ED017AC0ED007AEB
:103750003EE7EA15863AA5EBC25307EE903ABDEE76
:10376000E77ADFED2A6AB8EEC77A77EEC77A8DED91
:10377000037A67EEA67ABDEEE77AB8EEC77A77EEFF
:10378000C77A8DED047A67EEA67AF5EE407AF1EE0F
:1037900010FACDED057A1ED1B5EE407AF1EE10FAB1
:1037A0000CBF012302231A4901910221009103A8B1
:1037B000214600F003F9002EBFF62FAFD4ED007ABA
:1037C000F1EE677AC4ED007AD4ED017AF1EE677A12
:1037D000C4ED017A82E70323E5E700BFD80F493F34
:1037E000E3CB1640800FC93FD00FC93F00443537A7
:1037F0004344353708A3852E800F494384F9223F7F
:10380000044E010800A3852E32318D240000804330
:10381000844E010838B510EE105A25F00044B4F17A
:10382000A14FF0EE407A10D3B4F1FF4F04D970EEFF
:10383000007AB0EE670A38BDDFED4D7A9FED4D7A24
:10384000002DC8BFF0EE477AF3E74B4B9C4210D8EF
:10385000B4F1445F0AD29FED497A30EE077AF7EE71
:10386000006AB4EEE67AF1EE10FAE2DC4FF0FF33D4
:1038700013E0FFF72DFB424B9C424FD8A3F5D0033A
:103880009C4241D8F0EE007ABFEE007AA0EE277A93
:10389000002330EE270AC7EE007A5A1C27EEA76AEB
:1038A0009FED387ADFED385A9FED385A66EE066A9A
:1038B000E6EE875A9FED367AA5EEA67ADFED355A09
:1038C000E7EE265A9FED347AA5EEA67ADFED335A5D
:1038D000E7EE265A9FED327AA6EE875A9FED317AAF
:1038E000A5EE267A9FED305AA7EE265A9FED2F7A45
:1038F000A5EE267A27EE267AA5EE867A27EE877A37
:1039000021D177EEC77A94E7F7EE007A30EE677A46
:1039100030EE270A0123C7EE007ABEE7244B9C4213
:103920000BD8F7EE087AB7EE007AA0EE277A0223DA
:1039300070EE676AC6EE877AAFE7BFEE007AC7EE31
:10394000007A0323A9E71B4A1B4902EB830201EB20
:103950008303D3ED006A37EE667A002D37EE677A7F
:10396000D2ED007A77EEC77AB8BFF1EE677A60E7FA
:10397000DB0FC9BFDB0FC93FFFFFDF3ECAF2497152
:10398000FFFF973FD769853C59DA4B3D6BF16EBD20
:10399000356B883D6E2EBA3D2549123EABAAAA3E34
:1039A00021A215BD95879DBD388EE3BDCDCC4CBE03
:1039B000FFFF1B40AC5101089C5101082DE9F04F5D
:1039C0002DED048BD9B090460190B64A669818F157
:1039D000040F52F820A00F4603F1FF3B26DBB8F19D
:1039E000030248BF08F10402D210551C67999FEDED
:1039F000B17AE800A2EB0B060290A8EBC5050AEB32
:103A00000B0C1CAC01EB860E0020604510DD1CA9E0
:103A100001EB83000DF588790026564524DCDDF89E
:103A200004E0DFEDA47A8446002416E00022DCE7FF
:103A3000C6425DBF5EF8201007EE901AF8EEE77AF6
:103A4000F0EE477AE4EC017A0130DEE7FEEC016A41
:103A50003CED017AE6EE877A01345C45F6DDE9EC6F
:103A6000017A01360430D8E708A901EB8A010491F4
:103A70006799DFED8F8A9FED8D9A01EB82020392A9
:103A80005446A200059258AA02EB840212ED140AD1
:103A900044A908AA01EB840094462646002E4CDC7B
:103AA0002846CDE9062300F0F1F9B0EE408AB4EEE5
:103AB000000A28EE000A00F04FFAF2EE007AA0EEBB
:103AC000678A002DDDE90623FDEEC87A17EE909A8D
:103AD000F8EEE77A38EE678A41DD04F1FF3C08A989
:103AE000C5F1080E51F82C6046FA0EF0814400FA38
:103AF0000EF0361AC5F1070041F82C600641002E81
:103B00003CDD4FF0000E09F101097046744568DC98
:103B1000002D03DD012D74D0022D7DD0022E2DD17C
:103B2000B7EE000A30EE488A40B32846069300F00C
:103B3000ADF9069B38EE408A20E060EE287A013E1F
:103B4000FDEEE77AF8EEE77AA7EEC90ABDEEC00A05
:103B5000ACEC010A30ED010A37EE800A9EE705D190
:103B6000601E08A951F82060F611C8E7F6EE007A49
:103B7000B4EEE78AF1EE10FA31DA0026B5EE408AAB
:103B8000F1EE10FA40F09880601E002250454BDAAA
:103B9000002A65D0013C08AB083D53F82430002BC7
:103BA000F8D02846B7EE000A00F070F9631C44AA6A
:103BB0009FED3F7A990002EB83022346002B80F2AF
:103BC000A9802346002BC0F2C78044AA02EB8305DC
:103BD000DFF8D4C0DFED377A0020E21AB1E0022628
:103BE0008FE752F8041B48B921B1C1F5807142F842
:103BF000041C01210EF1010E084687E7C1F1FF0107
:103C0000F5E704F1FF3C08AA52F82C2002F07F02ED
:103C100008A941F82C2081E704F1FF3C08AA52F8DA
:103C20002C2002F03F02F3E708A951F820100138D8
:103C30000A43ABE7013250F8046D002EFAD0059923
:103C400001F5B0710DEB0100E6181CA904F1010C9F
:103C50004C3801EB86062244624504DA144610E72C
:103C600004980122E7E70399DDF804E051F82C10ED
:103C7000059107EE901AF8EEE77A0024E6EC017A57
:103C8000DFED0C7AB1465C4504DDE0EC017A0CF125
:103C9000010CE1E7FEEC016A39ED017A0134E6EE50
:103CA000877AF0E7E8510108BC5101080000804321
:103CB0000000803B00000000029BB0EE480AA3EB2E
:103CC000080000F0E3F81FED077AB4EEC70AF1EE42
:103CD00010FA19DB5FED0A7A60EE277A08AAFDEE8A
:103CE000E77A0835F8EEE77AA7EEC70AFDEEE77A3D
:103CF000BDEEC00A10EE103A42F8243017EE903AAA
:103D0000013442F824304CE7BDEEC00A08AA10EE98
:103D1000103AF6E708A850F82300019007EE900A41
:103D2000F8EEE77A013B67EE807A20EE070A62ED53
:103D3000017A43E7FCEC016AB5EC017AE6EE877A9A
:103D40000130504501DC9042F4DD58A800EB8202BE
:103D500042ED287A013B35E7669B022B09DC002BFC
:103D600027DC40D009F0070059B0BDEC048BBDE85A
:103D7000F08F669B032BF5D130AA0B1F13441A4614
:103D80002046002850DC2246012A5DDC30AB5FED86
:103D9000377A0B44012C67DCDDED306A9DED317A1A
:103DA000002E67D1C7ED006A87ED017AC7ED027A70
:103DB000D8E730AB1FED417A0B442246002A24DAC3
:103DC0004EB3F1EE477AC7ED007ADDED307A77EE4B
:103DD000C77A31AA01239C4220DA0EB1F1EE677A4C
:103DE000C7ED017ABEE730AB5FED4E7A0B44002C95
:103DF00005DA0EB1F1EE677AC7ED007AB2E733ED7E
:103E0000017A013C77EE877AF1E773ED017A013AA6
:103E100037EE277AD2E7F0EE477AD4E7B2EC017AB0
:103E2000013377EE877AD6E772ED017AD2ED016A37
:103E300037EEA67A013877EEC77A82ED007A77EE10
:103E4000A67AC2ED017A9CE773ED017AD3ED016A9F
:103E500037EEA67A013A77EEC77A83ED007A77EEED
:103E6000A67AC3ED017A8FE733ED017A013C77EE54
:103E7000877A8FE7F1EE666AB1EE477AC7ED006A9E
:103E800087ED017AF1EE677A90E700BF10EE103A05
:103E900033F000422BD0B2F1FF4F02D330EE000AD4
:103EA000704713F0FF4F23D1244BDFED257A984262
:103EB00020EE270A17DB10EE103AC3F3C752193A67
:103EC0004CF25031884215DDDFED1E7ADFED1E6ABF
:103ED00010EE103AB0EE677A002BB8BFF0EE667ABB
:103EE00027EE870A7047DFED197A27EE800A7047C0
:103EF000D20DE5E71044FE28E6DC002806DD23F0BD
:103F0000FF4343EAC05300EE103A704710F1160F1A
:103F100009DADFED0E7ADFED0E6A10EE103AB0EE40
:103F2000677A002BD9E7193023F0FF4343EAC053E7
:103F30009FED080A07EE903AD7E700BFB03CFFFFBD
:103F40000000004CCAF24971CAF249F16042A20D68
:103F50006042A28D0000003310EE103AC3F3C75246
:103F60007F3A162A23F000412BDC002A12DADFED1B
:103F7000197A30EE270AB5EEC00AF1EE10FA06DD26
:103F8000002B24DA0029144B08BF4FF0004300EE49
:103F9000103A7047114911410B42FAD0DFED0D7A0A
:103FA00030EE270AB5EEC00AF1EE10FAEFDD002B75
:103FB000BEBF4FF4000040FA02F29B1823EA01034F
:103FC000E5E7B1F1FF4FE4D330EE000A704700237C
:103FD000DDE700BFCAF24971000080BFFFFF7F002C
:103FE000F8B500BFF8BC08BC9E467047F8B500BFE6
:083FF000F8BC08BC9E467047B6
:103FF80049444C450000000064656661756C745462
:1040080061736B0000400108B58F000800000000D4
:104018000000000080000000000000000000000018
:10402800453A00001B5B313B33316D00202025737E
:1040380025735B6273705F75736172745D2055538D
:1040480041525420657863656564206D6178206904
:104058006E7374616E636520636F756E74210D0AEB
:10406800257300001B5B306D0000000020202573C5
:1040780025735B6273705F75736172745D2055534D
:1040880041525420696E7374616E636520616C726D
:104098006561647920726567697374657265642106
:1040A8000D0A257300000000573A00001B5B313BE6
:1040B80033336D002020257325735B6273705F7541
:1040C800736172745D205553415254206572726F4A
:1040D800722063616C6C6261636B207472696767DC
:1040E800657265642C20696E7374616E63652069FE
:1040F8006478205B25645D0D0A257300453A00004D
:104108001B5B313B33316D002020257325734556E9
:10411800454E54204E414D4520544F4F204C4F4E54
:10412800473A25730D0A2573000000001B5B306DAC
:10413800000000002020257325734556454E542065
:104148004C454E204E4F542053414D453A25642C42
:1041580025640D0A257300002C000000555000004E
:10416800444F574E000000004C45465400000000E4
:1041780052494748540000004D4944444C4500000A
:10418800453A00001B5B313B33316D00202025731D
:1041980025735B424D493038385D2043616C696254
:1041A80072617465204661696C6564212055736588
:1041B800206F66666C696E6520706172616D730D43
:1041C8000A2573001B5B306D00000000573A0000A1
:1041D8001B5B313B33336D002020257325735B62F5
:1041E8006D693038385D2063616C69627261746929
:1041F8006F6E2077617320696E7465727275707462
:1042080065640A0D0A2573002020257325735B62F7
:104218006D693038385D2043616E206E6F7420728E
:1042280065616420626D693038382061636320639A
:104238006869702069640D0A2573000020202573C1
:1042480025735B626D693038385D2043616E206E7E
:104258006F74207265616420626D69303838206738
:1042680079726F20636869702069640D0A2573008C
:1042780067696D62616C5F666565640067696D6238
:10428800616C5F636D6400006361725F636F6E747D
:10429800726F6C006361725F737461746500000013
:1042A80067696D62616C5F636D64000067696D6268
:1042B800616C5F66656564006361725F636F6E74ED
:1042C800726F6C006361725F7374617465000000E3
:1042D800746573747461736B00000000D842010840
:1042E800190F010801000000000000000004000090
:1042F80000000000000000005465726D696E616C7A
:10430800000000000000000000000000010203049B
:104318000607080900000000010203040006101641
:10432800000610160000803F00000000000000009A
:10433800000000000000803F0000000000000000B6
:10434800000000000000803F0000803F00000000E7
:104358000000000000000000000000000000000055
:10436800000000000000803F000000000000000086
:104378000000000000000000000000000000000035
:104388000000803F00000000000000000000000066
:104398000000000000000000000000000000803F56
:1043A8000000000000000000000000000000000005
:1043B80000000000000000000000803F0000000036
:1043C80000000000000000000000000000000000E5
:1043D800000000000000803F30313233343536377A
:1043E8003839414243444546000000000000545417
:1043F8005220524547474553000000000000000086
:10440800920E493CB10AC93C2BC3163D2EFB483DD0
:10441800752B7B3D04A9963D80B6AF3D36BDC83DA2
:104428002FBCE13D73B2FA3D87CF093E8340163E6B
:10443800B5AB223EA2102F3ECF6E3B3EC2C5473ED3
:104448000115543E135C603E7F9A6C3ECCCF783E9B
:10445800C07D823E938E883E229A8E3E32A0943E44
:1044680086A09A3EE59AA03E128FA63ED47CAC3E2A
:10447800EF63B23E2A44B83E491DBE3E15EFC33E27
:1044880053B9C93ECA7BCF3E4136D53E80E8DA3EB5
:104498004F92E03E7533E63EBBCBEB3EEA5AF13E27
:1044A800CBE0F63E275DFC3EE4E7003F3D9C033F42
:1044B800824B063F9BF5083F6B9A0B3FDA390E3F5C
:1044C800CDD3103F2A68133FD9F6153FC07F183F58
:1044D800C6021B3FD17F1D3FCBF61F3F9967223F86
:1044E80025D2243F5636273F1594293F4AEB2B3FC8
:1044F800DE3B2E3FBB85303FC9C8323FF304353F12
:10450800233A373F4268393F3B8F3B3FF9AE3D3F47
:1045180067C73F3F70D8413F01E2433F03E4453F4F
:1045280065DE473F12D1493FF8BB4B3F029F4D3FE5
:10453800207A4F3F3D4D513F4918533F31DB543F9F
:10454800E595563F5348583F6AF2593F1A945B3FE6
:10455800532D5D3F05BE5E3F2146603F97C5613FD5
:104568005A3C633F59AA643F880F663FD86B673F40
:104578003CBF683FA7096A3F0C4B6B3F5E836C3FAB
:1045880093B26D3F9ED86E3F73F56F3F0809713F38
:104598005213723F4714733FDD0B743F0BFA743F9D
:1045A800C6DE753F07BA763FC58B773FF853783F2D
:1045B8009812793F9DC7793F02737A3FBE147B3FBB
:1045C800CDAC7B3F283B7C3FC9BF7C3FAC3A7D3FAD
:1045D800CCAB7D3F23137E3FB0707E3F6DC47E3FE2
:1045E800580E7F3F6D4E7F3FAB847F3F0FB17F3FBB
:1045F80097D37F3F43EC7F3F11FB7F3F0000803F15
:1046080011FB7F3F43EC7F3F97D37F3F0FB17F3F45
:10461800AB847F3F6D4E7F3F580E7F3F6DC47E3F1A
:10462800B0707E3F23137E3FCCAB7D3FAC3A7D3FDD
:10463800C9BF7C3F283B7C3FCDAC7B3FBE147B3F52
:1046480002737A3F9DC7793F9812793FF853783FB4
:10465800C58B773F07BA763FC6DE753F0BFA743FC6
:10466800DD0B743F4714733F5213723F0809713FC3
:1046780073F56F3F9ED86E3F93B26D3F5E836C3F7C
:104688000C4B6B3FA7096A3F3CBF683FD86B673F3D
:10469800880F663F59AA643F5A3C633F97C5613FFC
:1046A8002146603F05BE5E3F532D5D3F1A945B3F38
:1046B8006AF2593F5348583FE595563F31DB543F1E
:1046C8004918533F3D4D513F207A4F3F029F4D3F80
:1046D800F8BB4B3F12D1493F65DE473F03E4453FF6
:1046E80001E2433F70D8413F67C73F3FF9AE3D3FC6
:1046F8003B8F3B3F4268393F233A373FF304353F0E
:10470800C9C8323FBB85303FDE3B2E3F4AEB2B3FCB
:104718001594293F5636273F25D2243F9967223FD3
:10472800CBF61F3FD17F1D3FC6021B3FC07F183FFE
:10473800D9F6153F2A68133FCDD3103FDA390E3F1B
:104748006B9A0B3F9BF5083F824B063F3D9C033F0E
:10475800E4E7003F275DFC3ECBE0F63EEA5AF13E37
:10476800BBCBEB3E7533E63E4F92E03E80E8DA3E47
:104778004136D53ECA7BCF3E53B9C93E15EFC33E3D
:10478800491DBE3E2A44B83EEF63B23ED47CAC3EDF
:10479800128FA63EE59AA03E86A09A3E32A0943E8D
:1047A800229A8E3E938E883EC07D823ECCCF783E44
:1047B8007F9A6C3E135C603E0115543EC2C5473E6D
:1047C800CF6E3B3EA2102F3EB5AB223E8340163E35
:1047D80087CF093E73B2FA3D2FBCE13D36BDC83DD7
:1047E80080B6AF3D04A9963D752B7B3D2EFB483D19
:1047F8002BC3163DB10AC93C920E493C000000008B
:10480800920E49BCB10AC9BC2BC316BD2EFB48BDCC
:10481800752B7BBD04A996BD80B6AFBD36BDC8BD9E
:104828002FBCE1BD73B2FABD87CF09BE834016BE67
:10483800B5AB22BEA2102FBECF6E3BBEC2C547BECF
:10484800011554BE135C60BE7F9A6CBECCCF78BE97
:10485800C07D82BE938E88BE229A8EBE32A094BE40
:1048680086A09ABEE59AA0BE128FA6BED47CACBE26
:10487800EF63B2BE2A44B8BE491DBEBE15EFC3BE23
:1048880053B9C9BECA7BCFBE4136D5BE80E8DABEB1
:104898004F92E0BE7533E6BEBBCBEBBEEA5AF1BE23
:1048A800CBE0F6BE275DFCBEE4E700BF3D9C03BF3E
:1048B800824B06BF9BF508BF6B9A0BBFDA390EBF58
:1048C800CDD310BF2A6813BFD9F615BFC07F18BF54
:1048D800C6021BBFD17F1DBFCBF61FBF996722BF82
:1048E80025D224BF563627BF159429BF4AEB2BBFC4
:1048F800DE3B2EBFBB8530BFC9C832BFF30435BF0E
:10490800233A37BF426839BF3B8F3BBFF9AE3DBF43
:1049180067C73FBF70D841BF01E243BF03E445BF4B
:1049280065DE47BF12D149BFF8BB4BBF029F4DBFE1
:10493800207A4FBF3D4D51BF491853BF31DB54BF9B
:10494800E59556BF534858BF6AF259BF1A945BBFE2
:10495800532D5DBF05BE5EBF214660BF97C561BFD1
:104968005A3C63BF59AA64BF880F66BFD86B67BF3C
:104978003CBF68BFA7096ABF0C4B6BBF5E836CBFA7
:1049880093B26DBF9ED86EBF73F56FBF080971BF34
:10499800521372BF471473BFDD0B74BF0BFA74BF99
:1049A800C6DE75BF07BA76BFC58B77BFF85378BF29
:1049B800981279BF9DC779BF02737ABFBE147BBFB7
:1049C800CDAC7BBF283B7CBFC9BF7CBFAC3A7DBFA9
:1049D800CCAB7DBF23137EBFB0707EBF6DC47EBFDE
:1049E800580E7FBF6D4E7FBFAB847FBF0FB17FBFB7
:1049F80097D37FBF43EC7FBF11FB7FBF000080BF11
:104A080011FB7FBF43EC7FBF97D37FBF0FB17FBF41
:104A1800AB847FBF6D4E7FBF580E7FBF6DC47EBF16
:104A2800B0707EBF23137EBFCCAB7DBFAC3A7DBFD9
:104A3800C9BF7CBF283B7CBFCDAC7BBFBE147BBF4E
:104A480002737ABF9DC779BF981279BFF85378BFB0
:104A5800C58B77BF07BA76BFC6DE75BF0BFA74BFC2
:104A6800DD0B74BF471473BF521372BF080971BFBF
:104A780073F56FBF9ED86EBF93B26DBF5E836CBF78
:104A88000C4B6BBFA7096ABF3CBF68BFD86B67BF39
:104A9800880F66BF59AA64BF5A3C63BF97C561BFF8
:104AA800214660BF05BE5EBF532D5DBF1A945BBF34
:104AB8006AF259BF534858BFE59556BF31DB54BF1A
:104AC800491853BF3D4D51BF207A4FBF029F4DBF7C
:104AD800F8BB4BBF12D149BF65DE47BF03E445BFF2
:104AE80001E243BF70D841BF67C73FBFF9AE3DBFC2
:104AF8003B8F3BBF426839BF233A37BFF30435BF0A
:104B0800C9C832BFBB8530BFDE3B2EBF4AEB2BBFC7
:104B1800159429BF563627BF25D224BF996722BFCF
:104B2800CBF61FBFD17F1DBFC6021BBFC07F18BFFA
:104B3800D9F615BF2A6813BFCDD310BFDA390EBF17
:104B48006B9A0BBF9BF508BF824B06BF3D9C03BF0A
:104B5800E4E700BF275DFCBECBE0F6BEEA5AF1BE33
:104B6800BBCBEBBE7533E6BE4F92E0BE80E8DABE43
:104B78004136D5BECA7BCFBE53B9C9BE15EFC3BE39
:104B8800491DBEBE2A44B8BEEF63B2BED47CACBEDB
:104B9800128FA6BEE59AA0BE86A09ABE32A094BE89
:104BA800229A8EBE938E88BEC07D82BECCCF78BE40
:104BB8007F9A6CBE135C60BE011554BEC2C547BE69
:104BC800CF6E3BBEA2102FBEB5AB22BE834016BE31
:104BD80087CF09BE73B2FABD2FBCE1BD36BDC8BDD3
:104BE80080B6AFBD04A996BD752B7BBD2EFB48BD15
:104BF8002BC316BDB10AC9BC920E49BC0000008087
:104C08000020202020202020202028282828282094
:104C1800202020202020202020202020202020208C
:104C280020881010101010101010101010101010F4
:104C380010040404040404040404041010101010E4
:104C480010104141414141410101010101010101AE
:104C58000101010101010101010101011010101000
:104C68001010424242424242020202020202020280
:104C780002020202020202020202020210101010D4
:104C880020000000000000000000000000000000FC
:104C9800000000000000000000000000000000000C
:104CA80000000000000000000000000000000000FC
:104CB80000000000000000000000000000000000EC
:104CC80000000000000000000000000000000000DC
:104CD80000000000000000000000000000000000CC
:104CE80000000000000000000000000000000000BC
:104CF80000000000000000000000000000000000AC
:104D0800005245454E54206D616C6C6F632073757D
:104D180063636565646564002F6275696C642F67F9
:104D28006E752D746F6F6C732D666F722D73746D45
:104D380033325F31332E332E72656C312E3230327E
:104D480034303932362D313731352F7372632F6E47
:104D580065776C69622F6E65776C69622F6C696222
:104D6800632F737472696E672F737472746F6B2E0E
:104D780063002C2066756E6374696F6E3A2000615B
:104D88007373657274696F6E2022257322206661C1
:104D9800696C65643A2066696C6520222573222C4B
:104DA800206C696E65202564257325730A003031EF
:104DB800323334353637383941424344454600307A
:104DC80031323334353637383961626364656600A9
:104DD800232D302B2000686C4C00656667454647DC
:104DE8000000000000000080DB0F4940DB0F49C0D5
:104DF800DB0F49BFE4CB1640E4CB16C0000FC93F18
:104E0800000F494000CB9640000FC9400053FB40BB
:104E180000CB164100ED2F41000F4941003162419E
:104E280000537B41003A8A4100CB9641005CA34184
:104E380000EDAF41007EBC41000FC94100A0D54143
:104E48000031E24100C2EE410053FB4100F203424F
:104E5800003A0A420083104200CB164200141D4259
:104E6800005C234200A5294200ED2F42003636425D
:104E7800007E3C4200C74242000F4942A2000000A7
:104E8800F9000000830000006E0000004E000000E2
:104E9800440000001500000029000000FC0000008C
:104EA8002700000057000000D1000000F5000000B6
:104EB80034000000DD000000C0000000DB0000003E
:104EC8006200000095000000990000003C0000000E
:104ED800430000009000000041000000FE000000B8
:104EE8005100000063000000AB000000DE0000007D
:104EF800BB000000C500000061000000B700000012
:104F0800240000006E0000003A000000420000008B
:104F18004D000000D2000000E00000000600000084
:104F2800490000002E000000EA000000090000000F
:104F3800D1000000920000001C000000FE000000EC
:104F48001D000000EB0000001C000000B100000084
:104F580029000000A70000003E000000E800000053
:104F68008200000035000000F50000002E0000005F
:104F7800BB0000004400000084000000E9000000BD
:104F88009C0000007000000026000000B400000033
:104F98005F0000007E0000004100000039000000B2
:104FA80091000000D60000003900000083000000D6
:104FB8005300000039000000F40000009C000000CD
:104FC800840000005F0000008B000000BD000000AE
:104FD800F9000000280000003B0000001F0000004E
:104FE800F800000097000000FF000000DE0000004D
:104FF80005000000980000000F000000EF0000000E
:105008002F000000110000008B0000005A00000073
:105018000A0000006D0000001F0000006D00000085
:10502800360000007E000000CF00000027000000CE
:10503800CB00000009000000B70000004F0000008E
:10504800460000003F000000660000009E000000CF
:105058005F000000EA0000002D000000750000005D
:1050680027000000BA000000C7000000EB000000A5
:10507800E5000000F10000007B0000003D0000009A
:105088000700000039000000F70000008A00000057
:105098005200000092000000EA0000006B000000CF
:1050A800FB0000005F000000B10000001F000000CE
:1050B8008D0000005D0000000800000056000000A0
:1050C800030000003000000046000000FC00000063
:1050D8007B0000006B000000AB000000F000000047
:1050E800CF000000BC000000200000009A00000073
:1050F800F4000000360000001D000000A9000000B8
:10510800E300000091000000610000005E00000064
:10511800E60000001B000000080000006500000019
:1051280099000000850000005F00000014000000E6
:10513800A000000068000000400000008D00000092
:10514800FF000000D8000000800000004D000000B3
:105158007300000027000000310000000600000076
:10516800060000001500000056000000CA000000FC
:1051780073000000A8000000C900000060000000E3
:10518800E20000007B000000C00000008C0000006E
:105198006B0000006937AC3168212233B40F143337
:1051A8006821A2333863ED3EDA0F493F5E987B3FB2
:1051B800DA0FC93F0000C93F0000F0390000DA37B4
:1051C8000000A2330000842E0000502B0000C227EC
:1051D8000000D0220000C41F0000C61B00004417B6
:0C51E800040000000700000009000000A7
:0851F4000CB0FE7F0100000079
:0451FC00B5010008F1
:045200009101000810
:1052040000000000030000008C01002010000020BA
:10521400000000008C010020F40100205C0200204A
:10522400000000000000000000000000000000007A
:10523400000000000000000000000000000000006A
:10524400000000000000000000000000000000005A
:105254000000000000000000000000000024F40032
:105264001000000001000000AAAAAAAA4D657373E9
:105274006167655F4D616E616765720000000000E3
:10528400000000000000000000000000000000001A
:105294000000000000000000000000003333EB3A7F
:1052A40058A08B3A010000007D04017C000240AB51
:1052B4000341010553080658040700000F000810B5
:1052C400810911000A15800B16000C18010D7017C6
:1052D4000050C347CDCCCC3DCDCCCC3DCDCCCC3D8A
:1052E400CDCCCC3DCDCCCC3DCDCCCC3D0050C3477A
:1052F400CDCCCC3DCDCCCC3DCDCCCC3DCDCCCC3D22
:10530400CDCCCC3DCDCCCC3D0050C347CDCCCC3D59
:10531400CDCCCC3DCDCCCC3DCDCCCC3DCDCCCC3D01
:10532400CDCCCC3D0050C347CDCCCC3DCDCCCC3D39
:10533400CDCCCC3DCDCCCC3DCDCCCC3DCDCCCC3DE1
:105344000000C842CDCCCC3DCDCCCC3DCDCCCC3D69
:10535400CDCCCC3DCDCCCC3DCDCCCC3D0000C84259
:105364000000B44200007042CDCCCC3DCDCCCC3D4D
:040000050800A42526
:00000001FF
