:020000040800F2
:100000000000022045F60008F18C0008F98C000879
:10001000018D0008098D0008118D00080000000006
:1000200000000000000000000000000081F2000855
:10003000198D000800000000D1F4000839F500080F
:1000400095F6000895F6000895F6000895F6000864
:10005000278D000895F6000895F6000895F600082B
:1000600095F60008338D0008418D000895F60008CC
:10007000518D000895F6000895F6000895F60008E1
:1000800095F6000895F6000895F6000895F6000824
:10009000658D0008798D000895F600088D8D0008A3
:1000A00095F6000895F6000895F6000895F6000804
:1000B00095F6000895F6000895F6000895F60008F4
:1000C00095F6000895F6000895F600089D8D000845
:1000D00095F6000895F6000895F60008B18D000821
:1000E00095F6000895F6000895F6000895F60008C4
:1000F00095F60008C58D000895F6000895F60008ED
:1001000095F6000895F6000895F6000895F60008A3
:1001100095F6000895F6000895F6000895F6000893
:10012000E18D0008F58D000895F60008098E00089D
:1001300095F6000895F6000895F6000895F6000873
:1001400095F6000895F6000895F6000895F6000863
:1001500095F600081D8E000895F60008318E0008FF
:1001600095F6000895F6000895F6000895F6000843
:1001700095F6000895F6000895F6000800000000C6
:0801800095F6000895F6000851
:1001900081F0004102E000BF83F0004330B54FEA38
:1001A00041044FEA430594EA050F08BF90EA020FA5
:1001B0001FBF54EA000C55EA020C7FEA645C7FEA38
:1001C000655C00F0E2804FEA5454D4EB5555B8BF5B
:1001D0006D420CDD2C4480EA020281EA030382EACC
:1001E000000083EA010180EA020281EA0303362D5E
:1001F00088BF30BD11F0004F4FEA01314FF4801C31
:100200004CEA113102D0404261EB410113F0004F42
:100210004FEA03334CEA133302D0524263EB4303F9
:1002200094EA050F00F0A780A4F10104D5F1200E97
:100230000DDB02FA0EFC22FA05F2801841F10001F2
:1002400003FA0EF2801843FA05F359410EE0A5F1C6
:1002500020050EF1200E012A03FA0EFC28BF4CF0F7
:10026000020C43FA05F3C01851EBE37101F00045AD
:1002700007D54FF0000EDCF1000C7EEB00006EEBBA
:100280000101B1F5801F1BD3B1F5001F0CD3490844
:100290005FEA30004FEA3C0C04F101044FEA44529B
:1002A00012F5800F80F09A80BCF1004F08BF5FEA22
:1002B000500C50F1000041EB045141EA050130BD02
:1002C0005FEA4C0C404141EB0101013C28BFB1F514
:1002D000801FE9D291F0000F04BF01460020B1FA5F
:1002E00081F308BF2033A3F10B03B3F120020CDA32
:1002F0000C3208DD02F1140CC2F10C0201FA0CF010
:1003000021FA02F10CE002F11402D8BFC2F1200C74
:1003100001FA02F120FA0CFCDCBF41EA0C0190402A
:10032000E41AA2BF01EB0451294330BD6FEA040473
:100330001F3C1CDA0C340EDC04F11404C4F120025E
:1003400020FA04F001FA02F340EA030021FA04F370
:1003500045EA030130BDC4F10C04C4F1200220FAC7
:1003600002F001FA04F340EA0300294630BD21FA05
:1003700004F0294630BD94F0000F83F4801306BFCB
:1003800081F480110134013D4EE77FEA645C18BFBF
:100390007FEA655C29D094EA050F08BF90EA020F56
:1003A00005D054EA000C04BF1946104630BD91EA4E
:1003B000030F1EBF0021002030BD5FEA545C05D151
:1003C0004000494128BF41F0004130BD14F5800490
:1003D0003CBF01F5801130BD01F0004545F0FE4104
:1003E00041F470014FF0000030BD7FEA645C1ABF39
:1003F000194610467FEA655C1CBF0B46024650EA70
:10040000013406BF52EA033591EA030F41F400219B
:1004100030BD00BF90F0000F04BF0021704730B521
:100420004FF4806404F132044FF000054FF00001F6
:1004300050E700BF90F0000F04BF0021704730B5B7
:100440004FF4806404F1320410F0004548BF40428C
:100450004FF000013EE700BF42004FEAE2014FEAE1
:1004600031014FEA02701FBF12F07F4393F07F4FBC
:1004700081F06051704732F07F4208BF704793F0BF
:100480007F4F04BF41F40021704730B54FF46074D2
:1004900001F0004521F000411CE700BF50EA0102D5
:1004A00008BF704730B54FF000050AE050EA01027E
:1004B00008BF704730B511F0004502D5404261EBEE
:1004C00041014FF4806404F132045FEA915C3FF42F
:1004D000D8AE4FF003025FEADC0C18BF03325FEACC
:1004E000DC0C18BF033202EBDC02C2F1200300FA7D
:1004F00003FC20FA02F001FA03FE40EA0E0021FAA2
:1005000002F11444BDE600BF70B54FF0FF0C4CF48F
:10051000E06C1CEA11541DBF1CEA135594EA0C0F41
:1005200095EA0C0F00F0DEF82C4481EA030621EA7C
:100530004C5123EA4C5350EA013518BF52EA0335B7
:1005400041F4801143F4801338D0A0FB02CE4FF069
:100550000005E1FB02E506F00042E0FB03E54FF099
:100560000006E1FB03569CF0000F18BF4EF0010E91
:10057000A4F1FF04B6F5007F64F5407404D25FEA8D
:100580004E0E6D4146EB060642EAC62141EA555140
:100590004FEAC52040EA5E504FEACE2EB4F1FD0C82
:1005A00088BFBCF5E06F1ED8BEF1004F08BF5FEA00
:1005B000500E50F1000041EB045170BD06F00046B2
:1005C00046EA010140EA020081EA0301B4EB5C045F
:1005D000C2BFD4EB0C0541EA045170BD41F4801157
:1005E0004FF0000E013C00F3AB8014F1360FDEBF7C
:1005F000002001F0004170BDC4F10004203C35DA58
:100600000C341BDC04F11404C4F1200500FA05F3DA
:1006100020FA04F001FA05F240EA020001F000427B
:1006200021F0004110EBD37021FA04F642EB0601F1
:100630005EEA430E08BF20EAD37070BDC4F10C041B
:10064000C4F1200500FA04F320FA05F001FA04F2DF
:1006500040EA020001F0004110EBD37041F10001CB
:100660005EEA430E08BF20EAD37070BDC4F12005D6
:1006700000FA05F24EEA020E20FA04F301FA05F23E
:1006800043EA020321FA04F001F0004121FA04F2E6
:1006900020EA020000EBD3705EEA430E08BF20EAB6
:1006A000D37070BD94F0000F0FD101F000464000F0
:1006B00041EB010111F4801F08BF013CF7D041EA72
:1006C000060195F0000F18BF704703F00046520076
:1006D00043EB030313F4801F08BF013DF7D043EA47
:1006E0000603704794EA0C0F0CEA135518BF95EAFD
:1006F0000C0F0CD050EA410618BF52EA4306D1D184
:1007000081EA030101F000414FF0000070BD50EAA2
:10071000410606BF1046194652EA430619D094EA2C
:100720000C0F02D150EA013613D195EA0C0F05D116
:1007300052EA03361CBF104619460AD181EA03016A
:1007400001F0004141F0FE4141F470014FF0000022
:1007500070BD41F0FE4141F4780170BD70B54FF0BD
:10076000FF0C4CF4E06C1CEA11541DBF1CEA13553D
:1007700094EA0C0F95EA0C0F00F0A7F8A4EB05041F
:1007800081EA030E52EA03354FEA013100F0888016
:100790004FEA03334FF0805545EA131343EA1263DF
:1007A0004FEA022245EA111545EA10654FEA002694
:1007B0000EF000419D4208BF964244F1FD0404F54D
:1007C000407402D25B084FEA3202B61A65EB0305A9
:1007D0005B084FEA32024FF480104FF4002CB6EB66
:1007E000020E75EB030E22BFB61A754640EA0C00E6
:1007F0005B084FEA3202B6EB020E75EB030E22BF26
:10080000B61A754640EA5C005B084FEA3202B6EB66
:10081000020E75EB030E22BFB61A754640EA9C0025
:100820005B084FEA3202B6EB020E75EB030E22BFF5
:10083000B61A754640EADC0055EA060E18D04FEAB3
:10084000051545EA16754FEA06164FEAC30343EA53
:1008500052734FEAC2025FEA1C1CC0D111F4801F20
:100860000BD141EA00014FF000004FF0004CB6E719
:1008700011F4801F04BF01430020B4F1FD0C88BFB8
:10088000BCF5E06F3FF6AFAEB5EB030C04BFB6EBC3
:10089000020C5FEA500C50F1000041EB045170BDB6
:1008A0000EF0004E4EEA113114EB5C04C2BFD4EBE3
:1008B0000C0541EA045170BD41F480114FF0000E67
:1008C000013C90E645EA060E8DE60CEA135594EAE3
:1008D0000C0F08BF95EA0C0F3FF43BAF94EA0C0FE6
:1008E0000AD150EA01347FF434AF95EA0C0F7FF45B
:1008F00025AF104619462CE795EA0C0F06D152EAAF
:1009000003353FF4FDAE1046194622E750EA410692
:1009100018BF52EA43067FF4C5AE50EA41047FF4A3
:100920000DAF52EA43057FF4EBAE12E74FEA410206
:10093000B2F1E04324BFB3F5001CDCF1FE5C0DD93D
:1009400001F0004C4FEAC0024CEA5070B2F1004F87
:1009500040EB830008BF20F00100704711F0804F8A
:1009600021D113F13872BCBF01F00040704741F44F
:1009700080114FEA5252C2F11802C2F1200C10FA53
:100980000CF320FA02F018BF40F001004FEAC12337
:100990004FEAD32303FA0CFC40EA0C0023FA02F3DB
:1009A0004FEA4303CCE77FEA625307D150EA0133B1
:1009B0001EBF4FF0FE4040F44000704701F0004081
:1009C00040F0FE4040F40000704700BF53B94AB900
:1009D000002908BF00281CBF4FF0FF314FF0FF3047
:1009E00000F00CB8ADF1080C6DE904CE0FF0A6FADA
:1009F000DDF804E0DDE9022304B07047704700BF72
:100A000010F8012B11F8013B012A28BF9A42F7D0B8
:100A1000D01A70470348044B834202D0034B03B102
:100A200018477047540200205402002000000000C4
:100A30000548064B1B1AD90F01EBA301491002D040
:100A4000034B03B1184770475402002054020020A2
:100A50000000000010B5064C237843B9FFF7DAFF19
:100A6000044B13B10448AFF300800123237010BD81
:100A700058020020000000003817010808B5054B97
:100A80001BB105490548AFF30080BDE80840FFF7FA
:100A9000CFBF00BF000000005C0200203817010833
:100AA00002440346934200D1704703F8011BF9E763
:100AB00070B50D4D0D4C641BA4100026A64209D143
:100AC0000B4D0C4C10F038FE641BA4100026A642FF
:100AD00005D170BD55F8043B98470136EEE755F84F
:100AE000043B98470136F2E7242701082427010830
:100AF00024270108282701087047704770B50F4E5A
:100B00000C463168054611B900F0A6F83060214660
:100B1000284600F0A1F8431C03D14FF0FF342046D3
:100B200070BDC41C24F00304A042F8D0211A28464A
:100B300000F092F80130F2D1EFE700BFB4030020DB
:100B40002DE9F843CD1C25F0030508350C2D38BFE1
:100B50000C25002D064601DBA94204D90C23336085
:100B60000020BDE8F883DFF8D48000F069F8D8F8F9
:100B700000301C4644BB29463046FFF7BFFF431CEC
:100B8000044658D1D8F800402746002F43D1002C06
:100B90004BD023683946304604EB030900F05CF87B
:100BA000814542D121686D1A29463046FFF7A6FFDC
:100BB00001303AD023682B442360D8F800305A68BB
:100BC00062BBC8F800700FE02268521B20D40B2AC9
:100BD00017D96119A342256018BF5960636808BF1F
:100BE000C8F8001062514B60304600F02FF804F155
:100BF0000B00231D20F00700C21A1CBF1B1AA350B4
:100C0000AFE76268A3420CBFC8F800205A60EBE768
:100C100023466468AEE73C467F68B6E71A465B68E1
:100C2000A342FBD100235360DEE70C233360304640
:100C300000F00CF894E70560D6E700BFB803002089
:100C40000148FFF759BF00BFB00300200148FFF77C
:100C500054BF00BFB003002038B5064D0023044642
:100C600008462B600EF0B8FC431C02D12B6803B180
:100C7000236038BDAC03002080B483B000AF114BBB
:100C80001B78DBB2002B16D10E4B01221A700E4BD3
:100C90005B687B607A680D4B1B689A4204D20C4BF0
:100CA0001B6801330A4A1360074B5B68074A1360ED
:100CB000044B00221A7000BF0C37BD465DF8047B60
:100CC000704700BFE0030020001000E0D4030020C4
:100CD000D003002080B582B000AF7860164BDB688F
:100CE000154A43F08073D360144B00225A60134BB3
:100CF0001B68124A43F0010313607B68104A02FB31
:100D000003F3104A13600F4B1B680F4AA2FB032327
:100D10009B090E4A13600B4B1B680D4AA2FB032371
:100D20009B0C0C4A13600C4B00221A60FFF7A4FFC7
:100D300000BF0837BD4680BDF0ED00E0001000E0C8
:100D400040420F00C4030020D34D6210C8030020AE
:100D500083DE1B43CC030020D003002080B584B089
:100D600000AF7860104B5B68BB60BA687B681B683B
:100D7000D31A07EE903AF8EE676A0C4B1B6807EE41
:100D8000903AB8EE677AC6EE877AC7ED037ABA680A
:100D90007B681A60FFF770FFFB6807EE903AB0EED1
:100DA000670A1037BD4680BD001000E0C403002074
:100DB0002DE9B04F98B000AF5E4B5B68FB65FFF765
:100DC0005BFF5D4B1B6800229846914642464B46AE
:100DD0004FF000004FF00001D90741EA5201D0075F
:100DE00002460B46B2EB080463EB090523193B608E
:100DF00045EB05037B60D7E9004514EB080A45EB9A
:100E0000090BFB6D0022BB64FA64D7E912120B4692
:100E10001AEB03033B6413464BEB03037B64474B22
:100E2000D7E91012C3E90012444BD3E90001444B47
:100E30001B680022BB63FA63D7E90E23FFF7C6FDE8
:100E400002460B46104619463E4BC3E900013B4B98
:100E5000D3E900453A4B1B6800223B637A63394B68
:100E6000D3E90023D7E90C89494602FB01F041464A
:100E700001FB03F101444046A0FB02237B651346BE
:100E80003B657B6DCB187B65D7E914120B46E31AE3
:100E9000BB62134665EB0303FB622B4BD7E90A12D7
:100EA000C3E90012274BD3E90023284B1A60264BD5
:100EB000D3E90001264B1B6800223B627A62D7E926
:100EC0000823FFF783FD02460B4692B21F4B9A8020
:100ED0001D4BD3E900231D49898808461C49096830
:100EE00000FB01F10020B961F861D7E90645214610
:100EF000511A3961294663EB01037B61154BD7E930
:100F00000412C3E90012134BD3E90001124B1B6812
:100F10000022BB60FA60D7E90223FFF757FD0246C3
:100F20000B4692B2094BDA8000BF6037BD46BDE880
:100F3000B08F00BF001000E0D0030020D8030020D5
:100F4000C4030020E8030020F0030020BC030020BD
:100F5000C8030020F8030020CC03002080B582B035
:100F600000AFFFF725FF144B1B6807EE903AB8EE71
:100F7000677A114B9B8807EE903AF8EEE77ADFED3F
:100F80000F6A67EEA67A37EE277A0B4BDB8807EEFF
:100F9000903AF8EEE77ADFED0A6A67EEA67A77EE26
:100FA000277AC7ED017A7B6807EE903AB0EE670AC0
:100FB0000837BD4680BD00BFBC0300206F12833AD6
:100FC000BD37863580B485B000AF87ED010A124B7E
:100FD0005B68FB607B68BB6000BF0F4B5A68FB68B7
:100FE000D31A07EE903AB8EE677A0C4B1B6807EEFF
:100FF000903AF8EE676AD7ED027A66EEA77AB4EE19
:10100000E77AF1EE10FAE8D400BF00BF1437BD460E
:101010005DF8047B704700BF001000E0C4030020AF
:1010200080B582B000AF78607B68D3F8040179683E
:101030007B6893F800311A460BF078FF7B68D3F891
:101040000431DB6B1B681A687B68D3F80431DB6BF7
:101050001B6822F008021A6000BF0837BD4680BD39
:1010600080B586B002AF78602C4B1B78022B08D974
:101070002B4B00932B4B2C4A2C49002006F0B0F947
:10108000F6E70023FB7315E0FB7B294A52F8233077
:10109000D3F804217B685B689A4208D1204B009307
:1010A000204B214A2349002006F09AF9F6E7FB7B02
:1010B0000133FB73194B1B78FA7B9A42E4D34FF44C
:1010C00086700FF099F80346BB604FF486720021DA
:1010D000B868FFF7E5FC7B685A68BB68C3F8042171
:1010E0007B681A78BB6883F800217B689A68BB68C4
:1010F000C3F80821094B1B785A1CD1B2074A11705A
:1011000019460B4ABB6842F82130B868FFF788FFE0
:10111000BB6818461037BD4680BD00BF00040020E4
:101120009417010850170108541701085C170108AB
:10113000040400209C17010880B584B000AF7860DB
:101140000B467B800023FB734DE0FB7B2A4A52F861
:101150002330D3F804317A689A4241D1FB7B264A86
:1011600052F82330D3F80831002B10D0FB7B224AF1
:1011700052F82330D3F808319847FB7B1E4A52F8C7
:10118000233018467B881A460021FFF789FCFB7B39
:10119000194A52F82330D3F80401FB7B164A52F85F
:1011A00023301946FB7B144A52F8233093F8003160
:1011B0001A460BF0BBFEFB7B0F4A52F82330D3F8E4
:1011C0000431DB6B1B681A68FB7B0B4951F8233039
:1011D000D3F80431DB6B1B6822F008021A6007E0C9
:1011E000FB7B0133FB73054B1B78FA7B9A42ACD334
:1011F0001037BD4680BD00BF04040020000400205D
:1012000080B586B002AF78600023FB733EE0FB7BC5
:10121000224A52F82330D3F804317A689A4232D104
:10122000FB7B1E4A52F82330D3F80401FB7B1B4A98
:1012300052F823301946FB7B184A52F8233093F8B2
:1012400000311A460BF072FEFB7B144A52F8233031
:10125000D3F80431DB6B1B681A68FB7B0F4951F82C
:101260002330D3F80431DB6B1B6822F008021A60CC
:10127000FB7B0B4A019200930A4B0B4A0B4900205F
:1012800006F0AEF807E0FB7B0133FB73084B1B78DD
:10129000FA7B9A42BBD31037BD4680BD04040020C0
:1012A00094170108D8170108DC170108E417010892
:1012B0000004002080B584B000AF786010200EF0EC
:1012C0009BFF0346FB6010220021F868FFF7E8FB54
:1012D0007B689A68FB68DA607B681B88002B02D009
:1012E0007B681A8800E06422FB681A807B685A6871
:1012F000FB685A607B685B88002B02D07B685A8849
:1013000000E06422FB681A817B681A88FB681A81F6
:10131000074B1B785A1CD1B2054A11701946054A71
:10132000FB6842F82130FB6818461037BD4680BD87
:10133000100500201004002080B483B000AF786056
:101340007B681A887B681A8100BF0C37BD465DF840
:10135000047B704780B582B000AF00237B601CE047
:10136000134A7B6852F823303B603B681B89002B93
:1013700006D03B681B89013B9AB23B681A8109E0A1
:101380003B685B68002B05D03B685B683A68D268B5
:10139000104698477B6801337B60064B1B781A46E2
:1013A0007B689342DCD300BF00BF0837BD4680BDD9
:1013B000100400201005002080B586B000AF7860D2
:1013C00039604DE007F10C032B4A3968786807F063
:1013D000E4FE00237B613DE0284A7B6952F823301C
:1013E0001B687A689A4232D1234B1A6823497B6979
:1013F00051F823305B6B9A4229D1204A7B6952F81D
:101400002330D3F83930002B32D01B4B19691B4ADB
:101410007B6952F82330CAB283F83820174A7B69B7
:1014200052F823302C33144A126907F10C01184684
:101430000EF004FF114A7B6952F82330D3F839309B
:101440000E497A6951F822201046984711E07B69CD
:1014500001337B610A4B1B781A467B699342BBD3ED
:101460003968786807F0BBFF0346002BAAD100E07B
:1014700000BF1837BD4680BD580500201405002068
:101480005405002080B582B000AF786000217868F4
:10149000FFF792FF00BF0837BD4680BD80B582B020
:1014A00000AF786001217868FFF786FF00BF08373A
:1014B000BD4680BD80B483B000AF78607B6893ED9B
:1014C000017A7B68D3ED0C6A7B68D3ED0D7A76EEFA
:1014D000A76AB0EE006AC6EE867A27EE277A7B68A6
:1014E000D3ED187A67EE277A7B68C3ED127A00BFD6
:1014F0000C37BD465DF8047B704780B483B000AF05
:1015000078607B6893ED0C7A7B68D3ED107A67EE98
:10151000277AF5EEC07AF1EE10FA65DD7B68D3ED3F
:101520000C7AF5EEC07AF1EE10FA03DD7B68D3EDAC
:101530000C7A04E07B68D3ED0C7AF1EE677A7B6875
:1015400093ED077AF4EEC77AF1EE10FA4BD97B6887
:10155000D3ED0C7AF5EEC07AF1EE10FA03DD7B687C
:10156000D3ED0C7A04E07B68D3ED0C7AF1EE677A68
:101570007B68D3ED066A7B6893ED077A36EE877A4F
:10158000F4EEC77AF1EE10FA28D87B6893ED127A60
:101590007B68D3ED066A7B68D3ED0C7AF5EEC07AF2
:1015A000F1EE10FA03DD7B68D3ED0C7A04E07B6882
:1015B000D3ED0C7AF1EE677A76EEE76A7B68D3EDCD
:1015C000077A36EEA76A7B68D3ED066AC6EE267AFE
:1015D00067EE277A7B68C3ED127A05E07B684FF0EF
:1015E00000029A6400E000BF0C37BD465DF8047B42
:1015F0007047000080B483B000AF78607B6893EDE3
:10160000107A7B68D3ED127A77EE277A374BC3EDE9
:10161000007A7B6893ED0F7A7B68D3ED107A37EE12
:10162000277A7B68D3ED117A77EE277A304BC3EDBA
:10163000007A2F4BD3ED007AF5EEC07AF1EE10FA76
:1016400003DD2B4BD3ED007A04E0294BD3ED007A78
:10165000F1EE677A7B6893ED037AF4EEC77AF1EEE8
:1016600010FA10DD7B6893ED0C7A7B68D3ED107A6D
:1016700067EE277AF5EEC07AF1EE10FA03DD7B68AB
:101680004FF000029A647B6893ED057A174BD3ED17
:10169000007AB4EEE77AF1EE10FA07D57B684FF0E6
:1016A00000029A647B685A697B681A647B68D3ED90
:1016B000057AB1EE677A0D4BD3ED007AB4EEE77A96
:1016C000F1EE10FA00DC0BE07B684FF000029A6448
:1016D0007B68D3ED057AF1EE677A7B68C3ED107A0B
:1016E00000BF0C37BD465DF8047B704774050020D1
:1016F0007805002080B483B000AF78607B6893EDFC
:10170000027A7B68D3ED0B6A7B68D3ED0A7A76EEBA
:10171000E77A67EE276A7B6893ED187AC6EE877AD8
:101720007B68C3ED117A00BF0C37BD465DF8047BC2
:10173000704780B483B000AF78607B6893ED117A16
:101740007B68D3ED187A67EE276A7B6893ED097A98
:101750007B68D3ED187A77EE277A86EEA77A7B68D6
:10176000D3ED156A7B68D3ED097A26EEA76A7B680C
:10177000D3ED096A7B68D3ED187A76EEA76AC6EED8
:10178000267A77EE277A7B68C3ED117A00BF0C3793
:10179000BD465DF8047B704780B483B000AF7860CD
:1017A0007B6893ED137A7B68D3ED187A67EE276A2E
:1017B0007B6893ED087A7B68D3ED187A77EE277A09
:1017C00086EEA77A7B68D3ED146A7B68D3ED087A3E
:1017D00026EEA76A7B68D3ED086A7B68D3ED187A9A
:1017E00076EEA76AC6EE267A77EE277A7B68C3ED97
:1017F000137A00BF0C37BD465DF8047B704780B498
:1018000083B000AF78607B6893ED137A7B68D3ED8B
:10181000037AB4EEE77AF1EE10FA03DD7B68DA685A
:101820007B68DA647B6893ED137A7B68D3ED037A87
:10183000F1EE677AB4EEE77AF1EE10FA00D407E041
:101840007B68D3ED037AF1EE677A7B68C3ED137A98
:1018500000BF0C37BD465DF8047B704780B582B091
:1018600000AF78603960642200217868FFF718F9CA
:101870002822396878680EF0E1FC7B685C331846F2
:10188000FFF76CFA00BF0837BD4680BD80B584B055
:1018900000AFF86087ED020AC7ED010AFB685C3310
:1018A0001846FFF75BFAF0EE407AFB68C3ED187A52
:1018B000FB68BA689A62FB687A689A65FB6893ED80
:1018C000167AFB68D3ED0A7A77EE677AFB68C3ED88
:1018D0000C7AFB68D3ED0C7AF5EEC07AF1EE10FAD3
:1018E00003DDFB68D3ED0C7A04E0FB68D3ED0C7AE2
:1018F000F1EE677AFB6893ED047AF4EEC77AF1EEC5
:1019000010FA60DDFB6893ED007AFB68D3ED0C7A8A
:1019100067EE277AFB68C3ED0F7AFB6893ED017AD7
:10192000FB68D3ED0C7A27EE277AFB68D3ED187AA3
:1019300067EE277AFB68C3ED127AFB6893ED027AB3
:10194000FB68D3ED0C6AFB68D3ED0D7A76EEE77A8F
:1019500067EE276AFB6893ED187AC6EE877AFB6814
:10196000C3ED117AF868FFF7A5FDF868FFF7C5FD2C
:10197000F868FFF7BFFEF868FFF7DBFEF868FFF7CF
:1019800039FEFB6893ED107AFB68D3ED127A77EE9F
:10199000277AFB68C3ED107AFB6893ED0F7AFB683A
:1019A000D3ED107A37EE277AFB68D3ED117A77EE14
:1019B000277AFB68C3ED137AF868FFF7EDFEF86845
:1019C000FFF71DFF07E0FB684FF00002DA64FB68D9
:1019D0004FF000029A64FB689A6AFB68DA62FB685F
:1019E000DA6CFB681A65FB685A6CFB685A65FB6821
:1019F0001A6BFB685A63FB689A6CFB689A63FB6816
:101A0000DB6C07EE903AB0EE670A1037BD4680BD3A
:101A100080B582B000AF87ED010A3860D7ED017A5A
:101A2000F5EEC07AF1EE10FA0AD53B68002283F891
:101A3000E020D7ED017AF1EE677AC7ED017A03E095
:101A40003B68012283F8E0203B6893F8E030002BEC
:101A500014D03B68D3F8F8003B68B3F8E2300022BA
:101A6000194608F0A5FF3B68D3F8F8003B68B3F8C7
:101A7000E4300122194608F09BFF13E03B68D3F8DD
:101A8000F8003B68B3F8E2300122194608F090FFF5
:101A90003B68D3F8F8003B68B3F8E43000221946FD
:101AA00008F086FF3B68D3F8E830002B0BD13B6889
:101AB000D3F8F4301B68D7ED017AFCEEE77A17EE25
:101AC000902A5A632CE03B68D3F8E830042B0BD102
:101AD0003B68D3F8F4301A68D7ED017AFCEEE77A68
:101AE00017EE903A93631BE03B68D3F8E830082B7D
:101AF0000BD13B68D3F8F4301A68D7ED017AFCEECD
:101B0000E77A17EE903AD3630AE03B68D3F8F430F3
:101B10001A68D7ED017AFCEEE77A17EE903A136473
:101B20003B68D3F8E830DBB218460837BD4680BDC5
:101B300080B582B000AF78607B68EC331846FFF761
:101B40000DF9F0EE407A7B68C3ED327A7B68D3F80A
:101B5000F0301B685B6A1BB207EE903AF8EEE77A4A
:101B60007B68C3ED367A7B6893ED367A7B68D3ED7C
:101B7000377A77EE676A7B6893ED327AC6EE877ABA
:101B80007B68C3ED357A7B68D3F8D8207B68C3F8CF
:101B9000DC2000BF0837BD4680BD000080B584B0A2
:101BA00000AF7860FC200EF027FB0346FB60FC22B0
:101BB0000021F868FEF774FF7B685A6EFB68C3F873
:101BC000F8207B68B3F85420FB68A3F8E2207B6818
:101BD000B3F85620FB68A3F8E4207B681A6EFB6814
:101BE000C3F8F4207B68DA6DFB68C3F8F0207B68EB
:101BF0001A6DFB68C3F8E820FB68D3F8F0300021C9
:101C000018460AF077FBFB68D3F8F0300421184639
:101C10000AF070FBFB68D3F8F420FB68D3F8E830D7
:101C2000194610460AF09EFAFB687A681146184673
:101C3000FFF714FEFB6803F164027B682833194642
:101C40001046FFF70BFE7B6893F85820FB6883F87B
:101C5000E020084B1B785A1CD1B2064A1170194675
:101C6000054AFB6842F82130FB6818461037BD462C
:101C700080BD00BF840500207C05002090B583B0A6
:101C800000AF00237B6036E0204A7B6852F82330A7
:101C90001846FFF74DFF1D4A7B6852F823201B4969
:101CA0007B6851F82330D2F8CC20C3F8D020174AF3
:101CB0007B6852F8233003F1640214497B6851F8C1
:101CC0002330D3ED357A11497B6851F8233093EDF9
:101CD000347A0E497B6851F82340F0EE470AB0EEA3
:101CE000670A1046FFF7D2FDF0EE407AC4ED347A71
:101CF0007B6801337B60064B1B781A467B689342F6
:101D0000C2D300BF00BF0C37BD4690BD7C0500208C
:101D10008405002080B582B000AF00237B608BE09B
:101D20004B4A7B6852F82330D3ED347AF5EEC07A13
:101D3000F1EE10FA0ADD464A7B6852F82330D3ED03
:101D4000347A9FED447A77EE877A05E0404A7B68E3
:101D500052F82330D3ED347A3D4A7B6852F8233071
:101D6000C3ED347A3A4A7B6852F82330D3ED347AA3
:101D7000F5EEC07AF1EE10FA0AD5354A7B6852F8D2
:101D80002330D3ED347A9FED337A77EEC77A05E0CE
:101D90002F4A7B6852F82330D3ED347A2C4A7B6883
:101DA00052F82330C3ED347A294A7B6852F8233045
:101DB000D3ED347A9FED287AF4EEC77AF1EE10FA7B
:101DC00001DD264B05E0224A7B6852F82330D3F828
:101DD000D0301F497A6851F82220C2F8D0301C4A0E
:101DE0007B6852F82330D3ED347A9FED1D7AF4EE00
:101DF000C77AF1EE10FA01D51A4B05E0144A7B6858
:101E000052F82330D3F8D03011497A6851F82220A3
:101E1000C2F8D0300E4A7B6852F82330D3ED347AC2
:101E20000B4A7B6852F823301846B0EE670AFFF77A
:101E3000EFFD7B6801337B600B4B1B781A467B6898
:101E40009342FFF46DAF00BF00BF0837BD4680BDB1
:101E50007C0500200000FA430000FA440000FA4428
:101E60000000FAC40000FAC48405002080B483B0E6
:101E700000AF0023FB7115E0FB795B000E4A1344B1
:101E8000B3F90030002BB8BF5B429BB2B3F5257F9E
:101E900005D9FB795B00084A134400221A80FB79BC
:101EA0000133FB71FB79042BE6D900BF00BF0C376F
:101EB000BD465DF8047B70478805002080B586B07C
:101EC00000AF78607B681B781AB27B6801331B789F
:101ED0001BB21B021BB213431BB29BB2C3F30A0318
:101EE0009BB2A3F580639BB21AB2784B9A807B6851
:101EF00001331B78DB08DBB21AB27B6802331B7834
:101F00001BB25B011BB213431BB29BB2C3F30A03A8
:101F10009BB2A3F580639BB21AB26C4BDA807B68EC
:101F200002331B789B09DBB21AB27B6803331B7840
:101F30001BB29B001BB213431AB27B6804331B789D
:101F40001BB29B021BB213431BB29BB2C3F30A0327
:101F50009BB2A3F580639BB21AB25C4B1A807B687C
:101F600004331B785B08DBB21AB27B6805331B783D
:101F70001BB2DB011BB213431BB29BB2C3F30A03B8
:101F80009BB2A3F580639BB21AB2504B5A807B6818
:101F900010331B781AB27B6811331B781BB21B02FB
:101FA0001BB213431BB29BB2C3F30A039BB2A3F54C
:101FB00080639BB21AB2454B1A81FFF757FF7B68CB
:101FC00005331B781B09DBB203F00303DAB23F4B86
:101FD000DA727B6805331B781B09DBB29B10DBB21E
:101FE00003F00303DAB2394B9A727B6806331B782D
:101FF0001AB27B6807331B781BB21B021BB2134358
:102000001AB2324B9A817B6808331B781AB27B680C
:1020100009331B781BB21B021BB213431AB22B4BA2
:10202000DA817B680C331A78284B1A747B680D337D
:102030001A78264B5A747B680E331B781AB27B6869
:102040000F331B781BB21B021BB213431AB2204B77
:1020500092B21A801D4B9B7C03F02003DBB2002B55
:1020600004D01A4A194B5B8A938204E002220021B1
:102070001848FEF715FD154B9B7C03F01003DBB2EF
:10208000002B04D0114A114B5B8AD38204E0022258
:1020900000211148FEF704FD0C4B5B8A7B820B4B41
:1020A000B3F85A303B82094B9B8AFB81074BDB8A92
:1020B000BB81064BB3F85C307B81044BB3F85E30D8
:1020C0003B810023FB820123BB8267E0880500205F
:1020D0009A0500209C0500209E050020FB8A042B09
:1020E00055D0FB8A052B52D07A8ABB8A13409BB20B
:1020F000002B1BD03A8ABB8A13409BB2002B15D110
:10210000FA89BB8A13409BB2002B0FD1BA89BB8AD4
:1021100013409BB2002B09D1FB8A284A1A44127E35
:102120000132D1B2254A13440A461A76FA89BB8A8B
:1021300013409BB2002B11D07A89BB8A13409BB20B
:10214000002B0BD1FB8A1D4A1A4492F82820013239
:10215000D1B21A4A13440A4683F82820BA89BB8AA6
:1021600013409BB2002B13D03A89BB8A13409BB219
:10217000002B0DD1FB8A114A1A4492F83820013203
:10218000D1B20E4A13440A4683F8382000E000BF5B
:10219000BB8A5B00BB82FB8A0133FB82FB8A0F2B6D
:1021A0009CD9064B054A48331146482218460EF082
:1021B00045F800BF1837BD4680BD00BF8805002028
:1021C00080B500AF054B1B681846FFF7B5F8044B08
:1021D0001B681846FFF772FE00BF80BD2006002076
:1021E0001C06002080B584B002AF786090220021E8
:1021F0000948FEF755FC094B1B681846FEF710FF0F
:10220000074B0093074B084A0849002005F0E8F8FF
:1022100000BF0837BD4680BD880500201C06002091
:102220005C1801082C18010830180108381801083A
:1022300080B588B000AF7860134BFB617B68BB61F1
:1022400012233B7507F114031846FEF709FF0346F6
:102250000E4A136007F1080300221A605A609A6060
:102260000A233B810A4BFB6007F108031846FFF77E
:1022700021F80346074A1360074B01221A70074BE7
:1022800018462037BD4680BDC12100081C0600202D
:10229000E5210008200600201806002088050020FF
:1022A00080B582B000AF7860212178680DF0ACFF76
:1022B00003461F2B01D900BFFDE700BF0837BD460D
:1022C00080BD80B483B000AF03460A46FB7113465D
:1022D000BB71FA79BB799A4201D000BFFDE700BF1C
:1022E0000C37BD465DF8047B7047000080B584B0B4
:1022F00000AF78600B46FB707868FFF7D1FF214B89
:10230000FB6018E0FB689B6AFB60FB687968184615
:10231000FEF776FB0346002B0DD1FB6893F82120D6
:10232000FB7811461846FFF7CCFFFB68012283F8C3
:102330002C20FB6822E0FB689B6A002BE2D1302056
:102340000DF05AFF03461A46FB689A62FB689B6AC7
:10235000302200211846FEF7A3FBFB689B6AFA783F
:1023600083F82120FB689B6A796818460DF05EFFB0
:10237000FB68012283F82C20FB689B6A1846103703
:10238000BD4680BD5000002080B586B000AF7860AB
:102390000B46FB70FB7819467868FFF7A7FFF860DB
:1023A0000C200DF029FF0346BB600C220021B86809
:1023B000FEF776FBBB68FA781A7100237B610CE0AC
:1023C000FB7818460DF018FF03461946BB687A697A
:1023D00043F822107B6901337B617B69002BEFD0CE
:1023E000FB685B6A002B04D1FB68BA685A62BB6861
:1023F0000EE0FB685B6A3B6102E03B699B683B6106
:102400003B699B68002BF8D13B69BA689A60BB684E
:1024100018461837BD4680BD80B582B000AF7860E1
:1024200039607B68DB79002B01D100231BE07B68DE
:102430005B791A467B6853F822107B681B791A4631
:1024400038680DF0FBFE7B685B790133DAB27B689C
:102450005A717B6800225A717B68DB79013BDAB2E2
:102460007B68DA71012318460837BD4680BD00003D
:1024700080B582B000AF786039607B685B6A1C4AC7
:1024800013602BE01A4B1B68DB79012B09D1184B29
:102490001B6800225A71164B1B68DA79013AD2B2D6
:1024A000DA71134B1B68124A1268927953F82200B2
:1024B0007B6893F821301A4639680DF0BFFE0C4B4B
:1024C0001B6800229A710A4B1B68DA790132D2B27A
:1024D000DA71074B1B689B68054A1360044B1B6845
:1024E000002BCFD1012318460837BD4680BD00BF61
:1024F0002406002080B485B000AF87ED030AC7ED45
:10250000020A87ED011A094AFB68C2F80330074A3C
:10251000BB68C2F80730054A7B68C2F80B3000BFC1
:102520001437BD465DF8047B704700BF38060020B5
:1025300080B582B000AF7860044B1B681846FEF788
:102540006FFD00BF0837BD4680BD00BF4C060020B0
:1025500080B582B000AF084B1B681846FEF7ECFE52
:10256000064B1B681846BB1D054A194600F0DAF8F1
:1025700000BF0837BD4680BD480600204C0600203D
:102580002B06002080B588B000AF7860134BFB614C
:1025900016233B757B68BB6107F114031846FEF7F1
:1025A0005FFD03460E4A136007F1080300221A601C
:1025B0005A609A6064233B810A4BFB60084B1B689E
:1025C0003B6107F108031846FEF774FE0346064A0E
:1025D0001360064B18462037BD4680BD51250008C4
:1025E0004C0600203125000848060020280600205F
:1025F00080B584B000AF78600B467B800023FB730E
:102600007B68002B02D07B88022B01D8002313E0CB
:102610007B88013B9BB21946786800F0C3F80346FB
:10262000FB737B88013B7A6813441B78FA7B9A42E0
:102630000CBF01230023DBB218461037BD4680BD16
:1026400080B584B000AF786039600023FB817B687F
:10265000002B02D03B68022B01D8002320E03B680E
:102660009BB2023B9BB21946786800F0C7F803465C
:10267000FB81FB89DBB279683A680A44127893429D
:102680000CD1FB891B0A9BB2DBB23A680132796834
:102690000A441278934201D1012300E000239BB247
:1026A00018461037BD4680BD80B582B000AF786057
:1026B00039603B681B78A52B2ED13B681A787B6864
:1026C0001A7004213868FFF793FF0346002B23D0CC
:1026D0003B6802331B781BB21B021AB23B68013302
:1026E0001B781BB213431BB29AB27B685A803B68BB
:1026F000DA787B681A713B6805331B781BB21B02C2
:102700001AB23B6804331B781BB213431BB29AB254
:102710007B68DA80012300E0002318460837BD46B5
:1027200080BD000080B584B000AFF860B9607A6009
:10273000F9681A48FFF7B8FF0346002B28D0174B5B
:102740005B8808339AB2164B1A80154B1B881946C2
:10275000F868FFF775FF0346002B19D0FB680733B5
:102760001B781BB21B021AB2FB6806331B781BB224
:1027700013431BB29AB2BB681A80FB680833074A3E
:102780005288194678680DF059FD044BDB8800E04B
:10279000002318461037BD4680BD00BF50060020FC
:1027A0005A06002080B485B000AF78600B467B806D
:1027B00000237B737B68BB60BB68002B14D00023B5
:1027C000FB810DE0BB685A1CBA601A787B7B5340D2
:1027D000DBB21A46084B9B5C7B73FB890133FB81A0
:1027E000FA897B889A42EDD37B7B18461437BD4625
:1027F0005DF8047B704700BF8000002080B586B084
:1028000000AF78600B467B80154B1B78002B01D105
:1028100000F02AF84FF6FF73FB827B683B613B694F
:10282000002B18D00023FB8111E0FB8A1B0A9AB20F
:10283000F98A3B69581C38611B784B40DBB2094967
:1028400031F813305340FB82FB890133FB81FA8955
:102850007B889A42E9D3FB8A18461837BD4680BD6B
:102860005C0600206006002080B483B000AF002327
:10287000FB8029E000237B80FB883B800023BB801A
:1028800017E07A883B8853409BB203F00103002B8A
:1028900006D07B885B089AB2114B53407B8002E0E4
:1028A0007B885B087B803B885B083B80BB8801336F
:1028B000BB80BB88072BE4D9FB880A497A8821F8BA
:1028C0001320FB880133FB80FB88FF2BD2D9064BFA
:1028D00001221A7000BF0C37BD465DF8047B7047BB
:1028E00001A0FFFF600600205C06002080B582B0DA
:1028F00000AF78600B46FB701F4A7B6813601F4B6C
:1029000000221A7000F0C0FB03461A461B4B1B78CE
:102910001343DAB2194B1A7000F0ACFC03461A46A6
:10292000164B1B781343DAB2144B1A70FB78002B4A
:1029300003D0134800F030F818E0114B114A5A62E6
:102940000F4B114A9A620E4B0F4ADA620C4B0F4A38
:102950001A630B4B93ED0C7ADFED0D6AC6EE877AA6
:10296000074BC3ED087A064B0A4A9A61034B1B7862
:1029700018460837BD4680BDBC080020620800200C
:1029800078080020AC38223BB016CE393F161B41E8
:10299000C3F51C410000204280B592B002AF7860C0
:1029A00007F1200300221A605A604FF00003BB6257
:1029B0004FF00003BB634FF000037B63FEF7CEFADA
:1029C000F0EE407AB74BC3ED007AFEF7C7FAB0EEEF
:1029D000407AB44BD3ED007A77EE677AB2EE087A9C
:1029E000F4EEC77AF1EE10FA17DD7B68AE4A5A6250
:1029F0007B68AE4A9A627B68AC4ADA627B68AC4A12
:102A00001A637B68AB4A9A61AB4B0093AB4BAC4A01
:102A1000AC49002004F0E4FC0DE39FEDAB0AFEF7A7
:102A2000D1FA7B684FF000021A637B684FF0000216
:102A30005A627B684FF000029A627B684FF0000296
:102A4000DA6200237B8619E200F0BAFE922000F0E1
:102A5000E7FE07F1200306221946122000F08AFE45
:102A600000F0BAFE97F821301BB21B021AB297F899
:102A700020301BB21343FB87B7F93E3007EE903A84
:102A8000B8EEE77A914BD3ED007A67EE277A7B6850
:102A9000C3ED007A97F823301BB21B021AB297F8E5
:102AA00022301BB21343FB87B7F93E3007EE903A52
:102AB000B8EEE77A854BD3ED007A67EE277A7B682C
:102AC000C3ED017A97F825301BB21B021AB297F8B2
:102AD00024301BB21343FB87B7F93E3007EE903A20
:102AE000B8EEE77A794BD3ED007A67EE277A7B6808
:102AF000C3ED027A7B6893ED007A7B68D3ED007AB0
:102B000027EE277A7B68D3ED016A7B68D3ED017AE3
:102B100066EEA77A37EE277A7B68D3ED026A7B6888
:102B2000D3ED027A66EEA77A77EE277AB0EE670ADF
:102B30000DF0ECFB87ED0A0A7B6893ED0C7AD7ED7C
:102B40000A7A77EE277A7B68C3ED0C7A00F050FEA4
:102B500007F1200308221946002000F00BFE00F0C8
:102B600053FE97F820300F2B68D197F823301BB213
:102B70001B021AB297F822301BB21343FB87B7F936
:102B80003E3007EE903AB8EEE77A514BD3ED007A3B
:102B900067EE277A7B68C3ED037A7B6893ED097A49
:102BA0007B68D3ED037A77EE277A7B68C3ED097AE9
:102BB00097F825301BB21B021AB297F824301BB2CB
:102BC0001343FB87B7F93E3007EE903AB8EEE77A49
:102BD0003F4BD3ED007A67EE277A7B68C3ED047A2A
:102BE0007B6893ED0A7A7B68D3ED047A77EE277AD7
:102BF0007B68C3ED0A7A97F827301BB21B021AB222
:102C000097F826301BB21343FB87B7F93E3007EE27
:102C1000903AB8EEE77A2E4BD3ED007A67EE277A3A
:102C20007B68C3ED057A7B6893ED0B7A7B68D3ED07
:102C3000057A77EE277A7B68C3ED0B7A7B8E002BC3
:102C400048D1BB6ABB63BB6A7B63002387F8313022
:102C500022E097F8312097F83130796802329200FB
:102C60000A44043212689B0040333B442C3B1A60F8
:102C700097F8312097F831307968023292000A448F
:102C8000043212689B0040333B44383B1A6097F88B
:102C90003130013387F8313097F83130022BD8D9F1
:102CA00085E000BFAC080020AC38223BB016CE391E
:102CB0003F161B4100002042A818010864180108B3
:102CC00068180108701801080AD7A33B800100208A
:102CD0008401002097ED0A7AD7ED0E7AB4EEE77AF8
:102CE000F1EE10FA01DDBB6ABB6397ED0A7AD7ED0E
:102CF0000D7AB4EEE77AF1EE10FA01D5BB6A7B6388
:102D0000002387F830304EE097F830307A6802338D
:102D10009B001344043393ED007A97F830309B0006
:102D200040333B442C3BD3ED007AB4EEE77AF1EE2E
:102D300010FA0EDD97F8302097F8303079680232BB
:102D400092000A44043212689B0040333B442C3BFF
:102D50001A6097F830307A6802339B0013440433CA
:102D600093ED007A97F830309B0040333B44383B7A
:102D7000D3ED007AB4EEE77AF1EE10FA0ED597F8BB
:102D8000302097F830307968023292000A440432D9
:102D900012689B0040333B44383B1A6097F8303050
:102DA000013387F8303097F83030022BACD997EDEB
:102DB0000E7AD7ED0D7A77EE677AA64BC3ED007ADF
:102DC000002387F82F301DE097F82F309B00403309
:102DD0003B442C3B93ED007A97F82F309B00403317
:102DE0003B44383BD3ED007A97F82F3077EE677A83
:102DF000994A9B001344C3ED007A97F82F300133B2
:102E000087F82F3097F82F30022BDDD9914BD3ED77
:102E1000007AB6EE007AF4EEC77AF1EE10FA1DDC15
:102E20008D4BD3ED007A9FED8D7AF4EEC77AF1EEFB
:102E300010FA13DC884BD3ED017A9FED887AF4EE1B
:102E4000C77AF1EE10FA09DC834BD3ED027A9FEDDD
:102E5000837AF4EEC77AF1EE10FA08DD804B009326
:102E6000804B814A8149002004F0BAFA0CE09FEDC2
:102E7000800AFEF7A7F87B8E01337B867D4B1B888B
:102E80007A8E9A42FFF4E0AD7B68D3ED0C6A794B01
:102E90001B8807EE903AB8EE677AC6EE877A7B68B1
:102EA000C3ED0C7A002387F82E301EE097F82E3001
:102EB0007A6808339B0013440433D3ED006A6D4BEA
:102EC0001B8807EE903AB8EE677A97F82E30C6EE78
:102ED000877A7A6808339B0013440433C3ED007A81
:102EE00097F82E30013387F82E3097F82E30022BCA
:102EF000DCD900F065FCA22000F092FC07F1200371
:102F000002221946222000F035FC00F065FC97F8FB
:102F100020301BB2DB001AB297F821305B09DBB21C
:102F20001BB21343FB87B7F93E30B3F5806F04DB68
:102F3000FB8FA3F500639BB2FB87B7F93E3007EE2A
:102F4000903AF8EEE77AB4EE007A67EE877AB3EE5D
:102F5000077A77EE877A7B68C3ED067A464BB3F93A
:102F600000309BB201339BB21AB2434B1A80394BEB
:102F7000D3ED007AB6EE007AF4EEC77AF1EE10FAED
:102F80003FF723AD7B68D3ED0C7A9FED3C7A77EE6B
:102F9000C77AF0EEE77AB6EE007AF4EEC77AF1EE91
:102FA00010FA3FF712AD2C4BD3ED007A9FED2B7A40
:102FB000F4EEC77AF1EE10FA3FF707AD264BD3EDEA
:102FC000017A9FED267AF4EEC77AF1EE10FA3FF718
:102FD000FCAC214BD3ED027A9FED207AF4EEC77A58
:102FE000F1EE10FA3FF7F1AC7B68D3ED097AF0EE21
:102FF000E77A9FED237AF4EEC77AF1EE10FA3FF705
:10300000E4AC7B68D3ED0A7AF0EEE77A9FED1C7AA8
:10301000F4EEC77AF1EE10FA3FF7D7AC7B68D3ED48
:103020000B7AF0EEE77A9FED167AF4EEC77AF1EEBE
:1030300010FA3FF7CAAC7B6893ED0C7ADFED116AAA
:10304000C6EE877A7B68C3ED087A00BF4037BD467D
:1030500080BD00BF70080020640800209A99993E46
:10306000A8180108B0180108B4180108BC18010814
:103070006F12033AB201002074080020CDCC1C412D
:103080000AD7233CC3F51C4180B582B002AF00F0E3
:1030900097FB802000F0C4FB552000F0C1FB5520B9
:1030A00000F0BEFB03461A46684B1A7000F094FB12
:1030B0009FED670AFDF786FF00F082FB802000F09D
:1030C000AFFB552000F0ACFB552000F0A9FB0346F8
:1030D0001A465E4B1A7000F07FFB9FED5D0AFDF70C
:1030E00071FF00F06DFBB6217E2000F017FB00F0B1
:1030F00073FB9FED580AFDF765FF00F061FB802030
:1031000000F08EFB552000F08BFB552000F088FB73
:1031100003461A464D4B1A7000F05EFB9FED4C0AB9
:10312000FDF750FF00F04CFB802000F079FB5520AC
:1031300000F076FB552000F073FB03461A46434B24
:103140001A7000F049FB9FED420AFDF73BFF3F4B31
:103150001B781E2B09D0404B0093404B404A4149FD
:10316000002004F03DF9FF236CE03F4B00221A7071
:1031700063E000F025FB3C4B1B7819463B4A0B46AD
:103180005B000B4413441A78374B1B7818463749B9
:1031900003465B0003440B4401331B781946104679
:1031A00000F0BCFA00F018FB9FED290AFDF70AFFBA
:1031B00000F006FB2C4B1B7819462C4A0B465B0093
:1031C0000B4413441B7863F07F03DBB2184600F016
:1031D00027FB552000F024FB552000F021FB03467F
:1031E0001A461A4B1A7000F0F7FA9FED190AFDF70C
:1031F000E9FE1D4B1B7819461C4A0B465B000B442D
:10320000134401331A78114B1B789A420FD0164B96
:103210001B781946154A0B465B000B4413440233D6
:103220001A78134B1B781343DAB2114B1A700E4BFA
:103230001B780133DAB20C4B1A700B4B1B78052B41
:1032400097D900231846BD4680BD00BF6008002006
:103250006F12833A0AD7A33DA81801086418010821
:1032600068180108EC180108610800208C01002092
:103270006208002080B582B002AF00F0B9FA594967
:10328000002000F05FFA00F0BFFA9FED570AFDF74B
:1032900099FE00F0ADFA5349002000F053FA00F017
:1032A000B3FA9FED510AFDF78DFE00F0A1FAB621A9
:1032B000142000F033FA00F0A7FA9FED4C0AFDF756
:1032C00081FE00F095FA4749002000F03BFA00F03B
:1032D0009BFA9FED450AFDF775FE00F089FA41491A
:1032E000002000F02FFA00F08FFA9FED3F0AFDF763
:1032F00069FE3C4B1B780F2B09D03D4B00933D4B97
:103300003D4A3E49002004F06BF8FF2366E03C4B49
:1033100000221A705DE000F06BFA394B1B781946F9
:10332000384A0B465B000B4413441A78344B1B7825
:103330001846344903465B0003440B4401331B78B1
:103340001946104600F0EAF900F05EFA9FED260AF1
:10335000FDF738FE00F04CFA294B1B781946294A34
:103360000B465B000B4413441B781E49184600F0C3
:10337000E9F900F049FA9FED1C0AFDF723FE204B06
:103380001B7819461F4A0B465B000B44134401335C
:103390001A78144B1B789A4215D0194B1B78013BB5
:1033A000DAB2174B1A70164B1B781946164A0B46A1
:1033B0005B000B44134402331A78144B1B781343FD
:1033C000DAB2124B1A700E4B1B780133DAB20C4B87
:1033D0001A700B4B1B78052B9DD900231846BD4650
:1033E00080BD00BF600800206F12833A0AD7A33D5A
:1033F000A8180108641801086818010820190108B4
:1034000061080020A00100208C010020620800203B
:1034100080B582B000AF786000F0D2F9922000F061
:10342000FFF906226C49122000F0A4F900F0D4F94B
:10343000694B5B781BB21B021AB2674B1B781BB23D
:1034400013431AB2654B1A80644BB3F9003007EE90
:10345000903AB8EEE77A624BD3ED007A27EE277AFE
:103460007B68D3ED087A67EE277A7B68C3ED007A34
:10347000594BDB781BB21B021AB2574B9B781BB21D
:1034800013431AB2554B1A80544BB3F9003007EE70
:10349000903AB8EEE77A524BD3ED007A27EE277ACE
:1034A0007B68D3ED087A67EE277A7B68C3ED017AF3
:1034B000494B5B791BB21B021AB2474B1B791BB2FB
:1034C00013431AB2454B1A80444BB3F9003007EE50
:1034D000903AB8EEE77A424BD3ED007A27EE277A9E
:1034E0007B68D3ED087A67EE277A7B68C3ED027AB2
:1034F00000F07EF908223849002000F03BF900F086
:1035000083F9354B1B780F2B40F0C180354B1B786E
:10351000002B6BD0304BDB781BB21B021AB22E4B48
:103520009B781BB213431AB22C4B1A802B4BB3F966
:10353000003007EE903AB8EEE77A2B4BD3ED007AE5
:1035400027EE277A7B68D3ED097A77EE677A7B6876
:10355000C3ED037A204B5B791BB21B021AB21E4BE0
:103560001B791BB213431AB21C4B1A801B4BB3F9C5
:10357000003007EE903AB8EEE77A1B4BD3ED007AB5
:1035800027EE277A7B68D3ED0A7A77EE677A7B6835
:10359000C3ED047A104BDB791BB21B021AB20E4B3F
:1035A0009B791BB213431AB20C4B1A800B4BB3F925
:1035B000003007EE903AB8EEE77A0B4BD3ED007A85
:1035C00027EE277A7B68D3ED0B7A77EE677A7B68F4
:1035D000C3ED057A5BE000BFB0080020B80800200A
:1035E000800100208801002084010020484BDB7806
:1035F0001BB21B021AB2464B9B781BB213431AB282
:10360000444B1A80434BB3F9003007EE903AB8EEC2
:10361000E77A414BD3ED007A67EE277A7B68C3EDFA
:10362000037A3B4B5B791BB21B021AB2384B1B79F6
:103630001BB213431AB2374B1A80364BB3F9003022
:1036400007EE903AB8EEE77A334BD3ED007A67EEA7
:10365000277A7B68C3ED047A2D4BDB791BB21B0202
:103660001AB22B4B9B791BB213431AB2294B1A8007
:10367000284BB3F9003007EE903AB8EEE77A264BC4
:10368000D3ED007A67EE277A7B68C3ED057A00F008
:1036900097F8A22000F0C4F802221D49222000F071
:1036A00069F800F099F81A4B1B781BB2DB001AB2CC
:1036B000174B5B785B09DBB21BB213431AB2154B95
:1036C0001A80144BB3F90030B3F5806F09DB114B4E
:1036D000B3F900309BB2A3F500639BB21AB20D4B55
:1036E0001A800C4BB3F9003007EE903AF8EEE77A07
:1036F000B4EE007A67EE877AB3EE077A77EE877AD0
:103700007B68C3ED077A00BF0837BD4680BD00BFA8
:10371000B0080020B80800208401002080B582B0E5
:1037200000AF03460A46FB711346BB71FB7918468E
:1037300000F076F8BB79184600F072F800BF083741
:10374000BD4680BD80B582B000AF03463960FB71D5
:10375000FB7963F07F03DBB2184600F061F8552077
:1037600000F05EF803461A463B681A7000BF08373F
:10377000BD4680BD80B582B000AF03463960FB71A5
:103780001346BB71FB7963F07F03DBB2184600F090
:1037900047F80CE0552000F043F803461A463B6812
:1037A0001A703B6801333B60BB79013BBB71BB794D
:1037B000002BEFD100BF00BF0837BD4680BD000021
:1037C00080B500AF00221021024807F0F1F800BFD9
:1037D00080BD00BF0000024080B500AF0122102173
:1037E000024807F0E5F800BF80BD00BF00000240BE
:1037F00080B500AF00220121024807F0D9F800BFD0
:1038000080BD00BF0004024080B500AF012201214D
:10381000024807F0CDF800BF80BD00BF00040240A1
:1038200080B586B002AF0346FB71084B186807F1FC
:103830000F02F91D4FF47A730093012307F0D5FFAF
:10384000FB7B18461037BD4680BD00BFBC0800207A
:1038500080B52DED028B8EB000AF786007F12403A8
:1038600000221A605A609A604FF00003BB614FF06B
:103870000003FB614FF07E533B6207F10C03002213
:103880001A605A609A60002387F8373026E058485B
:10389000FFF7BEFD97ED097A554BD3ED007A77EE31
:1038A000277AC7ED097A97ED0A7A514BD3ED017A61
:1038B00077EE277AC7ED0A7A97ED0B7A4C4BD3ED6A
:1038C000027A77EE277AC7ED0B7A9FED4A0AFDF769
:1038D00079FB97F83730013387F8373097F837306E
:1038E000632BD4D9002387F8363018E097F83630A8
:1038F0009B0038333B44143B93ED007A97F8363005
:10390000DFED3D6AC7EE267A9B0038333B44143B1B
:10391000C3ED007A97F83630013387F8363097F8E0
:103920003630022BE2D907F12403184603F020F9C0
:1039300007F1180207F124031146184603F0BEF9F7
:10394000F0EE407AB0EE670A0CF086FC87ED0C0AC8
:1039500007F10C0207F1180107F12403184603F0E0
:1039600058F907F10C03184603F002F9D7ED0C7A69
:10397000F0EE006A87EEA67AB0EE470A0CF0E8FC9B
:10398000F0EE407A7B68C3ED007A002387F835308B
:1039900022E097F835309B0038333B442C3B93EDC5
:1039A000008AD7ED0C7AF0EE006A87EEA67AB0EEC8
:1039B000470A0CF00DFDF0EE407A97F835300133F0
:1039C0009B007A68134468EE277AC3ED007A97F873
:1039D0003530013387F8353097F83530012BD8D999
:1039E00000BF00BF3837BD46BDEC028B80BD00BFB5
:1039F000780800206F12833A0000C84280B584B076
:103A000000AF284B93F87830002B04D1254B0122CE
:103A100083F8782001E0244B40E001212348FEF7A1
:103A200065FF0346002BF8D1214B4FF07E525A60C0
:103A30001F4B4FF07E529A601D4B4FF07E52DA6062
:103A40001B4B4FF000021A61194B4FF000025A61F4
:103A5000174B4FF000029A61154B01221A703B463A
:103A600000221A605A609A60DA603B461846FFF7F7
:103A7000EFFE3B469FED0F2AF7EE001A9FED0E1A60
:103A8000DFED0E0AB2EE040A184601F009FE054BFE
:103A90000B4A9A620B48FDF761F9034B1846103741
:103AA000BD4680BDC00800201009002090140020F1
:103AB0003C09002000000000002474496F12833A82
:103AC00096430B3C5809002090B589B000AF4FF0E9
:103AD00000033B614FF000037B61794BBB61794888
:103AE000FDF73CF9F0EE407A774BC3ED007A774B67
:103AF00093ED007A744BD3ED007A77EE277A734B0F
:103B0000C3ED007A7248FFF783FC714B1B68714A62
:103B1000D3656F4B5B686F4A13666D4B9B686D4A4C
:103B200053666B4BDB686B4A1365694B1B69694ACB
:103B30005365674B5B69674A9365674A674968489D
:103B400000F034FB634BD3ED147A624B93ED157A9E
:103B5000604BD3ED166A5F4B93ED176A5D4BD3ED67
:103B6000185A5C4B93ED195A574BD3ED004AB0EEFF
:103B7000643AF0EE452AB0EE652AF0EE461AB0EE51
:103B8000661AF0EE470AB0EE670A01F033FE514ABA
:103B9000544B144603F5A8730FCB84E80F004D4A2D
:103BA0005149524800F0B2F84A4A5149514800F090
:103BB000ADF8484A5049514800F0A8F8391D07F1BE
:103BC0001003444A184600F0C9F90023FB7741E08E
:103BD000FB7F404A16339B001344043393ED007A75
:103BE000FB7F9B0020333B441C3BD3ED007A37EE38
:103BF000677A354BD3ED007A67EE276A354B93ED44
:103C00000A7A314BD3ED007A77EE277A86EEA77ADF
:103C1000FB7F304A04339B001344D3ED006A2D4BE5
:103C2000D3ED0A7A26EEA76A2A4BD3ED0A6A264B11
:103C3000D3ED007A76EEA76AC6EE267AFB7F77EEA2
:103C4000277A244A04339B001344C3ED007AFB7F98
:103C50000133FB77FB7F022BBAD91E4A284929483A
:103C600000F054F81F4BD3F8A8311A4A13671D4BC4
:103C7000D3F8A431174AD3661A4BD3F8A031154AAA
:103C80009366184BD3F8AC31124A5367114BD3EDFE
:103C90001C7A104B93ED1B7A0E4BD3ED1A6AB0EEE3
:103CA000661AF0EE470AB0EE670AFEF723FC164BE1
:103CB0001B685A1C14490A6000BF2437BD4690BDDA
:103CC000C3F51C41580900205C0900206009002050
:103CD00078080020C00800201C09002010090020DE
:103CE0003C090020A0090020EC080020141A01085B
:103CF000F8080020201A0108040900202C1A0108E5
:103D0000DC080020D00800206409002080B485B0C1
:103D100000AFF860B9607A607B68083393ED007A91
:103D20007B680833D3ED007A67EE277AB6EE007A27
:103D300037EE677A7B680C33D3ED006A7B680C330F
:103D4000D3ED007A66EEA77A37EE677AFB68D3ED9B
:103D5000007A27EE277A7B680433D3ED006A7B680C
:103D60000833D3ED007A66EEA76A7B6893ED006AAC
:103D70007B680C33D3ED007A66EE277A76EEE76A3D
:103D8000FB680433D3ED007A66EEA77A37EE277A24
:103D90007B680433D3ED006A7B680C33D3ED007A83
:103DA00066EEA76A7B6893ED006A7B680833D3ED03
:103DB000007A66EE277A76EEA76AFB680833D3EDC1
:103DC000007A66EEA77A77EE277A77EEA77ABB6855
:103DD000C3ED007A7B68043393ED007A7B68083387
:103DE000D3ED007A27EE277A7B68D3ED006A7B68F3
:103DF0000C33D3ED007A66EEA77A37EE277AFB68AC
:103E0000D3ED007A27EE277A7B680433D3ED006A7E
:103E10007B680433D3ED007A66EEA77AF6EE006A8B
:103E200076EEE76A7B680C3393ED006A7B680C33AF
:103E3000D3ED007A66EE277A76EEE76AFB68043304
:103E4000D3ED007A66EEA77A37EE277A7B680833DF
:103E5000D3ED006A7B680C33D3ED007A66EEA76A77
:103E60007B6893ED006A7B680433D3ED007A66EEDD
:103E7000277A76EEE76AFB680833D3ED007A66EEC0
:103E8000A77A77EE277ABB68043377EEA77AC3ED7B
:103E9000007A7B68043393ED007A7B680C33D3EDB2
:103EA000007A27EE277A7B68D3ED006A7B680833B7
:103EB000D3ED007A66EEA77A37EE677AFB68D3ED2A
:103EC000007A27EE277A7B680833D3ED006A7B6897
:103ED0000C33D3ED007A66EEA76A7B6893ED006A37
:103EE0007B680433D3ED007A66EE277A76EEA76A14
:103EF000FB680433D3ED007A66EEA77A37EE277AB3
:103F00007B680433D3ED006A7B680433D3ED007A19
:103F100066EEA77AF6EE006A76EEE76A7B6808330B
:103F200093ED006A7B680833D3ED007A66EE277A5A
:103F300076EEE76AFB680833D3ED007A66EEA77A7F
:103F400077EE277ABB68083377EEA77AC3ED007A5D
:103F500000BF1437BD465DF8047B704780B485B060
:103F600000AFF860B9607A607B68083393ED007A3F
:103F70007B680833D3ED007A67EE277AB6EE007AD5
:103F800037EE677A7B680C33D3ED006A7B680C33BD
:103F9000D3ED007A66EEA77A37EE677AFB68D3ED49
:103FA000007A27EE277A7B680433D3ED006A7B68BA
:103FB0000833D3ED007A66EEA76A7B6893ED006A5A
:103FC0007B680C33D3ED007A66EE277A76EEA76A2B
:103FD000FB680433D3ED007A66EEA77A37EE277AD2
:103FE0007B680433D3ED006A7B680C33D3ED007A31
:103FF00066EEA76A7B6893ED006A7B680833D3EDB1
:10400000007A66EE277A76EEE76AFB680833D3ED2E
:10401000007A66EEA77A77EE277A77EEA77ABB6802
:10402000C3ED007A7B68043393ED007A7B68083334
:10403000D3ED007A27EE277A7B68D3ED006A7B68A0
:104040000C33D3ED007A66EEA77A37EE677AFB6819
:10405000D3ED007A27EE277A7B680433D3ED006A2C
:104060007B680433D3ED007A66EEA77AF6EE006A39
:1040700076EEE76A7B680C3393ED006A7B680C335D
:10408000D3ED007A66EE277A76EEE76AFB680433B2
:10409000D3ED007A66EEA77A37EE277A7B6808338D
:1040A000D3ED006A7B680C33D3ED007A66EEA76A25
:1040B0007B6893ED006A7B680433D3ED007A66EE8B
:1040C000277A76EEA76AFB680833D3ED007A66EEAE
:1040D000A77A77EE277ABB68043377EEA77AC3ED29
:1040E000007A7B68043393ED007A7B680C33D3ED60
:1040F000007A27EE277A7B68D3ED006A7B68083365
:10410000D3ED007A66EEA77A37EE277AFB68D3ED17
:10411000007A27EE277A7B680833D3ED006A7B6844
:104120000C33D3ED007A66EEA76A7B6893ED006AE4
:104130007B680433D3ED007A66EE277A76EEE76A81
:10414000FB680433D3ED007A66EEA77A37EE277A60
:104150007B680433D3ED006A7B680433D3ED007AC7
:1041600066EEA77AF6EE006A76EEE76A7B680833B9
:1041700093ED006A7B680833D3ED007A66EE277A08
:1041800076EEE76AFB680833D3ED007A66EEA77A2D
:1041900077EE277ABB68083377EEA77AC3ED007A0B
:1041A00000BF1437BD465DF8047B704780B592B000
:1041B00000AFF860B9607A60FB6893ED047AC24B97
:1041C000D3ED007A77EE677AF0EEE77A9FEDBF7A6B
:1041D000F4EEC77AF1EE10FA26DCFB6893ED057A6F
:1041E000BB4BD3ED007A77EE677AF0EEE77A9FED7E
:1041F000B77AF4EEC77AF1EE10FA15DCFB6893EDAE
:10420000067AB44BD3ED007A77EE677AF0EEE77A70
:104210009FEDAE7AF4EEC77AF1EE10FA04DCFB689B
:104220001B78002B00F0D080FB68D3ED047ADFED23
:10423000AA6A87EEA67AB0EE470A0BF035FE87ED44
:10424000100AFB68D3ED057ADFEDA36A87EEA67A44
:10425000B0EE470A0BF028FE87ED0F0AFB68D3ED9E
:10426000067ADFED9D6A87EEA67AB0EE470A0BF07C
:104270001BFE87ED0E0AFB68D3ED047ADFED966A2C
:1042800087EEA67AB0EE470A0BF0C8FD87ED0D0A5F
:10429000FB68D3ED057ADFED906A87EEA67AB0EE83
:1042A000470A0BF0BBFD87ED0C0AFB68D3ED067ADD
:1042B000DFED896A87EEA67AB0EE470A0BF0AEFD15
:1042C00087ED0B0A97ED107AD7ED0E7A27EE277A55
:1042D000D7ED0D6AD7ED0C7A66EEA76AD7ED0B7AAB
:1042E00066EEA77A77EE277A7C4BC3ED007A97EDDE
:1042F0000F7AD7ED0D7A67EE277A794BC3ED007A06
:1043000097ED107AD7ED0B7A27EE277AD7ED0E6A64
:10431000D7ED0D7A66EEA76AD7ED0C7A66EEA77A2E
:1043200077EE677A6F4BC3ED007A97ED107AD7ED91
:104330000C7A27EE277AD7ED0B7A27EE277AD7ED7E
:104340000E6AD7ED0D7A66EEA77A77EE677A664B3E
:10435000C3ED007A97ED107AD7ED0F7A67EE277AE2
:10436000624BC3ED007AD7ED0D7AB1EE677AD7EDE7
:104370000B7A27EE277AD7ED106AD7ED0E7A66EE24
:10438000A76AD7ED0C7A66EEA77A77EE677A584B74
:10439000C3ED007AD7ED0F7AB1EE677AD7ED0B7ADD
:1043A00067EE277A534BC3ED007A534A3B6B136099
:1043B00097ED0F7AD7ED0E7A67EE277A4F4BC3ED64
:1043C000007AFB6800221A70002387F847301DE04E
:1043D00097F847309B00BA68134493ED007A97F83A
:1043E0004730FA689B0013440433D3ED007A97F802
:1043F000473067EE277A9B0048333B44283BC3EDA8
:10440000007A97F84730013387F8473097F84730FC
:10441000022BDDD997ED087A304BD3ED007A27EEE9
:10442000277AD7ED096A2E4BD3ED007A66EEA77A8C
:1044300037EE277AD7ED0A6A2A4BD3ED007A66EE7B
:10444000A77A77EE277ABB68C3ED007A97ED087AF2
:10445000254BD3ED007A27EE277AD7ED096A234B57
:10446000D3ED007A66EEA77A37EE277AD7ED0A6A9F
:104470001F4BD3ED007A66EEA77ABB68043377EE64
:10448000277AC3ED007A97ED087A1A4BD3ED007ABC
:1044900027EE277AD7ED096A174BD3ED007A66EE3F
:1044A000A77A37EE277AD7ED0A6A144BD3ED007A54
:1044B00066EEA77ABB68083377EE277AC3ED007AF9
:1044C000002387F846302DE0680900206F12833AF8
:1044D0006C09002070090020E12E6542740900205B
:1044E000780900207C090020800900208409002030
:1044F000880900208C0900209009002094090020E0
:1045000097F846309B007A681A4497F8463012684C
:104510009B0048333B44343B1A6097F846300133E4
:1045200087F8463097F84630022BE9D997ED057A9F
:10453000314BD3ED007A27EE277AD7ED066A2F4B61
:10454000D3ED007A66EEA77A37EE277AD7ED076AC1
:104550002B4BD3ED007A66EEA77A77EE277A7B684D
:10456000C3ED007A97ED057A264BD3ED007A27EE5E
:10457000277AD7ED066A244BD3ED007A66EEA77A48
:1045800037EE277AD7ED076A204BD3ED007A66EE37
:10459000A77A7B68043377EE277AC3ED007A97ED2C
:1045A000057A1B4BD3ED007A27EE277AD7ED066A02
:1045B000184BD3ED007A66EEA77A37EE277AD7ED5F
:1045C000076A154BD3ED007A66EEA77A7B6808334D
:1045D00077EE277AC3ED007AFB681B690F4A1360F8
:1045E000FB685B690E4A1360FB689B690D4A1360A8
:1045F00000BF4837BD4680BD7409002078090020FF
:104600007C090020800900208409002088090020FE
:104610008C090020900900209409002068090020DE
:104620006C0900207009002080B582B000AF78606E
:10463000084611461A460346FB700B46BB701346EC
:104640007B70BA4B04221A80B94B08221A807B680F
:10465000FA781A737B68BA785A737B687A789A7397
:104660007B6800221A747B7818460BF0C5FD034660
:104670001A467B685A617B685B697A780021184624
:10468000FCF70EFAA94B1B881A467B7802FB03F352
:1046900018460BF0B1FD03461A467B689A617B68A9
:1046A0009869A24B1B881A467B7802FB03F31A46D3
:1046B0000021FCF7F5F99D4B1B881A467B7802FB1D
:1046C00003F318460BF098FD03461A467B68DA613F
:1046D0007B68D869954B1B881A467B7802FB03F3ED
:1046E0001A460021FCF7DCF9904B1B881A46FB7830
:1046F00002FB03F318460BF07FFD03461A467B6866
:104700001A627B68186A894B1B881A46FB7802FB81
:1047100003F31A460021FCF7C3F97B7818460BF027
:104720006BFD03461A467B685A627B685B6A7A783F
:1047300000211846FCF7B4F97C4B1B881A46FB781D
:1047400002FB03F318460BF057FD03461A467B683D
:104750001A607B681868754B1B881A46FB7802FB49
:1047600003F31A460021FCF79BF9704B1B881A468D
:104770007B7802FB03F318460BF03EFD03461A4616
:104780007B685A607B685868684B1B881A467B7840
:1047900002FB03F31A460021FCF782F9634B1B88E6
:1047A0001A46BB7802FB03F318460BF025FD0346BF
:1047B0001A467B689A607B6898685C4B1B881A462F
:1047C000BB7802FB03F31A460021FCF769F9574B4B
:1047D0001B881A46FB7802FB03F318460BF00CFD0E
:1047E00003461A467B68C3F8E8207B68D3F8E800E4
:1047F0004E4B1B881A46FB7802FB03F31A46002136
:10480000FCF74EF97B6803F130007B681B7B19468F
:104810007B68D3F8E83001220BF090FA434B1B88F9
:104820001A46FB7802FB03F318460BF0E5FC03463F
:104830001A467B68C3F8EC207B68D3F8EC003B4B4E
:104840001B881A46FB7802FB03F31A460021FCF78B
:1048500027F97B6803F138007B681B7B19467B686E
:10486000D3F8EC3001220BF069FABB78002B26D08C
:104870002E4B1B881A46BB7802FB03F318460BF03D
:10488000BBFC03461A467B68C3F8F0207B68D3F86C
:10489000F000264B1B881A46BB7802FB03F31A462E
:1048A0000021FCF7FDF87B6803F140007B685B7B2F
:1048B00019467B68D3F8F03001220BF03FFA1B4B0E
:1048C0001B881A467B7802FB03F318460BF094FC16
:1048D00003461A467B68C3F8F4207B68D3F8F400DB
:1048E000124B1B881A467B7802FB03F31A46002101
:1048F000FCF7D6F87B6803F148007B689B7B194680
:104900007B68D3F8F43001220BF018FA074B1B88B0
:104910001A46FB7802FB03F3FA7802FB03F318460E
:104920000BF06AFC03461A467B6803E098090020F6
:104930009A090020C3F8F8207B68D3F8F800BD4B33
:104940001B881A46FB7802FB03F3FA7802FB03F399
:104950001A460021FCF7A4F87B6803F150007B683D
:104960001B7B19467B681B7B1A467B68D3F8F830A3
:104970000BF0E4F9AF4B1B881A46FB7802FB03F3FC
:10498000FA7802FB03F318460BF036FC03461A468E
:104990007B68C3F8FC207B68D3F8FC00A54B1B8820
:1049A0001A46FB7802FB03F3FA7802FB03F31A467C
:1049B0000021FCF775F87B6803F158007B681B7BCE
:1049C00019467B681B7B1A467B68D3F8FC300BF0DA
:1049D000B5F9984B1B881A46FB7802FB03F3FA786B
:1049E00002FB03F318460BF007FC03461A467B68EC
:1049F000C3F800218F4B1B881A46FB7802FB03F398
:104A0000FA7802FB03F318460BF0F6FB03461A464E
:104A10007B68C3F804217B68D3F80001854B1B88B1
:104A20001A46FB7802FB03F3FA7802FB03F31A46FB
:104A30000021FCF735F87B68D3F804017D4B1B8817
:104A40001A46FB7802FB03F3FA7802FB03F31A46DB
:104A50000021FCF725F87B6803F160007B681B7B75
:104A600019467B681B7B1A467B68D3F800310BF034
:104A700065F97B6803F168007B681B7B19467B68DE
:104A80001B7B1A467B68D3F804310BF057F9BB78CF
:104A9000002B2ED0674B1B881A46FB7802FB03F3D2
:104AA000BA7802FB03F318460BF0A6FB03461A463E
:104AB0007B68C3F808217B68D3F808015D4B1B882D
:104AC0001A46FB7802FB03F3BA7802FB03F31A469B
:104AD0000021FBF7E5FF7B6803F170007B681B7B1F
:104AE00019467B685B7B1A467B68D3F808310BF06C
:104AF00025F9504B1B881A467B7802FB03F3FA78A2
:104B000002FB03F318460BF077FB03461A467B685B
:104B1000C3F80C21474B1B881A46FB7802FB03F3B2
:104B20007A7802FB03F318460BF066FB03461A463D
:104B30007B68C3F810217B68D3F80C013D4B1B88C0
:104B40001A467B7802FB03F3FA7802FB03F31A465A
:104B50000021FBF7A5FF7B68D3F81001354B1B88BC
:104B60001A46FB7802FB03F37A7802FB03F31A463A
:104B70000021FBF795FF7B6803F178007B689B7B46
:104B800019467B681B7B1A467B68D3F80C310BF007
:104B9000D5F87B6803F180007B681B7B19467B6836
:104BA0009B7B1A467B68D3F810310BF0C7F8214B7A
:104BB0001B881A46FB7802FB03F3FA7802FB03F327
:104BC00018460BF019FB03461A467B68C3F81421FC
:104BD0007B68D3F81401174B1B881A46FB7802FB3D
:104BE00003F3FA7802FB03F31A460021FBF758FFA0
:104BF0007B6803F188007B681B7B19467B681B7B05
:104C00001A467B68D3F814310BF098F8094B1B88CF
:104C10001A467B7802FB03F37A7802FB03F318460B
:104C20000BF0EAFA03461A467B68C3F818217B6842
:104C300002E000BF98090020D3F818017D4B1B88C3
:104C40001A467B7802FB03F37A7802FB03F31A46D9
:104C50000021FBF725FF7B6803F190007B689B7BBD
:104C600019467B689B7B1A467B68D3F818310BF09A
:104C700065F8704B1B881A46FB7802FB03F37A78C1
:104C800002FB03F318460BF0B7FA03461A467B689B
:104C9000C3F81C217B68D3F81C01664B1B881A469D
:104CA000FB7802FB03F37A7802FB03F31A46002138
:104CB000FBF7F6FE7B6803F198007B681B7B1946C7
:104CC0007B689B7B1A467B68D3F81C310BF036F867
:104CD000584B1B881A467B681B7B02FB03F37A68E0
:104CE000127B02FB03F318460BF086FA03461A46C2
:104CF0007B68C3F820214F4B1B881A467B681B7BBF
:104D000002FB03F37A68127B02FB03F318460BF0F5
:104D100073FA03461A467B68C3F82421454B1B8867
:104D20001A467B681B7B02FB03F37A68127B02FB4B
:104D300003F318460BF060FA03461A467B68C3F883
:104D400028213C4B1B881A467B681B7B02FB03F324
:104D500018460BF051FA03461A467B68C3F82C211B
:104D6000344B1B881A467B681B7B02FB03F31846F7
:104D70000BF042FA03461A467B68C3F830217B6881
:104D800003F1A0007B681B7B19467B681B7B1A46DE
:104D90007B68D3F820310AF0D1FF7B6803F1A800CB
:104DA0007B681B7B19467B681B7B1A467B68D3F8A4
:104DB00024310AF0C3FF7B6803F1B0007B681B7BE2
:104DC00019467B681B7B1A467B68D3F828310AF0AA
:104DD000B5FF7B6803F1B8007B681B7B19467B68D5
:104DE000D3F82C3101220AF0A9FF7B6803F1C0003F
:104DF0007B681B7B19467B68D3F8303101220AF0AF
:104E00009DFF7B68002283F828207B68002283F8BE
:104E100029207B68002283F82A207B68002283F8FF
:104E20002B207B68002283F82C2000BF0837BD466A
:104E300080BD00BF9809002080B582B000AF7860C7
:104E40007B68DB7B002B03D0786800F033FB1BE032
:104E50007B68D3F8F4007B685968154B1B881A46A9
:104E60007B689B7B02FB03F31A460BF0E7F97B6838
:104E700058680F4B1B881A467B689B7B02FB03F329
:104E80001A460021FBF70CFE7B68D3F8F0007B6824
:104E90009968074B1B881A467B685B7B02FB03F310
:104EA0001A460BF0CBF900BF0837BD4680BD00BFE6
:104EB0009809002080B582B000AF78607B6893F8D5
:104EC0002830002B58D17B685B7B002B44D07B685B
:104ED0001B7B1A467B68A3F8B8207B680122A3F8E5
:104EE000BA207B6803F160007B6803F130017B68C6
:104EF000B8331A460AF0E6FC03461A467B6883F884
:104F0000C8207B681B7B1A467B68A3F8C0207B689F
:104F10000122A3F8C2207B6803F170007B6803F1D3
:104F200040017B68C0331A460AF0CCFC03461A469F
:104F30007B6883F8C8207B6803F1B8007B6803F1C5
:104F4000C0017B6838331A460AF0FCFE03461A4655
:104F50007B6883F8C8200FE07B6803F160007B6802
:104F600003F130017B6838331A460AF0ABFC034684
:104F70001A467B6883F8C82000BF0837BD4680BD4D
:104F800080B582B000AF78607B6893F82930002B41
:104F900049D17B6803F160027B686833194610468B
:104FA0000AF07AFB03461A467B6883F8C8207B68C0
:104FB00003F160007B6803F150017B6858331A46A7
:104FC0000AF080FC03461A467B6883F8C8207B6899
:104FD000B3F858207B68A3F8A8207B68B3F86A2050
:104FE0007B68A3F8AA207B6803F158007B6803F173
:104FF00068017B68A8331A460AF064FC03461A4627
:105000007B6883F8C8207B6803F1A8007B6803F104
:1050100088017B6858331A460AF094FE03461A4604
:105020007B6883F8C82000BF0837BD4680BD80B5C7
:1050300082B000AF78607B6893F82A30002B40F094
:105040009C807B6803F178027B68803319461046A8
:105050000AF022FB03461A467B6883F8C8207B6867
:10506000B3F878207B68A3F8A8207B68B3F85A20AF
:105070007B68A3F8AA207B6803F178007B6803F1C2
:1050800058017B68A8331A460AF01CFC03461A46EE
:105090007B6883F8C8207B68B3F8A8207B68A3F8F6
:1050A000B0207B68B3F882207B68A3F8B2207B68CD
:1050B00003F1A8007B6803F180017B68B0331A46D6
:1050C0000AF000FC03461A467B6883F8C8207B6818
:1050D000B3F890207B68A3F8A0207B68B3F89220F7
:1050E0007B68A3F8A2207B6803F1B0007B6803F122
:1050F00090017B68A0331A460AF024FE03461A4644
:105100007B6883F8C8207B6803F1A0027B68B0331A
:10511000194610460AF0E6FC03461A467B6883F8F7
:10512000C8207B68B3F858207B68A3F8A8207B6868
:10513000B3F882207B68A3F8AA207B6803F15800AB
:105140007B6803F180017B68A8331A460AF0BAFB3A
:1051500003461A467B6883F8C8207B6803F1A800E1
:105160007B6803F1B0017B6898331A460AF0AAFB0A
:1051700003461A467B6883F8C82000BF0837BD463F
:1051800080BD80B582B000AF78607B6893F82B302B
:10519000002B5DD17B68B3F878207B68A3F8B8203A
:1051A0007B680122A3F8BA207B6803F178007B6852
:1051B00003F138017B68B8331A460AF083FB0346D3
:1051C0001A467B6883F8C8207B68B3F848207B6860
:1051D000A3F8C0207B680122A3F8C2207B6803F1FA
:1051E00048007B6803F1B8017B68C0331A460AF0B7
:1051F000FDFA03461A467B6883F8C8207B68B3F83B
:1052000098207B68A3F8B8207B680122A3F8BA2015
:105210007B6803F198007B6803F1C0017B68B833B9
:105220001A460AF04FFB03461A467B6883F8C820EB
:105230007B6803F138007B6803F1B8017B68303389
:105240001A460AF07FFD03461A467B6883F8C82099
:1052500000BF0837BD4680BD80B582B000AF786022
:105260007B6893F82C30002B47D17B68B3F89820EB
:105270007B68A3F8A8207B68B3F87A207B68A3F842
:10528000AA207B68B3F8A8207B68A3F8B0207B68CD
:10529000B3F85A207B68A3F8B2207B6803F198002A
:1052A0007B6803F178017B68A8331A460AF00AFB91
:1052B00003461A467B6883F8C8207B6803F1A80080
:1052C0007B6803F158017B68B0331A460AF0FAFA9A
:1052D00003461A467B6883F8C8207B6803F15800B0
:1052E0007B6803F1B0017B6850331A460AF07EFAFE
:1052F00003461A467B6883F8C82000BF0837BD46BE
:1053000080BD000080B584B000AF78607868FFF79A
:1053100093FD7B68D3F8CC30002B04D07B68D3F8A6
:10532000CC30786898477868FFF7C4FD7B68D3F87D
:10533000D030002B04D07B68D3F8D0307868984701
:105340007868FFF71DFE7B68D3F8D430002B04D0BB
:105350007B68D3F8D430786898477B681B7C002B37
:1053600003D17B68DB7B002B1DD17868FFF75FFEE4
:105370007B68D3F8D830002B04D07B68D3F8D830C2
:10538000786898477868FFF7FCFE7B68D3F8DC30D4
:10539000002B04D07B68D3F8DC30786898477868B5
:1053A000FFF75AFF23E07B68D3F8E8007B68D3F867
:1053B000EC103F4B1B881A467B681B7B02FB03F3F8
:1053C0001A460AF03BFF7B68D3F8F8007B68D3F8F5
:1053D000FC10374B1B881A467B681B7B02FB03F3D0
:1053E0007A68127B02FB03F31A460AF027FF7B68F8
:1053F000D3F8E030002B04D07B68D3F8E030786835
:1054000098470023FB732FE07B68D3F8F820FB7BE1
:105410007968097B03FB01F1FB7B0B449B00134480
:1054200093ED007A7B681A6AFB7B9B001344D3EDF3
:10543000007AB4EEE77AF1EE10FA12D57B681A6AB8
:10544000FB7B9B001A447B68D3F8F810FB7B7868E1
:10545000007B03FB00F0FB7B03449B000B441268C2
:105460001A60FB7B0133FB737B681B7BFA7B9A42E0
:10547000CAD37B6818687B68D3F8E8100C4B1B888C
:105480001A467B681B7B02FB03F31A460AF0D6FE22
:105490007B68D3F8E430002B04D07B68D3F8E43089
:1054A000786898477B681B6818461037BD4680BDF2
:1054B0009809002090B585B000AF78607B68002225
:1054C0001A747B68D3F8F4007B685968734B1B88A7
:1054D0001A467B689B7B02FB03F31A460AF0AEFE7A
:1054E0007B6858686D4B1B881A467B689B7B02FB68
:1054F00003F31A460021FBF7D3FA7B68D3F81801AF
:10550000664B1B881A467B689B7B02FB03F37A6819
:10551000927B02FB03F31A460021FBF7C1FA7B687A
:10552000D3F80C015D4B1B881A467B681B7B02FB82
:1055300003F37A68927B02FB03F31A460021FBF720
:10554000AFFA0023FB7347E07B68D3F8F420FB7BC2
:105550009B001344D3ED007AF5EE407AF1EE10FA99
:1055600037D07B68D3F8F420FB7B9B001A447B6820
:10557000D3F8F4107B681B7C9B000B4412681A6004
:105580007B685B6A7A68127C1344FA7B1A707B68CA
:105590009A69FB7B9B001A447B68D3F80C117B68EB
:1055A0001B7B18467B681B7C00FB03F3786844690F
:1055B000F87B20440078034403F18043013B9B00C7
:1055C0000B4412681A607B681B7C0133DAB27B687B
:1055D0001A74FB7B0133FB737B689B7BFA7B9A42DB
:1055E000B2D30023BB7319E07B68DA697B68596A20
:1055F000BB7B0B441B789B001A447B68D3F81811C3
:10560000BB7B7868007C03FB00F0BB7B03449B0002
:105610000B4412681A60BB7B0133BB737B681B7C35
:10562000BA7B9A42E0D37B681B7C1A467B68A3F85E
:1056300078207B681B7B1A467B68A3F87A207B68FE
:105640001B7B1A467B68A3F880207B681B7C1A466C
:105650007B68A3F882207B681B7C1A467B68A3F8D2
:1056600090207B681B7C1A467B68A3F892207B689D
:105670001B7B1A467B68A3F898207B681B7C1A4624
:105680007B68A3F89A207B681B7C1A467B68A3F88A
:10569000482000BF1437BD4690BD00BF98090020C8
:1056A00080B588B000AF786187ED040AC7ED030AC2
:1056B00087ED021AC7ED011A87ED002A424B01223D
:1056C0001A70414A3B69C2F8B0313F4AFB68C2F8E0
:1056D000B4313D4ABB68C2F8B8313B4B3B4AC3F8D2
:1056E000CC21394B002283F8382137494FF0000292
:1056F0004FF00003C1E9502333494FF000024FF04F
:105700000003C1E95223D7ED017AB7EE007AF4EE37
:10571000C77AF1EE10FA02DD4FF07E537B602A4A21
:105720007B68C2F8D031284A3B68C2F89031032325
:10573000002206212648FEF777FF264B0122012191
:1057400025480AF0FBFA0023FB610EE0FB699B0091
:105750007A691A441C4BD3F8EC10FB699B000B448C
:1057600012681A60FB690133FB61FB69032BEDDDF5
:10577000154B1A4AC3F8D020134B194AC3F8D4204A
:10578000114B184AC3F8D8200F4B174AC3F8DC2036
:105790000D4B012283F82E200B4B012283F82F2082
:1057A000094BD3F804319022104918460AF046FDFF
:1057B000054BD3F8FC3090220D4918460AF03EFD07
:1057C00000BF2037BD4680BDA009002077CC2B321A
:1057D000A4090020680B0020600B0020FD69000870
:1057E000415F0008FD61000861630008381A010884
:1057F000B4010020B0B58AB000AF87ED070AC7ED4D
:10580000060A87ED051AC7ED041A87ED032AC7EDCE
:10581000022A87ED013AB94A7B68C2F8BC31B74B1E
:10582000D3ED587A97ED077A77EE677AB34BC3EDED
:105830005B7AB24BD3ED597A97ED067A77EE677AB9
:10584000AE4BC3ED5C7AAD4BD3ED5A7A97ED057A4A
:1058500077EE677AA94BC3ED5D7AA84BD3ED5B7AFF
:10586000B6EE007A27EE877AD7ED017A67EE277ACF
:10587000A34BC3ED007AA14BD3ED5C7AB6EE007A70
:1058800027EE877AD7ED017A67EE277A9D4BC3ED35
:10589000007A9A4BD3ED5D7AB6EE007A27EE877ADE
:1058A000D7ED017A67EE277A974BC3ED007A934BD9
:1058B000D3F804319022954918460AF0BFFC904B6A
:1058C000D3ED007A8D4BD3F804310433F1EE677ACF
:1058D000C3ED007A8B4BD3ED007A884BD3F80431BB
:1058E0000833F1EE677AC3ED007A874BD3ED007A87
:1058F000824BD3F804310C33F1EE677AC3ED007AB2
:105900007E4BD3F8043118337D4A12681A607B4B02
:10591000D3F8043120337C4A12681A60794BD3EDF6
:10592000007A764BD3F804312433F1EE677AC3ED75
:10593000007A724BD3F804313033724A12681A601D
:10594000714BD3ED007A6D4BD3F804313433F1EE63
:10595000677AC3ED007A694BD3F804313C33684A67
:1059600012681A60654BD3F804314833664A1268EE
:105970001A60624BD3F804314C33624A12681A60E1
:105980005F4BD3ED007A5D4BD3F804315033F1EE29
:10599000677AC3ED007A594BD3E9522313430BD1F5
:1059A000564A3B69C2F87831544AFB68C2F87C31E8
:1059B000524ABB68C2F88031504B93ED5E7A4F4B30
:1059C000D3ED647A67EE276A4C4B93ED6F7A4B4BBD
:1059D000D3ED647A77EE277A86EEA77A474BD3ED3C
:1059E0006F6AD7ED047A26EEA76A444BD3ED6F6A4F
:1059F000424BD3ED647A76EEA76AC6EE267A77EE4E
:105A0000277A3E4BC3ED5E7A3C4B93ED5F7A3B4B7E
:105A1000D3ED647A67EE276A384B93ED6F7A374B94
:105A2000D3ED647A77EE277A86EEA77A334BD3EDFF
:105A30006F6AD7ED037A26EEA76A304BD3ED6F6A13
:105A40002E4BD3ED647A76EEA76AC6EE267A77EE11
:105A5000277A2A4BC3ED5F7A284B93ED607A274B68
:105A6000D3ED647A67EE276A244B93ED6F7A234B6C
:105A7000D3ED647A77EE277A86EEA77A1F4BD3EDC3
:105A80006F6AD7ED027A26EEA76A1C4BD3ED6F6AD8
:105A90001A4BD3ED647A76EEA76AC6EE267A77EED5
:105AA000277A164BC3ED607A144B93ED5E7A134B55
:105AB000D3ED5E7A27EE277A104BD3ED5F6A0F4B5A
:105AC000D3ED5F7A66EEA77A37EE277A0B4BD3EDEC
:105AD000606A0A4BD3ED607A66EEA77A77EE277A92
:105AE000B0EE670A00F0B0FFF0EE407A084BC3ED6D
:105AF000007A002387F8273026E000BFA0090020A5
:105B0000100C0020140C0020180C0020381A01087A
:105B10001C0C002097F82730384A5E339B00134452
:105B200093ED007A364BD3ED007A344B9A6897F8B0
:105B300027309B00134467EE277AC3ED007A97F86D
:105B40002730013387F8273097F82730022BE1D927
:105B50002A4B93ED5B7A294BD3ED5B7A27EE277ABC
:105B6000264BD3ED5C6A254BD3ED5C7A66EEA77AC3
:105B700037EE277A214BD3ED5D6A204BD3ED5D7A6A
:105B800066EEA77A77EE277AB0EE670A00F05CFF40
:105B9000B0EE407AF7EE006AC6EE877A174BC3ED97
:105BA000657A174B93ED007AF7EE006AC6EE877AB6
:105BB000124BC3ED667A114BD3ED657A9FED117AE6
:105BC000F4EEC77AF1EE10FA22D50C4BD3ED667ADB
:105BD0009FED0D7AF4EEC77AF1EE10FA18DD074B5F
:105BE000D3ED667A9FED097AF4EEC77AF1EE10FAFA
:105BF0000ED5024B012283F839210DE0A0090020C7
:105C00001C0C00209A99993ECDCC1441CDCC244156
:105C1000C54B002283F83921C34B93ED6C7AC24BFC
:105C2000D3ED6F7AC04BD3F8183167EE277AC3ED06
:105C3000007ABD4B93ED6C7ABB4BD3ED6F7ABA4BC8
:105C4000D3F818311C3367EE277AC3ED007AB64BD0
:105C500093ED6C7AB44BD3ED6F7AB34BD3F8183124
:105C6000383367EE277AC3ED007AAF4B93ED6C7A49
:105C7000AD4BD3ED6F7AAC4BD3F81831543367EE9C
:105C8000277AC3ED007AA84B93ED6D7AA64BD3ED3E
:105C90006F7AA54BD3F81831703367EE277AC3EDCE
:105CA000007AA14B93ED6D7A9F4BD3ED6F7A9E4BAB
:105CB000D3F818318C3367EE277AC3ED007A9A4B0C
:105CC000D3F81C31984AD2F8B8211A60964BD3F811
:105CD0001C311033944AD2F8B8211A60924BD3F891
:105CE0001C312033904AD2F8B8211A608F48FFF750
:105CF00009FB8D4B5B681B688B4AC2F850318A4B9D
:105D00005B685B68884AC2F85431874B5B689B6864
:105D1000854AC2F85831844B5B68DB68824AC2F816
:105D20005C31814B5B681B697F4AC2F860317E4BF6
:105D30005B685B697C4AC2F864317B4B4FF00002C0
:105D4000C3F86821784B93ED547A774BD3ED577AAB
:105D500027EE277A744BD3ED556A734BD3ED567A01
:105D600066EEA77A77EE277A37EEA76A6E4B93ED49
:105D7000547A6D4BD3ED547A27EE277A6A4BD3EDE4
:105D8000556A694BD3ED557A66EEA77A77EE277A96
:105D900077EEA77AB7EE007A77EEC77AF0EE670A69
:105DA000B0EE460A0AF0B0FAF0EE407A9FED607A63
:105DB00067EE877A5C4BC3ED6A7A5B4B93ED547A5E
:105DC000594BD3ED557A27EE277A574BD3ED566AC8
:105DD000554BD3ED577A66EEA77A77EE277A37EEF2
:105DE000A76A514B93ED547A4F4BD3ED547A27EE7B
:105DF000277A4D4BD3ED576A4B4BD3ED577A66EE6E
:105E0000A77A77EE277A77EEA77AB7EE007A77EE61
:105E1000C77AF0EE670AB0EE460A0AF075FAF0EEBD
:105E2000407A9FED437A67EE877A3F4BC3ED697AFC
:105E30003D4B93ED557A3C4BD3ED577A27EE277ABD
:105E4000394BD3ED546A384BD3ED567A66EEA77AC8
:105E500077EE677AB8EE007A67EE877AB0EE670A77
:105E60000AF026FAF0EE407A9FED317A67EE877AF3
:105E70002D4BC3ED687A2C4B93ED6A7A2A4BD3ED08
:105E8000767A77EE677A9FED2B7AF4EEC77AF1EEA9
:105E900010FA0ADD244BB3F9D4319BB2013B9BB21B
:105EA0001AB2214BA3F8D42118E01F4B93ED6A7A64
:105EB0001D4BD3ED767A77EE677A9FED1F7AF4EE7D
:105EC000C77AF1EE10FA09D5174BB3F9D4319BB26A
:105ED00001339BB21AB2144BA3F8D421124BB3F97D
:105EE000D43107EE903AF8EEE77A9FED147A27EE78
:105EF000877A0D4BD3ED6A7A77EE277A0A4BC3ED9A
:105F00006B7A094BD3F8A831074AC2F8D831064B4F
:105F1000D3E95223541C43F10005034BC3E9524516
:105F200000BF2837BD46B0BDA0090020A40900204D
:105F3000E12E654200003443000034C30000B44346
:105F400080B584B000AF78607B68D3F8EC301B6814
:105F5000A24A13607B68D3F8EC305B68A04A1360F8
:105F60007B68D3F8EC309B689E4A13607B68D3F85B
:105F7000EC30DB689C4A1360984B93ED007A974BAA
:105F8000D3ED007A27EE277A954BD3ED006A944B38
:105F9000D3ED007A66EEA77A37EE277A914BD3EDF0
:105FA000006A904BD3ED007A66EEA77A37EE277A37
:105FB0008D4BD3ED006A8C4BD3ED007A66EEA77A59
:105FC00077EE277AB0EE670A00F03EFDF0EE407AF9
:105FD000864BC3ED007A0023FB7317E07B68D3F890
:105FE000EC20FB7B9B00134493ED007A7F4BD3EDB9
:105FF000007A7B68D3F8EC20FB7B9B00134467EEB0
:10600000277AC3ED007AFB7B0133FB73FB7B032B09
:10601000E4D9774B93ED6F7A714BD3ED007A27EE8D
:10602000277A7B68D3F800311033F0EE006AC7EEB0
:10603000267AC3ED007A6E4B93ED6F7A694BD3ED00
:10604000007A27EE277A7B68D3F800311433F0EE1C
:10605000006AC7EE267AC3ED007A604BD3ED007A72
:10606000B1EE677A624BD3ED6F7A27EE277A7B68C1
:10607000D3F800312833F0EE006AC7EE267AC3ED7C
:10608000007A5B4B93ED6F7A574BD3ED007A27EE96
:10609000277A7B68D3F800312C33F0EE006AC7EE24
:1060A000267AC3ED007A504BD3ED007AB1EE677AD1
:1060B0004F4BD3ED6F7A27EE277A7B68D3F8003108
:1060C0004033F0EE006AC7EE267AC3ED007A434B08
:1060D000D3ED007AB1EE677A454BD3ED6F7A27EEB8
:1060E000277A7B68D3F800314433F0EE006AC7EEBC
:1060F000267AC3ED007A3E4B93ED6F7A394BD3EDA0
:10610000007A27EE277A7B68D3F800315833F0EE17
:10611000006AC7EE267AC3ED007A314BD3ED007AE0
:10612000B1EE677A324BD3ED6F7A27EE277A7B6830
:10613000D3F800315C33F0EE006AC7EE267AC3ED87
:10614000007A7B68D3F8F8307033D3ED006A284BBF
:1061500093ED747A7B68D3F8F8307033C6EE877AA3
:10616000C3ED007A7B68D3F8F8308C33D3ED006A46
:106170001F4B93ED747A7B68D3F8F8308C33C6EEFE
:10618000877AC3ED007A7B68D3F8F8307033D3EDAB
:10619000007A9FED187AF4EEC77AF1EE10FA05DD79
:1061A0007B68D3F8F8307033134A1A607B68D3F8F1
:1061B000F8308C33D3ED007A9FED0E7AF4EEC77A87
:1061C000F1EE10FA00DC05E07B68D3F8F8308C3390
:1061D000094A1A6000BF1037BD4680BD200C002060
:1061E000240C0020280C00202C0C0020300C002057
:1061F000A009002000401C4600401C4680B582B02B
:1062000000AF78607B68D3F8EC30D3ED007A77EE9E
:10621000A77A4E4BC3ED007A7B68D3F8EC30043399
:10622000D3ED007A77EEA77A494BC3ED007A7B680D
:10623000D3F8EC300833D3ED007A77EEA77A454BEC
:10624000C3ED007A7B68D3F8EC300C33D3ED007AE1
:1062500077EEA77A404BC3ED007A7B68D3F80C0148
:106260003E4B1B881A467B689B7B02FB03F37A68D4
:10627000127B02FB03F31A460021FAF711FC354B9F
:10628000D3ED007A7B68D3F80C31F1EE677AC3ED79
:10629000007A7B68D3F80C3104332F4A12681A60F5
:1062A0002A4BD3ED007A7B68D3F80C310833F1EE3A
:1062B000677AC3ED007A7B68D3F80C310C33244A3B
:1062C00012681A607B68D3F80C311833204A1268C0
:1062D0001A607B68D3F80C311C331C4A12681A60B0
:1062E0007B68D3F80C3120331B4A12681A607B6834
:1062F000D3F80C312433174A12681A607B68D3F83C
:106300000C313033114A12681A60114BD3ED007A08
:106310007B68D3F80C313433F1EE677AC3ED007A41
:106320000C4BD3ED007A7B68D3F80C313833F1EEA7
:10633000677AC3ED007A7B68D3F80C313C33064AA8
:1063400012681A6000BF0837BD4680BD340C0020BB
:10635000380C00203C0C0020400C00209809002044
:10636000F0B585B000AF78607B6803F178027B6898
:1063700080331946104609F08FF903461A467B68A8
:1063800083F8C8207B68B3F878207B68A3F8A8203E
:106390007B68B3F85A207B68A3F8AA207B6803F1D6
:1063A00078007B6803F158017B68A8331A4609F02E
:1063B00089FA03461A467B6883F8C8207B68B3F8DD
:1063C000A8207B68A3F8B0207B68B3F882207B68A4
:1063D000A3F8B2207B6803F1A8007B6803F1800179
:1063E0007B68B0331A4609F06DFA03461A467B689B
:1063F00083F8C8207B68B3F890207B68A3F8A020BE
:106400007B68B3F892207B68A3F8A2207B6803F135
:10641000B0007B6803F190017B68A0331A4609F055
:1064200091FC03461A467B6883F8C8207B6803F119
:10643000A0027B68B0331946104609F053FB0346AF
:106440001A467B6883F8C8207B68D3F8EC301B6859
:10645000B54A13607B68D3F8EC305B68B34A1360CD
:106460007B68D3F8EC309B68B14A13607B68D3F843
:10647000EC30DB68AF4A13607B68B3F878207B6848
:10648000A3F8B8207B680122A3F8BA20A74B93EDAC
:10649000007AA84BD3ED007A27EE277AA24BD3EDF2
:1064A000006AA34BD3ED007A66EEA77A77EE677A9F
:1064B0007B68D3F82C3177EEA77AC3ED007A9A4B3C
:1064C00093ED007A994BD3ED007A27EE277A984B1B
:1064D000D3ED006A974BD3ED007A66EEA77A77EE9C
:1064E000277A7B68D3F82C31043377EEA77AC3ED93
:1064F000007A8D4B93ED007A8B4BD3ED007A27EE2B
:10650000277A8A4BD3ED006A884BD3ED007A66EE8A
:10651000A77A37EE677A864BD3ED006A844BD3EDCA
:10652000007A66EEA77A37EE677A824BD3ED006A7F
:10653000804BD3ED007A66EEA77A7B68D3F82C31D6
:10654000083377EE277AC3ED007A0023FB731BE054
:106550007B68D3F82C21FB7B9B001344D3ED007A9E
:10656000F0EEE77AFE7BB0EE670A09F075FEF0EE1A
:10657000407A714A06F160039B0013440433C3ED73
:10658000007AFB7B0133FB73FB7B022BE0D97B683A
:10659000B3F848207B68A3F8C0207B680122A3F8E9
:1065A000C2207B6803F148007B6803F1B8017B6877
:1065B000C0331A4609F01AF903461A467B6883F875
:1065C000C8207B68B3F8C0207B68A3F8A8207B684C
:1065D0000122A3F8AA207B6803F1B0007B6803F1D5
:1065E000C0017B68A8331A4609F06CF903461A46C5
:1065F0007B6883F8C8207B680122A3F8B8207B68F9
:10660000B3F8C0207B68A3F8BA207B6803F1C0020E
:106610007B68B8331946104609F03EF803461A461F
:106620007B6883F8C8207B6803F1B8007B68A833D7
:10663000424A194609F046F903461A467B6883F830
:10664000C8203D4B93ED727A3B4BD3ED737AF6EE57
:10665000006A67EEA67AB4EEE77AF1EE10FA03D597
:10666000354B012283F83821334B93ED727A324B4C
:10667000D3ED737AB4EEE77AF1EE10FA62DD2E4BC9
:1066800093F83831002B5DD02B4B93F83931002B28
:1066900009D0294BD3E95023541C43F10005264B64
:1066A000C3E9504506E024494FF000024FF00003D3
:1066B000C1E95023204BD3E95023332A73F100035F
:1066C00008D31D4B002283F838217B68002283F811
:1066D0002C2070E07B68D3F8E8007B68D3F8EC10DE
:1066E000174B1B881A467B681B7B02FB03F31A4679
:1066F00009F0A4FD7B68D3F8F8007B68D3F8FC10A0
:106700000F4B1B881A467B681B7B02FB03F37A68DE
:10671000127B02FB03F31A4609F090FD7B6801220D
:1067200083F82C205AE100BF440C0020480C0020C4
:106730004C0C0020500C0020A0090020600B002011
:1067400098090020A74B93ED727AA64BD3ED737A8C
:10675000DFEDA56A67EEA67AB4EEE77AF1EE10FAFD
:1067600019DDA04B93F83831002B14D09D4B93EDDD
:10677000737A9C4BD3ED727A77EE676A994BD3EDBF
:10678000737A9FED9A7A27EE877AC6EE877A954BD1
:10679000C3ED677A04E0934B4FF07E52C3F89C211F
:1067A00090494FF000024FF00003C1E950237B688D
:1067B000002283F82C207B68B3F858207B68A3F86C
:1067C000A8207B68B3F882207B68A3F8AA207B68A6
:1067D00003F158007B6803F180017B68A8331A46F7
:1067E00009F070F803461A467B6883F8C8207B6876
:1067F00003F1A8007B6803F1B0017B6898331A4667
:1068000009F060F803461A467B6883F8C820002325
:10681000BB7317E07B68D3F81C21BB7B9B00134440
:1068200093ED007A6F4BD3ED677A7B68D3F81C2128
:10683000BB7B9B00134467EE277AC3ED007ABB7BDA
:106840000133BB73BA7B7B68B3F8983019467B6819
:10685000B3F89A3001FB03F39A42DBDB04237B732A
:1068600034E000233B732BE07B68D3F81C117A7B68
:1068700013465B001A443B7B13449B000B4493ED8F
:10688000007A7B7B043B574A60339B0013440433FC
:10689000D3ED006A9FED566AC6EE867A7B68D3F820
:1068A0001C117A7B13465B001A443B7B13449B000C
:1068B0000B4467EE277AC3ED007A3B7B01333B73D1
:1068C0003B7B022BD0D97B7B01337B737B7B052BFE
:1068D000C7D97B68B3F898207B68A3F8B8207B6899
:1068E0000122A3F8BA207B6803F198007B6803F1CA
:1068F000C0017B68B8331A4608F0E4FF03461A4625
:106900007B6883F8C820374B93F83831002B4ED082
:106910000423FB7248E07B68D3F8BC20FB7A9B0021
:10692000134493ED007A2F4BD3ED6F7ADFED316A8C
:1069300067EEA67AB4EEE77AF1EE10FA0EDD294B97
:10694000D3ED6F7A7B68D3F8BC20FB7A9B001344AD
:106950009FED287A67EE877AC3ED007A7B68D3F8DB
:10696000BC20FB7A9B00134493ED007A1D4BD3EDC2
:106970006F7ADFED216A67EEA67AB4EEE77AF1EE80
:1069800010FA0ED5174BD3ED6F7A7B68D3F8BC2085
:10699000FB7A9B0013449FED187A67EE877AC3ED6C
:1069A000007AFB7A0133FB72FB7A052BB3D97B6843
:1069B000D3F8BC300C334FF000021A607B6803F14F
:1069C00038007B6803F1B8017B6830331A4609F060
:1069D000B9F903461A467B6883F8C8201437BD46C8
:1069E000F0BD00BFA0090020CDCCCC3D6666663F5F
:1069F000DA0FC93F0AD7233C0AD723BC80B582B03F
:106A000000AF78607B68D3F8F830902219460B48C5
:106A100009F014FC7B68D3F81C3148221946084859
:106A200009F00CFC7B68D3F80C3148221946054864
:106A300009F004FC00BF0837BD4680BDB40100204A
:106A4000800B0020C80B002080B487B000AF87ED1A
:106A5000010AD7ED017AB6EE007A67EE877AC7EDC4
:106A6000057A7B683B6107F110031B68FB60FB68DC
:106A70005A10124B9B1AFB6007F10C031B683B6119
:106A800097ED047AD7ED057A27EE277AD7ED047AC9
:106A900067EE277AB7EE087A37EE677AD7ED047A91
:106AA00067EE277AC7ED047A3B6907EE903AB0EEBD
:106AB000670A1C37BD465DF8047B7047865A375F0E
:106AC00080B487B000AF87ED010AD7ED017AF5EE0B
:106AD000C07AF1EE10FA02D84FF000033CE097EDD7
:106AE000017AF0EE006AC7EE267AC7ED057AD7ED97
:106AF000017A9FED1E7A67EE877AC7ED047AD7EDAB
:106B0000057A27EEA77AD7ED017A77EE677AC7ED97
:106B1000037AD7ED057A37EEA77AD7ED036AC6EE8A
:106B2000877A97ED057A77EE677AC7ED057A97ED64
:106B3000037AD7ED047AB4EEE77AF1EE10FADEDCF0
:106B4000D7ED047AF1EE677A97ED037AB4EEE77A3F
:106B5000F1EE10FAD3D47B6907EE903AB0EE670AF3
:106B60001C37BD465DF8047B704700BF6F12833A47
:106B700080B584B000AF78607B6893ED007A7B6865
:106B8000D3ED007A27EE277A7B680433D3ED006AD1
:106B90007B680433D3ED007A66EEA77A37EE277A66
:106BA0007B680833D3ED006A7B680833D3ED007A45
:106BB00066EEA77A77EE277AB0EE670AFFF780FFD6
:106BC00087ED030A7B68D3ED006A97ED037AC6EE82
:106BD000877A7B68C3ED007A7B680433D3ED006A63
:106BE0007B68043397ED037AC6EE877AC3ED007AAB
:106BF0007B680833D3ED006A7B68083397ED037A2E
:106C0000C6EE877AC3ED007A7B6818461037BD461A
:106C100080BD80B485B000AFF860B9607A60FB6871
:106C2000043393ED007ABB680833D3ED007A27EE86
:106C3000277AFB680833D3ED006ABB680433D3EDD1
:106C4000007A66EEA77A77EE677A7B68C3ED007A02
:106C5000FB68083393ED007ABB68D3ED007A27EE2A
:106C6000277AFB68D3ED006ABB680833D3ED007A5E
:106C700066EEA77A7B68043377EE677AC3ED007A15
:106C8000FB6893ED007ABB680433D3ED007A27EEFE
:106C9000277AFB680433D3ED006ABB68D3ED007A32
:106CA00066EEA77A7B68083377EE677AC3ED007AE1
:106CB00000BF1437BD465DF8047B704780B483B0D5
:106CC00000AF786039607B6893ED007A3B68D3ED64
:106CD000007A27EE277A7B680433D3ED006A3B689D
:106CE0000433D3ED007A66EEA77A37EE277A7B6815
:106CF0000833D3ED006A3B680833D3ED007A66EEC3
:106D0000A77A77EE277AB0EE670A0C37BD465DF8B2
:106D1000047B704780B584B000AF78600B46FB7091
:106D20007B689B68FB60FB685A1C7B685B689A42C7
:106D30000ED87B681A68FB681344FA781A70FB68EF
:106D40005A1C7B689A607B68DB685A1C7B68DA6037
:106D50007B689A687B685B689A4215D17B68186982
:106D60007B6819687B689B681A4600F0C3FC024682
:106D70007B689B689A4204D07B684FF0FF32DA60F0
:106D800002E07B6800229A6000BF1037BD4680BDDC
:106D900080B58AB000AFF860B9607A603B60BB68CC
:106DA0003B6201237B620123FB6107E03A6A7B6857
:106DB000B2FBF3F33B62FB690133FB613A6A7B6828
:106DC0009A42F3D23A68FB699A4201D93B68FB6167
:106DD0007B6B03F00103002B25D13B6B002B22D0F2
:106DE0007B6B03F00203002B05D03B68002B02D124
:106DF0003023FB7601E02023FB760BE03B6B013B6D
:106E00003B63FB7E1946F868FFF784FFFB68DB688D
:106E1000002B07DB3B6B002B05D0FA693B6B9A42DA
:106E2000ECD300E000BFFB68DB68002B55DB3B6860
:106E3000012B03D93B68013B3B6009E0BA687B6AE0
:106E4000B2FBF3F37B617A697B689A4200D205E07A
:106E50007B6A7A6802FB03F37B62E8E7BA687B6AC5
:106E6000B2FBF3F37B617B697A6A02FB03F3BA68D6
:106E7000D31ABB601B4A7B6913441B781946F86818
:106E8000FFF748FFFB68DB68002B08DB7A6A7B684A
:106E9000B2FBF3F37B627B6A002BDFD100E000BF23
:106EA0007B6B03F00103002B17D03B6B002B14D03E
:106EB0000AE03B6B013B3B632021F868FFF72AFFA8
:106EC000FB68DB68002B07DB3B6B002B05D0FA6906
:106ED0003B6B9A42EDD300E000BF00BF2837BD46B0
:106EE00080BD00BFC81A010880B588B002AFF86045
:106EF000B9607A603B60BB68002BB8BF5B423B6106
:106F000001237B6107E07B683A6992FBF3F33B6105
:106F10007B6901337B617B683A699A42F3DA3A68AC
:106F20007B699A4201D93B687B613B6A002B0AD09E
:106F3000BB68002B04DB7B6A03F00403002B02D048
:106F40003B6A013B3B627B6A03F00203002B02D0E9
:106F50003B68002B1CD07B6A03F00103002B17D188
:106F60003B6A002B14D00AE03B6A013B3B622021C4
:106F7000F868FFF7CFFEFB68DB68002B07DB3B6A96
:106F8000002B05D07A693B6A9A42EDD300E000BF3E
:106F9000FB68DB68002B4ADBBB68002B07DABB68A9
:106FA0005B42BB602D21F868FFF7B4FE08E07B6A06
:106FB00003F00403002B03D02B21F868FFF7AAFE8F
:106FC000FB68DB68002B32DB7B6A03F00203002BDB
:106FD0001FD07B6A03F00103002B1AD13B68002B02
:106FE00017D13B6A002B14D00AE03B6A013B3B629D
:106FF0003021F868FFF78EFEFB68DB68002B07DBAB
:107000003B6A002B05D07A693B6A9A42EDD300E0D7
:1070100000BFFB68DB68002B09DBB9687B6A019362
:107020003B6A00933B687A68F868FFF7B1FE00BFDF
:107030001837BD4680BD000080B5A2B002AFF86031
:10704000B9607A6007F110033B6540237B6500233C
:10705000BB65FB683B660023FB65BB681B7887F854
:107060007F30BB680133BB6097F87F30002B00F0A6
:107070009F8197F87F30252B40F08D8100233B675F
:107080000123BB67BB681B7887F87F3097F87F3098
:10709000233B0D2B3ED801A252F823F005710008C6
:1070A00015710008157100081571000815710008A8
:1070B000157100081571000815710008F5700008B9
:1070C00015710008D57000081571000815710008C9
:1070D000E57000083B6F43F001033B67BB68013379
:1070E000BB601AE03B6F43F002033B67BB680133B0
:1070F000BB6012E03B6F43F004033B67BB680133A6
:10710000BB600AE03B6F43F008033B67BB68013399
:10711000BB6002E00023BB6700BFBB6F002BB1D197
:107120000023FB66BB681B7887F87F3097F87F30B9
:107130002F2B12D997F87F30392B0ED8BB6801332B
:10714000BB60FA6E13469B0013445B001A4697F827
:107150007F301344303BFB66E4E700237B67BB686A
:107160001B7887F87F3097F87F302E2B1DD1BB68B6
:107170000133BB60BB681B7887F87F3097F87F309E
:107180002F2B12D997F87F30392B0ED8BB680133DB
:10719000BB607A6F13469B0013445B001A4697F856
:1071A0007F301344303B7B67E4E7BB681B7887F88C
:1071B0007F3097F87F306C2B03D097F87F30682BA7
:1071C00007D1BB680133BB60BB681B7887F87F3091
:1071D000EFE797F87F30252B00F0D180252BC0F208
:1071E000D580782B00F3D280582BC0F2CF80583B4B
:1071F000202B00F2CB8001A252F823F0F37200089A
:107200008D7300088D7300088D7300088D7300085E
:107210008D7300088D7300088D7300088D7300084E
:107220008D7300088D73000881720008A772000832
:107230008D7300088D7300088D7300088D7300082E
:107240008D7300088D7300088D7300088D7300081E
:107250008D7300088D7300088D7300085973000842
:107260008D7300088D730008197300088D73000872
:10727000CD7200088D7300088D730008F37200084A
:107280007B681B68191D7A6811601B68BB67BB6F40
:1072900087F8673097F8672007F1500311461846C2
:1072A000FFF738FD73E07B681B68191D7A68116071
:1072B0001B68BB6707F150003B6F0193FB6E0093A7
:1072C0007B6F0A22B96FFFF70FFE60E07B681B68D7
:1072D000191D7A6811601B68BB67B96F07F1500010
:1072E0003B6F0193FB6E00937B6F0A22FFF750FD0B
:1072F0004DE07B681B68191D7A6811601B68BB67CD
:10730000B96F07F150003B6F0193FB6E00937B6FE9
:107310001022FFF73DFD3AE07B681B68191D7A6873
:1073200011601B68BB66BB6E1B7887F87F30BB6E35
:107330000133BB6697F87F30002B0BD097F87F2086
:1073400007F1500311461846FFF7E4FCFB6D002BD4
:10735000E9DA1CE000BF1AE07B681B68191D7A6837
:1073600011601B68BB67B96F07F1500000230193E0
:107370000823009308231022FFF70AFD07E007F116
:10738000500325211846FFF7C5FC00E000BFBB688D
:107390000133BB6007E097F87F2007F150031146E7
:1073A0001846FFF7B7FCFB6D002BBFF656AE00E0AA
:1073B00000BFFB6D002B0DDDBB6D002B06D0BA6D41
:1073C00007F110031946F86800F094F9FB6DBA6DE7
:1073D0001344FB65FB6D18468037BD4680BD00BF7A
:1073E0000EB480B585B000AF786007F12003BB60B4
:1073F00007F108031A46F9697868FFF71DFEF8607F
:10740000FB6818461437BD46BDE8804003B070479E
:1074100080B582B000AF264B3B60A82200213868BF
:10742000F9F73EFB3B6803221A613B6803225A616D
:107430003B68204A9A613B681F4ADA613B684FF417
:1074400080621A623B6800229A623B6800225A629C
:107450003B680022DA623B68164A1A663B68174AA4
:107460005A663B6810229A663B6800221A673B689E
:107470000022DA663B6800225A67BFF35F8F002361
:107480007B600CE07B68C3F10F030D4AD15C3A6866
:107490007B6813440A461A707B6801337B607B6803
:1074A0000F2BEFD9BFF35F8F00BF0837BD4680BDFC
:1074B000540C002054190108FC0C0020FC10002082
:1074C000D81A010880B58AB000AFF860B9607A6058
:1074D00000233B62FB68DB68FB61FB681B69BB61E7
:1074E000BA69FB699A4205D9BA69FB69D31A013BAB
:1074F0007B6207E0FB689A68B969FB69CB1A1344A1
:10750000013B7B62FB689A68FB69D31A7A6A9342F3
:1075100028BF13467B627A6A7B68934228BF134672
:107520007B62FB685A68FB6913447B617A6AB968BD
:10753000786908F083FE3A6A7B6A13443B62BA6852
:107540007B6A1344BB607A687B6AD31A7B60FA69F2
:107550007B6A1344FB61FB689B68FA699A4201D11C
:107560000023FB61BFF35F8FFB68FA69DA607B6819
:10757000002BB2D13B6A18462837BD4680BD80B586
:1075800088B000AFF860B9607A60FB68DB68FB61C7
:10759000FB689A68FB69D31ABB61BA697B689A4237
:1075A00011D9FB685A68FB6913443B617A68B96872
:1075B000386908F043FEBFF35F8FFA697B681A44AD
:1075C000FB68DA601FE0BB697B61FB685A68FB6996
:1075D00013443B617A69B968386908F02FFE7A680C
:1075E000BB69D31A7B61FB685B683B61BA68BB69A6
:1075F00013447A691946386908F020FEBFF35F8F9B
:10760000FB687A69DA6000BF2037BD4680BD80B470
:1076100087B000AF78607B681B693B617B68DB6883
:10762000FB603A69FB689A4208D87B689A68FB68F5
:10763000D21A3B691344013B7B6104E03A69FB6861
:10764000D31A013B7B617B6918461C37BD465DF848
:10765000047B704780B588B000AFF860B9607A608D
:10766000BB68BB61FB685A1C13465B001344DB001C
:107670001F4A13447B617B695B69022B29D0022B73
:107680002ED8002B02D0012B13D029E07869FFF708
:10769000BEFF38613A697B689A4202D20023FB61DF
:1076A00021E07B68FB617A68B9697869FFF767FF59
:1076B00019E07869FFF7ABFF38617A683B6993425C
:1076C00028BF1346FB61FA69B9697869FFF757FF6C
:1076D00009E07A68B9697869FFF7F4FEF86102E0B9
:1076E0000023FB6100BFFB6918462037BD4680BD03
:1076F000540C002080B588B000AFF860B9607A60A3
:107700000E4BFB61FB691B78DBB2002B01D1FFF74D
:107710007FFEEFF311834FF0200181F31188BB61ED
:107720007A68B968F868FFF795FF7861BB6983F3F9
:1077300011887B6918462037BD4680BD540C002057
:10774000B0B596B000AF1D4B07F13C041D460FCD00
:107750000FC495E8070084E8070007F13C03002107
:10776000184607F0D6FA0346154A1360154B07F181
:1077700020041D460FCD0FC495E8070084E80700DC
:1077800007F120030021184607F0C3FA03460E4A0A
:1077900013600E4B3C1D1D460FCD0FC495E807002E
:1077A00084E807003B1D0021184607F0B2FA0346A3
:1077B000074A136000BF5837BD46B0BD68190108BD
:1077C0000C1100209019010810110020B8190108AF
:1077D0001411002080B582B000AF7860FCF70EF97C
:1077E000FCF772F9012007F0E0FA00BFF8E780B576
:1077F00082B000AF786000F021F80A2007F0D5FAD7
:1078000000BFF8E780B582B000AF7860F9F7A2FD5D
:107810000A2007F0CAFA00BFF8E780B500AF72B6D9
:1078200000BFA820F9F756FA00F032F900F010F87E
:10783000FFF786FF62B600BF00BF80BD80B500AF16
:1078400000F024FA00F094F8FAF764FA00BF80BD63
:1078500080B5B4B000AF07F1680368220021184674
:10786000F9F71EF9354BBB66354B3B67354B7B67EC
:10787000354BFB674FF08043C7F89030314BC7F86A
:107880009C30314BC7F8A4300423C7F8B8304FF40C
:107890008053A7F8BC304FF40053A7F8BE30012343
:1078A00087F8C030294BC7F8C430294BC7F8C83017
:1078B000284BC7F8CC303B46682200211846F9F720
:1078C000EFF81E4B3B601E4BBB60234BFB601E4B17
:1078D0007B614FF08043BB62204B7B631A4BFB63A1
:1078E00008233B654FF40043A7F854304FF480431E
:1078F000A7F85630012387F85830144BFB65144B1A
:107900003B66144B7B6607F168031846FAF746F9A5
:107910000346134A13603B461846FAF73FF90346FD
:10792000104A13600C211048FAF72EFD03460F4A47
:10793000136000BFD037BD4680BD00BF000070425D
:107940000000604000803B4600803B45A8150020B9
:10795000F0150020000402400000C8420000FA4474
:10796000181100201C110020D4190108201100203A
:10797000B0B500AF3F4B1B683F491846FAF74CFDC6
:10798000FAF77CF93C4B1B681846F8F765FD4FF099
:1079900000023A4BF8F7B8FD02460B4614461D4666
:1079A000354B9B681846F8F757FD4FF00002334BF4
:1079B000F8F7AAFD02460B4620462946F8F7EEFBEB
:1079C00002460B46104619464FF000022C4BF8F7C2
:1079D0009BFD02460B46104619464FF00002294B0C
:1079E000F8F7BCFE02460B4627490C6810461946BC
:1079F000F8F79CFF0346C4F8D0301F4B1B681846AD
:107A0000F8F72AFD4FF000021C4BF8F77DFD024607
:107A10000B4614461D46184B9B681846F8F71CFD8C
:107A20004FF00002154BF8F76FFD02460B4620465B
:107A30002946F8F7B1FB02460B46104619464FF0AF
:107A400000020F4BF8F760FD02460B461046194640
:107A50004FF000020B4BF8F781FE02460B460B4934
:107A60000C6810461946F8F761FF0346C4F8D03099
:107A700000BFB0BD20110020241100200000E03F15
:107A800000409F4000A08440181100201C110020DD
:107A900080B58AB000AFFBF7B1FF0346174A136009
:107AA0001748FAF7C5FB0346164A13601648FAF75B
:107AB00069FD0346154A13603B46282200211846FB
:107AC000F8F7EEFF124B3B60124BBB60124BFB60B2
:107AD000124B3B61124B7B61124B7B623B4619465A
:107AE0001148F9F7BBFE0C211048FAF7FFFB0346DB
:107AF0000F4A136000BF2837BD4680BD30110020FB
:107B00003816002034110020801600204811002073
:107B1000000020410000A04000002544CDCCCC3D19
:107B20000000C8426F12833A4C110020DC19010892
:107B30003811002080B500AF3E4B1B689B7A022BAA
:107B400004D03C4B1B689B7A012B49D13A4B1B68F4
:107B500003334FF000021A60374B1B6807334FF0B6
:107B600000021A60344B1B680B334FF000021A609E
:107B7000304B1B68B3F9023007EE903AF8EEE77A23
:107B80002E4BC3ED007A2B4B1B68B3F900302C4A07
:107B900082FB0312D211DB17D31A1BB207EE903A05
:107BA000B8EEE77A274BD3ED007A77EE277A254BAC
:107BB000C3ED007A244B1B68D3ED097A214B93ED7A
:107BC000007AF0EE470AB0EE670A2048F9F75EFE49
:107BD000F0EE407AF1EE677A184BC3ED027A27E0B7
:107BE000154B1B68D3F80330DFED197A07EE103A16
:107BF00067EE277A114BC3ED007A0F4B1B68D3F861
:107C00000730DFED137A07EE103A67EE277A0B4B59
:107C1000C3ED017A084B1B68D3F80B30DFED0C7A0B
:107C200007EE103A67EE277A044BC3ED027A00BFE5
:107C300000BF80BD34110020481100203C110020FD
:107C4000E1830F3EB0110020301100204C110020C4
:107C50000000254480B400AF0A4B1B68DB7A022B7E
:107C60000BD1094B4FF000021A60074B4FF0000296
:107C70005A60054B4FF000029A6000BFBD465DF8A8
:107C8000047B7047341100203C11002080B500AF08
:107C9000FFF750FFFFF7DEFF034B1B680349184651
:107CA000FAF7E6FB00BF80BD381100203C11002030
:107CB00080B500AF03F09EFB00F01EF800F0A0F8C6
:107CC00000F0E4FA00F068FD00F096FE00F0C0FE5F
:107CD00000F0BAFC00F05EFB00F0BEF900F0F2F933
:107CE00000F022FB00F0A6FBFFF797FD00F090F9F3
:107CF00007F008F800BFFDE780B594B000AF07F1CA
:107D00002003302200211846F8F7CAFE07F10C03C1
:107D100000221A605A609A60DA601A610023BB6020
:107D2000294B1B6C284A43F080531364264B1B6C71
:107D300003F08053BB60BB6800237B60234B1B6850
:107D4000224A43F480431360204B1B6803F48043B2
:107D50007B607B6809233B624FF480337B620123A5
:107D60007B630223BB634FF48003FB6306233B6406
:107D7000A8237B640223BB640723FB6407F1200371
:107D8000184601F079FD0346002B01D000F032F8CF
:107D90000F23FB6002233B6100237B614FF4A05360
:107DA000BB614FF48053FB6107F10C0305211846BA
:107DB00001F0DAFF0346002B01D000F01BF800BFF2
:107DC0005037BD4680BD00BF003802400070004003
:107DD00080B582B000AF78607B681B68044A93422C
:107DE00001D103F029FB00BF0837BD4680BD00BFAD
:107DF0000020004080B400AF72B600BF00BFFDE7B6
:107E000080B58CB000AF07F11C0300221A605A60E5
:107E10009A60DA601A610023BB616B4B1B6B6A4A84
:107E200043F002031363684B1B6B03F00203BB6157
:107E3000BB6900237B61644B1B6B634A43F04003C7
:107E40001363614B1B6B03F040037B617B69002371
:107E50003B615D4B1B6B5C4A43F0010313635A4B60
:107E60001B6B03F001033B613B690023FB60564B36
:107E70001B6B554A43F004031363534B1B6B03F016
:107E80000403FB60FB680023BB604F4B1B6B4E4A37
:107E900043F4807313634C4B1B6B03F48073BB6020
:107EA000BB6800237B60484B1B6B474A43F0800351
:107EB0001363454B1B6B03F080037B607B680022E0
:107EC0004021424802F074FD01221021404802F096
:107ED0006FFD00224FF470413E4802F069FD01221F
:107EE00001213C4802F064FD4023FB6101233B6219
:107EF00000237B620023BB6207F11C031946334851
:107F000002F0BAFB0823FB614FF404133B62012328
:107F10007B6207F11C0319462C4802F0ADFB1023CD
:107F2000FB6101233B6201237B620223BB6207F1F9
:107F30001C031946264802F09FFB3023FB614FF4D7
:107F400004133B6200237B6207F11C03194622489D
:107F500002F092FB4FF47043FB6101233B6200236C
:107F60007B620023BB6207F11C031946194802F02B
:107F700083FB0123FB6101233B6201237B6202231C
:107F8000BB6207F11C031946124802F075FB002280
:107F90000521092003F004FA092003F01DFA00224C
:107FA00005210A2003F0FCF90A2003F015FA00224B
:107FB0000521172003F0F4F9172003F00DFA00BF94
:107FC0003037BD4680BD00BF003802400018024077
:107FD00000000240000402400008024080B485B066
:107FE00000AFF860B9607A60FB68074A1A60BB6846
:107FF000064A1A607B6880221A6000BF1437BD46AB
:108000005DF8047B704700BFB81100200C120020FF
:10801000B0B588B000AF0A4B3C1D1D460FCD0FC454
:1080200095E8070084E807003B1D0021184606F08C
:1080300070FE0346034A136000BF2037BD46B0BD43
:10804000F0190108B411002080B582B000AF78604B
:10805000012006F0AAFEFBE780B500AF174B184AD7
:108060001A60164B03225A60144B00229A60134B7D
:108070000022DA60114B4FF410221A610F4B4FF4BB
:1080800000125A610D4B00221A760C4B00225A76D0
:108090000A4B00229A76094B0022DA76074B00221F
:1080A0001A77064B00225A77044800F07BFF0346FC
:1080B000002B01D0FFF79EFE00BF80BD0C140020F6
:1080C0000064004080B500AF174B184A1A60164B89
:1080D00003225A60144B00229A60134B0022DA608C
:1080E000114B4FF410221A610F4B4FF400125A61DA
:1080F0000D4B00221A760C4B00225A760A4B0022B6
:108100009A76094B0022DA76074B00221A77064B43
:1081100000225A77044800F045FF0346002B01D0A7
:10812000FFF768FE00BF80BD3414002000680040E7
:1081300080B58CB000AF786007F11C0300221A6094
:108140005A609A60DA601A617B681B684A4A9342F7
:1081500046D14A4B1B680133484A1360474B1B68A2
:10816000012B0DD10023BB61454B1B6C444A43F0EE
:1081700000731364424B1B6C03F00073BB61BB695B
:1081800000237B613E4B1B6B3D4A43F002031363AC
:108190003B4B1B6B03F002037B617B694FF4407325
:1081A000FB6102233B6200237B620323BB62092342
:1081B000FB6207F11C031946324802F05DFA002207
:1081C0000521142003F0ECF8142003F005F9002237
:1081D0000521152003F0E4F8152003F0FDF847E031
:1081E0007B681B68284A934242D100233B61244BA1
:1081F0001B6C234A43F080631364214B1B6C03F018
:1082000080633B613B691D4B1B6801331B4A136054
:108210001A4B1B68012B0DD10023FB60184B1B6C04
:10822000174A43F000731364154B1B6C03F0007383
:10823000FB60FB680023BB60114B1B6B104A43F0D3
:10824000020313630E4B1B6B03F00203BB60BB689E
:108250006023FB6102233B6200237B620323BB623A
:108260000923FB6207F11C031946064802F004FAD1
:1082700000BF3037BD4680BD006400405C14002064
:1082800000380240000402400068004080B582B01F
:1082900000AF00237B60234B1B6B224A43F4800317
:1082A0001363204B1B6B03F480037B607B6800230C
:1082B0003B601C4B1B6B1B4A43F400131363194BAD
:1082C0001B6B03F400133B603B68002205210C206C
:1082D00003F066F80C2003F07FF800220521382017
:1082E00003F05EF8382003F077F8002205213920EA
:1082F00003F056F8392003F06FF8002205213B20E7
:1083000003F04EF83B2003F067F8002205214520DA
:1083100003F046F8452003F05FF800BF0837BD467C
:1083200080BD00BF0038024080B500AF064B074A51
:108330001A60054803F0A0F80346002B01D0FFF7B0
:1083400059FD00BF80BD00BF60140020000806502A
:1083500080B485B000AF78607B681B680B4A93429D
:108360000DD10023FB600A4B5B6B094A43F04003CD
:108370005363074B5B6B03F04003FB60FB6800BF7C
:108380001437BD465DF8047B704700BF00080650F7
:108390000038024080B500AF0F4B104A1A600E4BF8
:1083A00000225A600C4B7C229A600B4B40F67F42B5
:1083B000DA60094B00221A61074B00225A61064B12
:1083C00000229A61044803F081F80346002B01D093
:1083D000FFF710FD00BF80BD701400200028004092
:1083E00080B586B000AF786007F1080300221A60FC
:1083F0005A609A60DA607B681B680C4A934211D11C
:108400000223BB604FF400737B6107F10803184639
:1084100001F0BCFE0346002B01D0FFF7EBFC044B40
:1084200001221A6000BF1837BD4680BD00280040F9
:108430003C0E474280B500AF174B184A1A60164BE6
:108440004FF482725A60144B00229A60124B002241
:10845000DA60114B02221A610F4B01225A610E4B56
:108460004FF400729A610C4B1022DA610A4B002221
:108470001A62094B00225A62074B00229A62064B8D
:108480000A22DA62044803F027F90346002B01D0E0
:10849000FFF7B0FC00BF80BD901400200030014009
:1084A00080B58AB000AF786007F1140300221A602B
:1084B0005A609A60DA601A617B681B685A4A934274
:1084C00040F0AE8000233B61584B5B6C574A43F44D
:1084D00080535364554B5B6C03F480533B613B69A1
:1084E0000023FB60514B1B6B504A43F002031363A4
:1084F0004E4B1B6B03F00203FB60FB680023BB6069
:108500004A4B1B6B494A43F001031363474B1B6BF8
:1085100003F00103BB60BB6818237B610223BB61CE
:108520000023FB6103233B6205237B6207F11403F5
:1085300019463F4802F0A0F880237B610223BB610B
:108540000023FB6103233B6205237B6207F11403D5
:108550001946384802F090F8374B384A1A60364BC3
:108560004FF0C0625A60344B00229A60324B0022B6
:10857000DA60314B4FF480621A612F4B00225A614E
:108580002D4B00229A612C4B0022DA612A4B0022EB
:108590001A62294B00225A62274802F047FA034622
:1085A000002B01D0FFF726FC7B68234ADA64224ABD
:1085B0007B689363224B234A1A60214B4FF0C062C1
:1085C0005A601F4B40229A601D4B0022DA601C4B00
:1085D0004FF480621A611A4B00225A61184B002234
:1085E0009A61174B0022DA61154B00221A62144B74
:1085F00000225A62124802F019FA0346002B01D0F9
:10860000FFF7F8FB7B680E4A9A640D4A7B68936318
:1086100000220521232002F0C3FE232002F0DCFE0D
:1086200000BF2837BD4680BD003001400038024001
:108630000004024000000240E814002010640240E0
:10864000481500205864024080B592B000AF07F191
:10865000400300221A605A6007F1240300221A60C6
:108660005A609A60DA601A615A619A613B1D202251
:1086700000211846F8F714FA454B464A1A60444B55
:10868000A7225A60424B00229A60414B44F61F6277
:10869000DA603F4B00221A613D4B00225A613C4B8D
:1086A00000229A613A4803F00DFD0346002B01D0E9
:1086B000FFF7A0FB00233B6400237B6407F140032A
:1086C0001946334804F000FB0346002B01D0FFF7A6
:1086D00091FB60237B620023BB620023FB620023CB
:1086E0003B6300237B630023BB630023FB6307F131
:1086F000240300221946264803F07AFF0346002B84
:1087000001D0FFF777FB07F1240304221946204824
:1087100003F06EFF0346002B01D0FFF76BFB07F160
:108720002403082219461A4803F062FF0346002B6F
:1087300001D0FFF75FFB07F124030C221946144810
:1087400003F056FF0346002B01D0FFF753FB002335
:108750007B600023BB600023FB6000233B610023A0
:108760007B614FF40053BB6100233B623B1D194604
:10877000074804F025FB0346002B01D0FFF73AFB26
:10878000034800F0D7F800BF4837BD4680BD00BFA2
:10879000A81500200000014080B592B000AF07F19D
:1087A000400300221A605A6007F1240300221A6075
:1087B0005A609A60DA601A615A619A613B1D202200
:1087C00000211846F8F76CF9394B3A4A1A60384BD1
:1087D000A7225A60364B00229A60354B40F2CF7286
:1087E000DA60334B00221A61314B00225A61304B60
:1087F00000229A612E4803F065FC0346002B01D04D
:10880000FFF7F8FA00233B6400237B6407F1400381
:108810001946274804F058FA0346002B01D0FFF709
:10882000E9FA60237B620023BB620023FB62002322
:108830003B6300237B630023BB630023FB6307F1DF
:108840002403042219461A4803F0D2FE0346002BE3
:1088500001D0FFF7CFFA07F1240308221946144884
:1088600003F0C6FE0346002B01D0FFF7C3FA002336
:108870007B600023BB600023FB6000233B6100237F
:108880007B614FF40053BB6100233B623B1D1946E3
:10889000074804F095FA0346002B01D0FFF7AAFA27
:1088A000034800F047F800BF4837BD4680BD00BF11
:1088B000F01500200004014080B584B000AF78605E
:1088C0007B681B68184A93420ED10023FB60174B4C
:1088D0005B6C164A43F001035364144B5B6C03F06A
:1088E0000103FB60FB681AE07B681B68104A934237
:1088F00015D10023BB600D4B5B6C0C4A43F00203A7
:1089000053640A4B5B6C03F00203BB60BB6800223C
:1089100005212D2002F044FD2D2002F05DFD00BF59
:108920001037BD4680BD00BF000001400038024046
:108930000004014080B58AB000AF786007F11403ED
:1089400000221A605A609A60DA601A617B681B68BC
:10895000244A93421FD100233B61234B1B6B224AC5
:1089600043F001031363204B1B6B03F001033B61D6
:108970003B694FF470637B610223BB610023FB61A1
:1089800000233B6201237B6207F114031946174859
:1089900001F072FE22E07B681B68154A93421DD1EC
:1089A0000023FB60104B1B6B0F4A43F4807313636F
:1089B0000D4B1B6B03F48073FB60FB68C0237B6172
:1089C0000223BB610023FB6100233B6203237B6224
:1089D00007F114031946074801F04EFE00BF28377F
:1089E000BD4680BD0000014000380240000002404A
:1089F000000401400020024080B500AF114B124A34
:108A00001A60104B114A5A600E4B4FF480529A6014
:108A10000C4B0022DA600B4B4FF480621A61094B59
:108A20000C225A61074B00229A61064B0022DA6140
:108A3000044804F02BFA0346002B01D0FFF7DAF9C3
:108A400000BF80BD3816002000480040A08601000D
:108A500080B500AF114B124A1A60104B4FF4E1324F
:108A60005A600E4B00229A600C4B0022DA600B4BCE
:108A700000221A61094B0C225A61084B00229A61AC
:108A8000064B0022DA61054804F000FA0346002B89
:108A900001D0FFF7AFF900BF80BD00BF80160020F6
:108AA0000014014080B58CB000AF786007F11C0362
:108AB00000221A605A609A60DA601A617B681B684B
:108AC000804A934263D10023BB617F4B1B6C7E4A7B
:108AD00043F4802313647C4B1B6C03F48023BB6141
:108AE000BB6900237B61784B1B6B774A43F004031F
:108AF0001363754B1B6B03F004037B617B694FF4BD
:108B00004063FB6102233B6200237B620323BB6261
:108B10000723FB6207F11C0319466C4801F0ACFD0A
:108B20006B4B6C4A1A606A4B4FF000625A60684B9C
:108B300000229A60664B0022DA60654B4FF4806237
:108B40001A61634B00225A61614B00229A61604BAB
:108B50000022DA615E4B00221A625D4B00225A62EB
:108B60005B4801F063FF0346002B01D0FFF742F999
:108B70007B68574ADA63564A7B6893630022052173
:108B8000272002F00DFC272002F026FC96E07B68EF
:108B90001B68514A934240F0918000233B614A4B4D
:108BA0005B6C494A43F020035364474B5B6C03F012
:108BB00020033B613B690023FB60434B1B6B424A34
:108BC00043F040031363404B1B6B03F04003FB6017
:108BD000FB684FF48443FB6102233B6200237B620A
:108BE0000323BB620823FB6207F11C0319463B48C1
:108BF00001F042FD3A4B3B4A1A60394B4FF020627C
:108C00005A60374B00229A60354B0022DA60344BB1
:108C10004FF480621A61324B00225A61304B0022BD
:108C20009A612F4B0022DA612D4B00221A622C4BE5
:108C300000225A622A4801F0F9FE0346002B01D0B7
:108C4000FFF7D8F87B68264ADA63254A7B68936386
:108C5000254B264A1A60244B4FF020625A60224B63
:108C600040229A60204B0022DA601F4B4FF4806252
:108C70001A611D4B00225A611B4B00229A611A4B4C
:108C80000022DA61184B00221A62174B00225A6246
:108C9000154801F0CBFE0346002B01D0FFF7AAF8E0
:108CA0007B68114A9A63104A7B689363002205210E
:108CB000472002F075FB472002F08EFB00BF3037E3
:108CC000BD4680BD00480040003802400008024018
:108CD000C81600202860024000140140001802401D
:108CE000281700202864024088170020A064024052
:108CF00080B400AF00BFFDE780B400AF00BFFDE768
:108D000080B400AF00BFFDE780B400AF00BFFDE757
:108D100080B400AF00BFFDE780B400AF00BFBD4628
:108D20005DF8047B704780B500AF01F011FB00BF18
:108D300080BD80B500AF082001F054FE00BF80BDAB
:108D400080B500AF102001F04DFE00BF80BD0000D7
:108D500080B500AF024802F001F800BF80BD00BF3F
:108D6000C816002080B500AF024800F060FB00BFCD
:108D700080BD00BF0C14002080B500AF024800F099
:108D800056FB00BF80BD00BF0C14002080B500AFB3
:108D9000202001F027FE00BF80BD000080B500AF9D
:108DA000024802F0CBFE00BF80BD00BF901400203F
:108DB00080B500AF024804F017F900BF80BD00BFC6
:108DC0003816002080B500AF034803F021FB0348AC
:108DD00003F01EFB00BF80BDF0150020E817002047
:108DE00080B500AF024801F0B9FF00BF80BD00BFF1
:108DF000E814002080B500AF024801F0AFFF00BFCB
:108E000080BD00BF2817002080B500AF024801F0E8
:108E1000A5FF00BF80BD00BF4815002080B500AF92
:108E2000024801F09BFF00BF80BD00BF88170020F3
:108E300080B500AF024804F0D7F800BF80BD00BF86
:108E40008016002080B582B000AF00237B60164BF7
:108E50005B6C154A43F480435364134B5B6C03F41F
:108E600080437B607B6800233B600F4B1B6C0E4A8A
:108E700043F0805313640C4B1B6C03F080533B6036
:108E80003B6800220F216FF0010002F089FA0022F6
:108E90000521042002F084FA042002F09DFA00BFAC
:108EA0000837BD4680BD00BF0038024080B58EB097
:108EB00000AF78600023FB620023BB620023FB60ED
:108EC000334B1B6C324A43F480731364304B1B6C7E
:108ED00003F48073FB60FB6807F1100207F11403D1
:108EE0001146184601F020F93B6AFB62FB6A002B31
:108EF00003D101F0F1F8786304E001F0EDF80346E6
:108F00005B007B637B6B234AA2FB03239B0C013B2F
:108F1000BB62214B214A1A601F4B40F2E732DA60F4
:108F20001D4ABB6A53601C4B00221A611A4B002277
:108F30009A60194B00229A61174802F0F9FF034624
:108F400087F8333097F83330002B1BD1124803F0E9
:108F500049F8034687F8333097F83330002B11D1A6
:108F60002D2002F039FA7B680F2B08D8002279688F
:108F70002D2002F015FA0A4A7B68136002E00123F3
:108F800087F8333097F8333018463837BD4680BD00
:108F90000038024083DE1B43E81700200020004019
:108FA0004402002080B584B000AF78607B68002B5D
:108FB00001D10123EDE07B6893F82030DBB2002B78
:108FC00002D17868FFF7B4F87B681B681A687B6881
:108FD0001B6842F001021A6002F042FAF86012E0E7
:108FE00002F03EFA0246FB68D31A0A2B0BD97B68C3
:108FF0005B6A43F400327B685A627B68052283F81F
:1090000020200123C5E07B681B685B6803F0010337
:10901000002BE5D07B681B681A687B681B6822F010
:1090200002021A6002F01CFAF86012E002F018FA6C
:109030000246FB68D31A0A2B0BD97B685B6A43F4A0
:1090400000327B685A627B68052283F82020012366
:109050009FE07B681B685B6803F00203002BE5D18F
:109060007B681B7E012B08D17B681B681A687B68B4
:109070001B6842F080021A6007E07B681B681A6870
:109080007B681B6822F080021A607B685B7E012B84
:1090900008D17B681B681A687B681B6842F0400235
:1090A0001A6007E07B681B681A687B681B6822F0FF
:1090B00040021A607B689B7E012B08D17B681B688D
:1090C0001A687B681B6842F020021A6007E07B6820
:1090D0001B681A687B681B6822F020021A607B6894
:1090E000DB7E012B08D17B681B681A687B681B68D4
:1090F00022F010021A6007E07B681B681A687B6820
:109100001B6842F010021A607B681B7F012B08D19C
:109110007B681B681A687B681B6842F008021A604B
:1091200007E07B681B681A687B681B6822F00802EE
:109130001A607B685B7F012B08D17B681B681A680B
:109140007B681B6842F004021A6007E07B681B68BA
:109150001A687B681B6822F004021A607B689A68B0
:109160007B68DB681A437B681B691A437B685B6911
:1091700042EA03017B685B685A1E7B681B680A43EE
:10918000DA617B6800225A627B68012283F8202022
:10919000002318461037BD4680BD80B487B000AFAD
:1091A000F860B9607A603B60FB6893F82030FB752B
:1091B000FB7D012B03D0FB7D022B40F00381BB68BC
:1091C000002B0ED1FB681B68DB6803F00303002B48
:1091D00016D1FB685B6A43F40012FB685A620123F4
:1091E000F7E0FB681B681B6903F00303002B07D142
:1091F000FB685B6A43F40012FB685A620123E8E0F3
:10920000FB681A68BB681B331B0113441B6803F01F
:1092100004027B689A607B689B68002B0CD1FB681A
:109220001A68BB681B331B0113441B685B0DC3F337
:109230000A027B681A600BE0FB681A68BB681B3384
:109240001B0113441B68DB0823F060427B685A60F3
:10925000FB681A68BB681B331B0113441B6803F0CF
:1092600002027B68DA60FB681A68BB681B331B016B
:10927000134404331B6803F00803002B03D07B68FE
:1092800008221A610BE0FB681A68BB681B331B01DC
:10929000134404331B6803F00F027B681A61FB68F8
:1092A0001A68BB681B331B01134404331B681B0A79
:1092B000DAB27B689A61FB681A68BB681B331B01D2
:1092C000134404331B681B0C9AB27B685A61FB6819
:1092D0001A68BB681B01134403F5DC731B68DAB220
:1092E0003B681A70FB681A68BB681B01134403F5DE
:1092F000DC731B681A0A3B680133D2B21A70FB6830
:109300001A68BB681B01134403F5DC731B681A0C55
:109310003B680233D2B21A70FB681A68BB681B0143
:10932000134403F5DC731B681A0E3B680333D2B297
:109330001A70FB681A68BB681B01134403F5DE73DF
:109340001A683B680433D2B21A70FB681A68BB68AB
:109350001B01134403F5DE731B681A0A3B680533CF
:10936000D2B21A70FB681A68BB681B01134403F57C
:10937000DE731B681A0C3B680633D2B21A70FB68A6
:109380001A68BB681B01134403F5DE731B681A0ED1
:109390003B680733D2B21A70BB68002B08D1FB6858
:1093A0001B68DA68FB681B6842F02002DA6007E09D
:1093B000FB681B681A69FB681B6842F020021A618F
:1093C000002306E0FB685B6A43F48022FB685A6274
:1093D000012318461C37BD465DF8047B704780B4F6
:1093E00085B000AF786039600023FB607B6893F83C
:1093F0002030FB72FB7A012B02D0FB7A022B0FD1BB
:109400003B68002B06D17B681B68DB6803F0030315
:10941000FB6005E07B681B681B6903F00303FB60CE
:10942000FB6818461437BD465DF8047B704780B56D
:109430008AB000AF786000237B627B681B685B6941
:109440003B627B681B685B68FB617B681B689B6891
:10945000BB617B681B68DB687B617B681B681B6981
:109460003B617B681B689B69FB603B6A03F00103FF
:10947000002B7CD0BB6903F00103002B23D07B6859
:109480001B6801229A60BB6903F00203002B03D022
:10949000786800F083F916E0BB6903F00403002B41
:1094A00004D07B6A43F400637B620CE0BB6903F089
:1094B0000803002B04D07B6A43F480537B6202E0F4
:1094C000786800F089F9BB6903F48073002B24D01D
:1094D0007B681B684FF480729A60BB6903F4007369
:1094E000002B03D0786800F063F916E0BB6903F441
:1094F0008063002B04D07B6A43F400537B620CE052
:10950000BB6903F40063002B04D07B6A43F48043FF
:109510007B6202E0786800F069F9BB6903F480338C
:10952000002B24D07B681B684FF480329A60BB69A3
:1095300003F40033002B03D0786800F043F916E001
:10954000BB6903F48023002B04D07B6A43F40043FF
:109550007B620CE0BB6903F40023002B04D07B6A20
:1095600043F480337B6202E0786800F049F93B6A9B
:1095700003F00803002B0CD07B6903F01003002BD1
:1095800007D07B6A43F400737B627B681B68102200
:10959000DA603B6A03F00403002B0BD07B6903F015
:1095A0000803002B06D07B681B680822DA60786805
:1095B00000F030F93B6A03F00203002B09D07B680E
:1095C0001B68DB6803F00303002B02D07868F7F711
:1095D00059FF3B6A03F04003002B0CD03B6903F0BA
:1095E0001003002B07D07B6A43F480637B627B68A7
:1095F0001B6810221A613B6A03F02003002B0BD07A
:109600003B6903F00803002B06D07B681B68082227
:109610001A61786800F008F93B6A03F01003002B28
:1096200009D07B681B681B6903F00303002B02D081
:109630007868F7F733FF3B6A03F40033002B0BD055
:10964000FB6903F01003002B06D07B681B68102217
:109650005A60786800F0F2F83B6A03F48033002B1C
:109660000BD0FB6903F00803002B06D07B681B6856
:1096700008225A60786800F0EBF83B6A03F4004374
:10968000002B7BD0FB6903F00403002B72D03B6AF4
:1096900003F48073002B08D0FB6803F00103002B58
:1096A00003D07B6A43F001037B623B6A03F40073DF
:1096B000002B08D0FB6803F00203002B03D07B6A69
:1096C00043F002037B623B6A03F48063002B08D003
:1096D000FB6803F00403002B03D07B6A43F0040310
:1096E0007B623B6A03F40063002B43D0FB6803F00A
:1096F0007003002B3ED0FB6803F07003602B2BD06F
:10970000602B2ED8502B22D0502B2AD8402B19D08A
:10971000402B26D8302B10D0302B22D8102B02D043
:10972000202B05D01DE07B6A43F008037B6219E023
:109730007B6A43F010037B6214E07B6A43F02003F2
:109740007B620FE07B6A43F040037B620AE07B6A46
:1097500043F080037B6205E07B6A43F480737B62A5
:1097600000E000BF7B681B689A697B681B6822F079
:1097700070029A617B681B6804225A607B6A002B26
:1097800008D07B685A6A7B6A1A437B685A62786899
:1097900000F068F800BF2837BD4680BD80B483B0B4
:1097A00000AF786000BF0C37BD465DF8047B7047A2
:1097B00080B483B000AF786000BF0C37BD465DF861
:1097C000047B704780B483B000AF786000BF0C3773
:1097D000BD465DF8047B704780B483B000AF78600D
:1097E00000BF0C37BD465DF8047B704780B483B082
:1097F00000AF786000BF0C37BD465DF8047B704752
:1098000080B483B000AF786000BF0C37BD465DF810
:10981000047B704780B483B000AF786000BF0C3722
:10982000BD465DF8047B704780B483B000AF7860BC
:1098300000BF0C37BD465DF8047B704780B483B031
:1098400000AF786000BF0C37BD465DF8047B704701
:1098500080B483B000AF786000BF0C37BD465DF8C0
:10986000047B704780B483B000AF786000BF0C37D2
:10987000BD465DF8047B704780B586B000AF786068
:109880007B68002B01D1012367E27B681B6803F032
:109890000103002B75D0884B9B6803F00C03042B4D
:1098A0000CD0854B9B6803F00C03082B12D1824B24
:1098B0005B6803F48003B3F5800F0BD17E4B1B680C
:1098C00003F40033002B5BD07B685B68002B57D11F
:1098D000012342E27B685B68B3F5803F06D1764B9B
:1098E0001B68754A43F4803313601DE07B685B6836
:1098F000B3F5A02F0CD1704B1B686F4A43F4802343
:1099000013606D4B1B686C4A43F4803313600BE0AB
:10991000694B1B68684A23F480331360664B1B68ED
:10992000654A23F4802313607B685B68002B13D0A7
:1099300001F096FD386108E001F092FD02463B69B6
:10994000D31A642B01D9032307E25B4B1B6803F492
:109950000033002BF0D014E001F082FD386108E004
:1099600001F07EFD02463B69D31A642B01D9032323
:10997000F3E1514B1B6803F40033002BF0D100E0FE
:1099800000BF7B681B6803F00203002B63D04A4BC7
:109990009B6803F00C03002B0BD0474B9B6803F034
:1099A0000C03082B1CD1444B5B6803F48003002B91
:1099B00016D1414B1B6803F00203002B05D07B68D6
:1099C000DB68012B01D00123C7E13B4B1B6823F06F
:1099D000F8027B681B69DB00374913430B603AE0F0
:1099E0007B68DB68002B20D0344B01221A6001F029
:1099F00037FD386108E001F033FD02463B69D31AB8
:109A0000022B01D90323A8E12B4B1B6803F00203AF
:109A1000002BF0D0284B1B6823F0F8027B681B69F1
:109A2000DB00254913430B6015E0244B00221A602C
:109A300001F016FD386108E001F012FD02463B69B5
:109A4000D31A022B01D9032387E11B4B1B6803F0B8
:109A50000203002BF0D17B681B6803F00803002B86
:109A600036D07B685B69002B16D0154B01221A603B
:109A700001F0F6FC386108E001F0F2FC02463B69B7
:109A8000D31A022B01D9032367E10B4B5B6F03F061
:109A90000203002BF0D01BE0094B00221A6001F0FA
:109AA000DFFC38610EE001F0DBFC02463B69D31AB3
:109AB000022B07D9032350E100380240000047423F
:109AC000800E4742884B5B6F03F00203002BEAD104
:109AD0007B681B6803F00403002B00F097800023D1
:109AE000FB75814B1B6C03F08053002B0FD10023BF
:109AF000BB607D4B1B6C7C4A43F0805313647A4BF4
:109B00001B6C03F08053BB60BB680123FB75774B74
:109B10001B6803F48073002B18D1744B1B68734AC5
:109B200043F48073136001F09BFC386108E001F09E
:109B300097FC02463B69D31A022B01D903230CE19F
:109B40006A4B1B6803F48073002BF0D07B689B6822
:109B5000012B06D1644B1B6F634A43F0010313676B
:109B60001CE07B689B68052B0CD15F4B1B6F5E4A2A
:109B700043F0040313675C4B1B6F5B4A43F0010324
:109B800013670BE0584B1B6F574A23F00103136711
:109B9000554B1B6F544A23F0040313677B689B6883
:109BA000002B15D001F05CFC38610AE001F058FC94
:109BB00002463B69D31A41F28832934201D903230A
:109BC000CBE0494B1B6F03F00203002BEED014E0F7
:109BD00001F046FC38610AE001F042FC02463B69B4
:109BE000D31A41F28832934201D90323B5E03E4BA8
:109BF0001B6F03F00203002BEED1FB7D012B05D17F
:109C0000394B1B6C384A23F0805313647B689B6983
:109C1000002B00F0A180344B9B6803F00C03082B51
:109C20005CD07B689B69022B41D1314B00221A60CA
:109C300001F016FC386108E001F012FC02463B69B5
:109C4000D31A022B01D9032387E0274B1B6803F0AB
:109C50000073002BF0D17B68DA697B681B6A1A43BA
:109C60007B685B6A9B011A437B689B6A5B08013BCC
:109C70001B041A437B68DB6A1B061B4913434B60BA
:109C80001B4B01221A6001F0EBFB386108E001F088
:109C9000E7FB02463B69D31A022B01D903235CE0A0
:109CA000114B1B6803F00073002BF0D054E0104BF5
:109CB00000221A6001F0D4FB386108E001F0D0FB0B
:109CC00002463B69D31A022B01D9032345E0064B18
:109CD0001B6803F00073002BF0D13DE07B689B69AB
:109CE000012B07D1012338E000380240007000400A
:109CF000600047421B4B5B68FB607B689B69012BE4
:109D000028D0FB6803F480027B68DB699A4221D18A
:109D1000FB6803F03F027B681B6A9A421AD1FA681B
:109D200047F6C07313407A68526A9201934211D188
:109D3000FB6803F440327B689B6A5B08013B1B04B1
:109D40009A4207D1FB6803F070627B68DB6A1B06EE
:109D50009A4201D0012300E0002318461837BD467F
:109D600080BD00BF0038024080B584B000AF78608D
:109D700039607B68002B01D10123CCE0684B1B6864
:109D800003F007033A689A420CD9654B3A68D2B29D
:109D90001A70634B1B6803F007033A689A4201D0BC
:109DA0000123B8E07B681B6803F00203002B20D07E
:109DB0007B681B6803F00403002B05D0594B9B689C
:109DC000584A43F4E05393607B681B6803F0080330
:109DD000002B05D0534B9B68524A43F46043936079
:109DE000504B9B6823F0F0027B689B684D491343FE
:109DF0008B607B681B6803F00103002B44D07B68F9
:109E00005B68012B07D1474B1B6803F40033002B21
:109E100019D101237FE07B685B68022B03D07B684C
:109E20005B68032B07D13F4B1B6803F00073002BCB
:109E300009D101236FE03B4B1B6803F00203002BA9
:109E400001D1012367E0374B9B6823F003027B6855
:109E50005B68344913438B6001F002FBF8600AE051
:109E600001F0FEFA0246FB68D31A41F288329342AF
:109E700001D903234FE02B4B9B6803F00C027B6856
:109E80005B689B009A42EBD1254B1B6803F00703EC
:109E90003A689A420CD2224B3A68D2B21A70204BDE
:109EA0001B6803F007033A689A4201D0012332E0AD
:109EB0007B681B6803F00403002B08D0194B9B68D8
:109EC00023F4E0527B68DB68164913438B607B68A0
:109ED0001B6803F00803002B09D0124B9B6823F486
:109EE00060427B681B69DB000E4913438B6000F006
:109EF00021F802460B4B9B681B0903F00F030A492C
:109F0000CB5C22FA03F3094A1360094B1B6818461D
:109F1000FEF7CCFF002318461037BD4680BD00BFBA
:109F2000003C024000380240F41A01084C020020B4
:109F3000440200202DE9B04F90B000AF00237B63B6
:109F40000023FB6300233B630023BB63594B9B68E7
:109F500003F00C03082B0DD0082B00F2A180002B7E
:109F600002D0042B03D09BE0534BBB639BE0534BCD
:109F7000BB6398E04F4B5B6803F03F037B634D4B43
:109F80005B6803F48003002B28D04A4B5B689B0975
:109F900000223B627A623B6AC3F308000021474B10
:109FA00003FB01F2002300FB03F31344434AA0FB2D
:109FB0000212FA620A46BA62FA6A1344FB627B6BC7
:109FC0000022BB61FA61D7E90623D7E90A01F6F757
:109FD000FDFC02460B461346FB6353E0354B5B68C2
:109FE0009B0900223B617A613B69C3F3080A4FF089
:109FF000000B52465B464FF000004FF00001590144
:10A0000041EAD261500102460B46B2EB0A0863EB0B
:10A010000B094FF000024FF000034FEA891343EAA7
:10A0200098634FEA8812B2EB080463EB09054FF01E
:10A0300000024FF00003EB0043EA5473E2001446C1
:10A040001D4614EB0A033B6045EB0B037B604FF0AE
:10A0500000024FF00003D7E9004529468B02214654
:10A0600043EA915321468A02104619467B6B00222F
:10A07000BB60FA60D7E90223F6F7A8FC02460B465C
:10A080001346FB630B4B5B681B0C03F003030133AC
:10A090005B003B63FA6B3B6BB2FBF3F3BB6302E029
:10A0A000054BBB6300BFBB6B18464037BD46BDE8E0
:10A0B000B08F00BF003802400024F400001BB7003E
:10A0C00080B400AF034B1B681846BD465DF8047BA7
:10A0D000704700BF4C02002080B500AFFFF7F0FFD3
:10A0E0000246054B9B689B0A03F007030349CB5CC0
:10A0F00022FA03F3184680BD00380240041B010811
:10A1000080B500AFFFF7DCFF0246054B9B685B0B99
:10A1100003F007030349CB5C22FA03F3184680BD22
:10A1200000380240041B010880B483B000AF78609F
:10A1300039607B680F221A60124B9B6803F00302A0
:10A140007B685A600F4B9B6803F0F0027B689A6053
:10A150000C4B9B6803F4E0527B68DA60094B9B6808
:10A16000DB0803F4E0527B681A61074B1B6803F0BD
:10A1700007023B681A6000BF0C37BD465DF8047BE0
:10A18000704700BF00380240003C024080B586B0F6
:10A1900000AF786000237B6100233B617B681B6814
:10A1A00003F00103002B05D17B681B6803F0040357
:10A1B000002B35D0624B00221A6001F051F9786112
:10A1C00008E001F04DF902467B69D31A022B01D950
:10A1D0000323B0E05B4B1B6803F00063002BF0D15E
:10A1E0007B685B689A017B689B681B075549134332
:10A1F000C1F88430524B01221A6001F031F97861C4
:10A2000008E001F02DF902467B69D31A022B01D92F
:10A21000032390E04B4B1B6803F00063002BF0D04E
:10A220007B681B6803F00203002B00F0838000238F
:10A23000FB60444B1B6C434A43F080531364414B17
:10A240001B6C03F08053FB60FB683F4B1B683E4A6E
:10A2500043F48073136001F003F9786108E001F0C2
:10A26000FFF802467B69D31A022B01D9032362E06F
:10A27000354B1B6803F48073002BF0D0314B1B6F00
:10A2800003F440733B613B69002B2FD07B68DB6894
:10A2900003F440733A699A4228D02A4B1B6F23F487
:10A2A00040733B61294B01221A60284B00221A603F
:10A2B000244A3B691367234B1B6F03F00103012BF7
:10A2C00014D101F0CDF878610AE001F0C9F8024636
:10A2D0007B69D31A41F28832934201D903232AE0E1
:10A2E000184B1B6F03F00203002BEED07B68DB687A
:10A2F00003F44073B3F5407F0DD1124B9B6823F4F8
:10A30000F8127B68DB6823F0704323F440730D4937
:10A3100013438B6005E00B4B9B680A4A23F4F81348
:10A320009360084B1A6F7B68DB68C3F30B03054926
:10A3300013430B67002318461837BD4680BD00BF86
:10A34000680047420038024000700040400E47421B
:10A3500080B582B000AF00237B60494BDB6803F01F
:10A36000F203002B20D0474B1B78DBB2012B07D127
:10A37000444BDB687B60434B4FF0FF32DA600BE00D
:10A38000404B1B78DBB2022B03D13E4B1B697B6039
:10A3900002E03C4B5B697B6000F08AF8786800F073
:10A3A0007DF8384B00221A70354BDB6803F001034F
:10A3B000002B4AD0324B0122DA60324B1B78DBB2E1
:10A3C000012B2DD12F4B5B68013B2E4A53602D4B47
:10A3D0005B68002B15D02B4BDB687B60786800F046
:10A3E00053F8284BDB680133264AD360254BDB68E2
:10A3F0007B60244B1B7ADBB21946786800F0AEF81C
:10A4000023E04FF0FF337B601E4A7B68D3601D4B17
:10A4100000221A7000F0EAF8786800F035F814E0CD
:10A42000184B1B78DBB2022B07D100F0DFF8154B7D
:10A430001B69184600F028F804E0124B5B691846C7
:10A4400000F022F80F4B00221A700E4B1B78DBB283
:10A45000002B11D10A4B1B69094A23F0FF0313613A
:10A46000074B1B69064A23F080731361044B1B6979
:10A47000034A23F00073136100BF0837BD4680BD57
:10A48000003C02403018002080B483B000AF7860F8
:10A4900000BF0C37BD465DF8047B704780B483B0C5
:10A4A00000AF786000BF0C37BD465DF8047B704795
:10A4B00080B400AF274BDB6803F01003002B08D0FB
:10A4C000254BDB6943F01003234AD361214B102253
:10A4D000DA60204BDB6803F02003002B08D01E4B12
:10A4E000DB6943F008031C4AD3611A4B2022DA606F
:10A4F000184BDB6803F04003002B08D0164BDB69D8
:10A5000043F00403144AD361124B4022DA60114B2A
:10A51000DB6803F08003002B08D00F4BDB6943F0AE
:10A5200002030D4AD3610B4B8022DA60094BDB68D2
:10A5300003F00203002B08D0074BDB6943F0200334
:10A54000054AD361034B0222DA6000BFBD465DF8C5
:10A55000047B7047003C02403018002080B485B076
:10A5600000AF78600B46FB700023FB60FB78002B8C
:10A5700002D10023FB6010E0FB78012B03D14FF4E4
:10A580008073FB6009E0FB78022B03D14FF400736A
:10A59000FB6002E04FF44073FB60134B1B69124AEF
:10A5A00023F440731361104B1A690F49FB6813437E
:10A5B0000B610D4B1B690C4A23F0F80313610A4B26
:10A5C0001A697B68DB001343074A43F002031361F7
:10A5D000054B1B69044A43F48033136100BF1437F1
:10A5E000BD465DF8047B7047003C024080B400AF7C
:10A5F000204B1B6803F40073002B17D01D4B1B6806
:10A600001C4A23F4007313601A4B1B68194A43F465
:10A6100000631360174B1B68164A23F40063136032
:10A62000144B1B68134A43F400731360114B1B68EF
:10A6300003F48063002B17D00E4B1B680D4A23F4E4
:10A64000806313600B4B1B680A4A43F4805313600A
:10A65000084B1B68074A23F480531360054B1B68A3
:10A66000044A43F48063136000BFBD465DF8047B79
:10A67000704700BF003C024080B489B000AF7860F2
:10A68000396000237B6100233B610023BB61002311
:10A69000FB616BE10122FB6902FA03F37B613B681A
:10A6A0001B687A6913403B613A697B699A4240F0C2
:10A6B0005A813B685B6803F00303012B05D03B68BC
:10A6C0005B6803F00303022B30D17B689B68BB619E
:10A6D000FB695B00032202FA03F3DB43BA69134010
:10A6E000BB613B68DA68FB695B0002FA03F3BA6995
:10A6F0001343BB617B68BA699A607B685B68BB6126
:10A700000122FB6902FA03F3DB43BA691340BB6120
:10A710003B685B681B0903F00102FB6902FA03F363
:10A72000BA691343BB617B68BA695A603B685B686E
:10A7300003F00303032B17D07B68DB68BB61FB6965
:10A740005B00032202FA03F3DB43BA691340BB61E7
:10A750003B689A68FB695B0002FA03F3BA6913432A
:10A76000BB617B68BA69DA603B685B6803F003032E
:10A77000022B23D1FB69DA087B68083253F82230B8
:10A78000BB61FB6903F007039B000F2202FA03F38E
:10A79000DB43BA691340BB613B681A69FB6903F08C
:10A7A00007039B0002FA03F3BA691343BB61FB6919
:10A7B000DA087B680832B96943F822107B681B68A5
:10A7C000BB61FB695B00032202FA03F3DB43BA6956
:10A7D0001340BB613B685B6803F00302FB695B00ED
:10A7E00002FA03F3BA691343BB617B68BA691A6062
:10A7F0003B685B6803F44033002B00F0B480002317
:10A80000FB60604B5B6C5F4A43F4804353645D4B79
:10A810005B6C03F48043FB60FB685B4AFB699B084D
:10A82000023352F82330BB61FB6903F003039B0042
:10A830000F2202FA03F3DB43BA691340BB617B6862
:10A84000524A93422BD07B68514A934225D07B6871
:10A85000504A93421FD07B684F4A934219D07B687D
:10A860004E4A934213D07B684D4A93420DD07B6889
:10A870004C4A934207D07B684B4A934201D107234D
:10A880000EE008230CE006230AE0052308E0042379
:10A8900006E0032304E0022302E0012300E000239A
:10A8A000FA6902F0030292009340BA691343BB6154
:10A8B0003549FB699B080233BA6941F823203B4BB9
:10A8C0009B68BB613B69DB43BA691340BB613B6872
:10A8D0005B6803F48013002B03D0BA693B69134310
:10A8E000BB61324ABB699360304BDB68BB613B693B
:10A8F000DB43BA691340BB613B685B6803F4001338
:10A90000002B03D0BA693B691343BB61274ABB697B
:10A91000D360264B5B68BB613B69DB43BA6913407C
:10A92000BB613B685B6803F40033002B03D0BA695A
:10A930003B691343BB611D4ABB6953601B4B1B68DA
:10A94000BB613B69DB43BA691340BB613B685B6831
:10A9500003F48033002B03D0BA693B691343BB6116
:10A96000124ABB691360FB690133FB61FB690F2B62
:10A970007FF690AE00BF00BF2437BD465DF8047B74
:10A98000704700BF0038024000380140000002401C
:10A990000004024000080240000C02400010024087
:10A9A0000014024000180240001C0240003C01401C
:10A9B00080B483B000AF78600B467B8013467B7019
:10A9C0007B78002B03D07A887B689A6103E07B88D0
:10A9D0001A047B689A6100BF0C37BD465DF8047BA2
:10A9E0007047000080B582B000AF0346FB80084B83
:10A9F0005A69FB881340002B06D0054AFB88536137
:10AA0000FB88184600F006F800BF0837BD4680BD39
:10AA1000003C014080B483B000AF0346FB8000BF20
:10AA20000C37BD465DF8047B7047000080B586B0EA
:10AA300000AF786000237B6100F012FD38617B6815
:10AA4000002B01D1012399E07B68022283F8352095
:10AA50007B68002283F834207B681B681A687B6857
:10AA60001B6822F001021A600FE000F0F9FC0246B8
:10AA70003B69D31A052B08D97B6820225A657B686D
:10AA8000032283F83520032378E07B681B681B686A
:10AA900003F00103002BE8D17B681B681B687B6116
:10AAA0007A69384B13407B617B685A687B689B6886
:10AAB0001A437B68DB681A437B681B691A437B680F
:10AAC0005B691A437B689B691A437B68DB691A439D
:10AAD0007B681B6A13437A6913437B617B685B6AFB
:10AAE000042B07D17B68DA6A7B681B6B13437A6996
:10AAF00013437B617B681B687A691A607B681B68FB
:10AB00005B697B617B6923F007037B617B685B6A20
:10AB10007A6913437B617B685B6A042B17D17B687E
:10AB20009B6A7A6913437B617B68DB6A002B0ED0DA
:10AB3000786800F001FB0346002B08D07B684022B8
:10AB40005A657B68012283F83520012316E07B6873
:10AB50001B687A695A61786800F0B8FA0346FB60AE
:10AB60007B68DB6D3F229A40FB689A607B6800221D
:10AB70005A657B68012283F8352000231846183770
:10AB8000BD4680BD3F8010F080B586B000AFF86054
:10AB9000B9607A603B600023FB75FB689B6D3B618D
:10ABA000FB6893F83430012B01D1022340E0FB68AD
:10ABB000012283F83420FB6893F83530DBB2012B97
:10ABC0002FD1FB68022283F83520FB6800225A65EA
:10ABD0003B687A68B968F86800F04AFAFB68DB6D90
:10ABE0003F229A403B699A60FB681B681A68FB68C1
:10ABF0001B6842F016021A60FB681B6C002B07D022
:10AC0000FB681B681A68FB681B6842F008021A6040
:10AC1000FB681B681A68FB681B6842F001021A6037
:10AC200005E0FB68002283F834200223FB75FB7DDE
:10AC300018461837BD4680BD80B584B000AF786037
:10AC40007B689B6DFB6000F00BFCB8607B6893F841
:10AC50003530DBB2022B08D07B6880225A657B68D6
:10AC6000002283F83420012352E07B681B681A68B5
:10AC70007B681B6822F016021A607B681B685A69A1
:10AC80007B681B6822F080025A617B681B6C002B7A
:10AC900003D17B689B6C002B07D07B681B681A680C
:10ACA0007B681B6822F008021A607B681B681A68C0
:10ACB0007B681B6822F001021A6013E000F0D0FBF1
:10ACC0000246BB68D31A052B0CD97B6820225A6533
:10ACD0007B68032283F835207B68002283F83420C8
:10ACE000032315E07B681B681B6803F00103002B3E
:10ACF000E4D17B68DB6D3F229A40FB689A607B68F9
:10AD0000012283F835207B68002283F83420002359
:10AD100018461037BD4680BD80B483B000AF786060
:10AD20007B6893F83530DBB2022B04D07B6880223D
:10AD30005A6501230CE07B68052283F835207B6887
:10AD40001B681A687B681B6822F001021A600023E6
:10AD500018460C37BD465DF8047B704780B586B059
:10AD600000AF78600023BB608E4B1B688E4AA2FB4D
:10AD700003239B0A7B617B689B6D3B613B691B687E
:10AD8000FB607B68DB6D08229A40FB681340002B58
:10AD90001AD07B681B681B6803F00403002B13D0D8
:10ADA0007B681B681A687B681B6822F004021A60C3
:10ADB0007B68DB6D08229A403B699A607B685B6D1B
:10ADC00043F001027B685A657B68DB6D01229A4083
:10ADD000FB681340002B12D07B681B685B6903F093
:10ADE0008003002B0BD07B68DB6D01229A403B690E
:10ADF0009A607B685B6D43F002027B685A657B68F2
:10AE0000DB6D04229A40FB681340002B12D07B6854
:10AE10001B681B6803F00203002B0BD07B68DB6D03
:10AE200004229A403B699A607B685B6D43F00402A0
:10AE30007B685A657B68DB6D10229A40FB68134083
:10AE4000002B43D07B681B681B6803F00803002BB2
:10AE50003CD07B68DB6D10229A403B699A607B682E
:10AE60001B681B6803F48023002B18D07B681B68C9
:10AE70001B6803F40023002B08D17B681B6C002B9C
:10AE800024D07B681B6C786898471FE07B689B6CBC
:10AE9000002B1BD07B689B6C7868984716E07B681A
:10AEA0001B681B6803F48073002B07D17B681B6849
:10AEB0001A687B681B6822F008021A607B681B6CAA
:10AEC000002B03D07B681B6C786898477B68DB6D30
:10AED00020229A40FB681340002B00F08F807B6893
:10AEE0001B681B6803F01003002B00F087807B6851
:10AEF000DB6D20229A403B699A607B6893F835307D
:10AF0000DBB2052B36D17B681B681A687B681B682F
:10AF100022F016021A607B681B685A697B681B68FE
:10AF200022F080025A617B681B6C002B03D17B6886
:10AF30009B6C002B07D07B681B681A687B681B68BA
:10AF400022F008021A607B68DB6D3F229A403B6961
:10AF50009A607B68012283F835207B68002283F8A1
:10AF600034207B681B6D002B7ED07B681B6D78685E
:10AF7000984779E07B681B681B6803F48023002BEB
:10AF80001DD07B681B681B6803F40023002B0DD1C8
:10AF90007B685B6C002B31D07B685B6C7868984772
:10AFA0002CE000BF4C020020B5814E1B7B68DB6BA0
:10AFB000002B23D07B68DB6B786898471EE07B68AA
:10AFC0001B681B6803F48073002B0FD17B681B6820
:10AFD0001A687B681B6822F010021A607B680122E5
:10AFE00083F835207B68002283F834207B68DB6B94
:10AFF000002B03D07B68DB6B786898477B685B6DC0
:10B00000002B32D07B685B6D03F00103002B22D054
:10B010007B68052283F835207B681B681A687B688B
:10B020001B6822F001021A60BB680133BB607A69B9
:10B030009A4207D37B681B681B6803F00103002B4F
:10B04000F2D100E000BF7B68012283F835207B68E5
:10B05000002283F834207B68DB6C002B05D07B68F2
:10B06000DB6C7868984700E000BF1837BD4680BDAC
:10B0700080B485B000AFF860B9607A603B60FB686F
:10B080001B681A68FB681B6822F480221A60FB6840
:10B090001B683A685A60FB689B68402B08D1FB68C4
:10B0A0001B687A689A60FB681B68BA68DA6007E018
:10B0B000FB681B68BA689A60FB681B687A68DA608C
:10B0C00000BF1437BD465DF8047B704780B485B07F
:10B0D00000AF78607B681B68DBB2103B144AA2FBB0
:10B0E00003231B09FB60134AFB6813441B781A46B1
:10B0F0007B68DA65FB68032B09D97B681B6823F43E
:10B100007F7323F003031A1D7B689A6507E07B6851
:10B110001B6823F47F7323F003037A6893657B68CD
:10B120009B6D18461437BD465DF8047B704700BF21
:10B13000ABAAAAAAEC1A010880B485B000AF786067
:10B140000023FB737B689B6ABB607B689B69002B59
:10B150001FD1BB68032B56D801A252F823F000BFC1
:10B1600071B1000883B1000871B1000807B200088E
:10B170007B68DB6A03F08073002B46D00123FB73EE
:10B1800043E07B68DB6AB3F1C07F40D10123FB73EE
:10B190003DE07B689B69B3F5005F21D1BB68032B61
:10B1A00037D801A252F823F0B9B10008BFB10008A6
:10B1B000B9B10008D1B100080123FB7330E07B680E
:10B1C000DB6A03F08073002B25D00123FB7322E0A0
:10B1D0007B68DB6AB3F1C07F1FD10123FB731CE0E6
:10B1E000BB68022B03D9BB68032B03D018E00123F3
:10B1F000FB7315E07B68DB6A03F08073002B0ED0D5
:10B200000123FB730BE000BF0AE000BF08E000BFB2
:10B2100006E000BF04E000BF02E000BF00E000BFA6
:10B22000FB7B18461437BD465DF8047B704700BFB2
:10B2300080B485B000AF78607B6803F00703FB60E3
:10B240000C4BDB68BB60BA684FF6FF031340BB6072
:10B25000FB681A02BB68134343F0BF6343F4003337
:10B26000BB60044ABB68D36000BF1437BD465DF8BD
:10B27000047B704700ED00E080B400AF044BDB6856
:10B280001B0A03F007031846BD465DF8047B7047B0
:10B2900000ED00E080B483B000AF0346FB7197F986
:10B2A0000730002B0BDBFB7903F01F02074997F9EE
:10B2B00007305B09012000FA02F241F8232000BFA9
:10B2C0000C37BD465DF8047B704700BF00E100E02D
:10B2D00080B483B000AF03463960FB7197F9073043
:10B2E000002B0ADB3B68DAB20C4997F907301201F0
:10B2F000D2B20B4483F800230AE03B68DAB2084973
:10B30000FB7903F00F03043B1201D2B20B441A760F
:10B3100000BF0C37BD465DF8047B704700E100E0DC
:10B3200000ED00E080B489B000AFF860B9607A60E9
:10B33000FB6803F00703FB61FB69C3F10703042B00
:10B3400028BF0423BB61FB690433062B02D9FB69C8
:10B35000033B00E000237B614FF0FF32BB6902FA40
:10B3600003F3DA43BB681A407B699A404FF0FF3120
:10B370007B6901FA03F3D9437B680B4013431846FA
:10B380002437BD465DF8047B704780B582B000AFBE
:10B3900078607868FFF74CFF00BF0837BD4680BD76
:10B3A00080B586B000AF0346B9607A60FB730023B6
:10B3B0007B61FFF761FF78617A68B9687869FFF7A8
:10B3C000B1FF024697F90F3011461846FFF780FF8C
:10B3D00000BF1837BD4680BD80B582B000AF0346C0
:10B3E000FB7197F907301846FFF754FF00BF083785
:10B3F000BD4680BD80B500AF0E4B1B680D4A43F4BF
:10B40000007313600B4B1B680A4A43F4806313609C
:10B41000084B1B68074A43F4807313600320FFF74F
:10B42000B4FF0520FDF742FDFDF70CFD0023184693
:10B4300080BD00BF003C024080B400AF064B1B78CB
:10B440001A46064B1B681344044A136000BFBD46EE
:10B450005DF8047B704700BF4802002050180020B0
:10B4600080B400AF034B1B681846BD465DF8047BF3
:10B47000704700BF5018002080B582B000AF7860E0
:10B480007B68002B01D101231CE07B685B79DBB278
:10B49000002B05D17B6800221A717868FCF758FFF1
:10B4A0007B6802225A717B681B681A687B681B687C
:10B4B00042F004021A607B6801225A717B68002204
:10B4C0009A60002318460837BD4680BD80B584B019
:10B4D00000AF78600123FB737B68002B01D101234F
:10B4E00073E07B685B7FDBB2002B05D17B680022B9
:10B4F0001A777868FCF774FF7B6802225A777B68BA
:10B500001B68DB6803F01003102B55D07B681B68A9
:10B51000CA225A627B681B6853225A62786800F01C
:10B520007FF80346FB73FB7B002B2CD17B681B68E9
:10B530009B687A68126823F4E00323F04003936069
:10B540007B681B6899687B685A687B681B691A432B
:10B550007B685B691A437B681B680A439A607B6857
:10B560001B687A68D2681A617B681B6819697B68F6
:10B570009B681A047B681B680A431A61786800F0AC
:10B5800086F80346FB73FB7B002B10D17B681B689E
:10B590001A6C7B681B6822F480221A647B681B6823
:10B5A000196C7B689A697B681B680A431A647B681C
:10B5B0001B68FF225A6201E00023FB73FB7B002B18
:10B5C00002D17B6801225A77FB7B18461037BD46B3
:10B5D00080BD000080B584B000AF78600023FB60C0
:10B5E0007B681B680D4ADA60FFF73AFFF86009E0F4
:10B5F000FFF736FF0246FB68D31AB3F57A7F01D90D
:10B60000032307E07B681B68DB6803F02003002B43
:10B61000EED0002318461037BD4680BD5F7F010085
:10B6200080B584B000AF78600023BB600023FB735B
:10B630007B681B68DB6803F04003002B22D17B682A
:10B640001B68DA687B681B6842F08002DA60FFF7EB
:10B6500007FFB8600CE0FFF703FF0246BB68D31A90
:10B66000B3F57A7F04D97B6804225A770123FB73F0
:10B670007B681B68DB6803F04003002B02D1FB7B77
:10B68000012BE8D1FB7B18461037BD4680BD80B545
:10B6900084B000AF78600023FB737B681B68DA68B6
:10B6A0007B681B6822F08002DA607B681B689B68FD
:10B6B00003F02003002B0AD17868FFF78BFF0346C5
:10B6C000002B04D07B6804225A770123FB73FB7B99
:10B6D00018461037BD4680BD80B582B000AF786097
:10B6E0007B68002B01D101237BE07B685B6A002B28
:10B6F00008D17B685B68B3F5827F09D07B68002244
:10B70000DA6105E07B6800221A617B6800225A61D9
:10B710007B6800229A627B6893F85130DBB2002B81
:10B7200006D17B68002283F850207868FCF7B8FEC9
:10B730007B68022283F851207B681B681A687B684B
:10B740001B6822F040021A607B685B6803F4827217
:10B750007B689B6803F404431A437B68DB6803F44B
:10B7600000631A437B681B6903F002031A437B687A
:10B770005B6903F001031A437B689B6903F4007360
:10B780001A437B68DB6903F038031A437B681B6A42
:10B7900003F0800342EA03017B689B6A03F40052D2
:10B7A0007B681B680A431A607B689B691B0C03F06B
:10B7B00004017B685B6A03F010027B681B680A4324
:10B7C0005A607B681B68DA697B681B6822F4006238
:10B7D000DA617B6800225A657B68012283F8512078
:10B7E000002318460837BD4680BD80B58AB000AF3B
:10B7F000F860B9607A607B8001237B62FFF730FEDE
:10B800003862FB6893F85130FB77FB685B68BB617B
:10B810007B88FB82FB7F012B0CD0BB69B3F5827F59
:10B8200006D1FB689B68002B02D1FB7F042B01D063
:10B8300002237FE1BB68002B05D07B68002B02D080
:10B840007B88002B01D1012374E1FB6893F8503011
:10B85000012B01D102236DE1FB68012283F8502006
:10B86000FB6893F85130DBB2042B03D0FB68052250
:10B8700083F85120FB6800225A65FB687A689A6356
:10B88000FB687A88DA87FB687A889A87FB68BA68E7
:10B890001A63FB687A88DA86FB687A889A86FB687E
:10B8A00000221A64FB6800225A64FB681B681B684C
:10B8B00003F04003402B07D0FB681B681A68FB6845
:10B8C0001B6842F040021A60FB68DB68B3F5006F4A
:10B8D0007ED1FB685B68002B02D0FB8A012B6CD108
:10B8E000FB681B6B1A88FB681B68DA60FB681B6BC4
:10B8F0009A1CFB681A63FB68DB8E9BB2013B9AB211
:10B90000FB68DA8659E0FB681B689B6803F002035A
:10B91000022B1BD1FB68DB8E9BB2002B16D07B6AFF
:10B92000012B13D1FB681B6B1A88FB681B68DA605C
:10B93000FB681B6B9A1CFB681A63FB68DB8E9BB26F
:10B94000013B9AB2FB68DA8600237B62FB681B68C6
:10B950009B6803F00103012B19D1FB68DB8F9BB2BD
:10B96000002B14D0FB681B68DA68FB689B6B92B2F3
:10B970001A80FB689B6B9A1CFB689A63FB68DB8FE1
:10B980009BB2013B9AB2FB68DA8701237B62FFF727
:10B9900067FD02463B6AD31A3A6B9A420DD83B6B5D
:10B9A000B3F1FF3F09D0FB68012283F85120FB6807
:10B9B000002283F850200323BCE0FB68DB8E9BB29F
:10B9C000002BA0D1FB68DB8F9BB2002B9BD182E0C8
:10B9D000FB685B68002B02D0FB8A012B71D1FB68EE
:10B9E0001A6BFB681B680C3312781A70FB681B6BB0
:10B9F0005A1CFB681A63FB68DB8E9BB2013B9AB250
:10BA0000FB68DA865DE0FB681B689B6803F0020355
:10BA1000022B1CD1FB68DB8E9BB2002B17D07B6AFC
:10BA2000012B14D1FB681A6BFB681B680C3312786E
:10BA30001A70FB681B6B5A1CFB681A63FB68DB8E71
:10BA40009BB2013B9AB2FB68DA8600237B62FB68FB
:10BA50001B689B6803F00103012B19D1FB68DB8F86
:10BA60009BB2002B14D0FB681B68DA68FB689B6BE9
:10BA7000D2B21A70FB689B6B5A1CFB689A63FB6816
:10BA8000DB8F9BB2013B9AB2FB68DA8701237B62B2
:10BA9000FFF7E6FC02463B6AD31A3A6B9A4203D898
:10BAA0003B6BB3F1FF3F02D13B6B002B09D1FB682D
:10BAB000012283F85120FB68002283F850200323E1
:10BAC00038E0FB68DB8E9BB2002B9CD1FB68DB8FE0
:10BAD0009BB2002B97D13A6A396BF86800F0D4F921
:10BAE0000346002B08D0FB6820225A65FB68002221
:10BAF00083F8502001231DE0FB689B68002B0AD1CE
:10BB000000233B61FB681B68DB683B61FB681B68CB
:10BB10009B683B613B69FB68012283F85120FB680D
:10BB2000002283F85020FB685B6D002B01D00123BD
:10BB300000E0002318462837BD4680BD80B588B098
:10BB400000AF78607B681B685B68FB617B681B6883
:10BB50009B68BB61BB699B0903F00103002B0FD1FC
:10BB6000BB6903F00103002B0AD0FB699B0903F0BA
:10BB70000103002B04D07B681B6C78689847D7E0E2
:10BB8000BB695B0803F00103002B0AD0FB69DB09EA
:10BB900003F00103002B04D07B685B6C7868984746
:10BBA000C6E0BB695B0903F00103002B0CD1BB6944
:10BBB0009B0903F00103002B06D1BB691B0A03F0AC
:10BBC0000103002B00F0B480FB695B0903F0010363
:10BBD000002B00F0AD80BB699B0903F00103002B33
:10BBE00023D07B6893F85130DBB2032B11D07B68F4
:10BBF0005B6D43F004027B685A6500237B617B68C0
:10BC00001B68DB687B617B681B689B687B617B6969
:10BC10000BE000233B617B681B68DB683B617B6852
:10BC20001B689B683B613B6982E0BB695B0903F071
:10BC30000103002B14D07B685B6D43F001027B682D
:10BC40005A650023FB607B681B689B68FB607B6810
:10BC50001B681A687B681B6822F040021A60FB6848
:10BC6000BB691B0A03F00103002B0CD07B685B6DE2
:10BC700043F008027B685A650023BB607B681B6841
:10BC80009B68BB60BB687B685B6D002B4FD07B689B
:10BC90001B685A687B681B6822F0E0025A607B6868
:10BCA000012283F85120FB6903F00203002B04D129
:10BCB000FB6903F00103002B34D07B681B685A68D2
:10BCC0007B681B6822F003025A607B68DB6C002BE8
:10BCD00011D07B68DB6C184A1A657B68DB6C1846F0
:10BCE000FFF71AF80346002B05D07B685B6D43F025
:10BCF00040027B685A657B689B6C002B16D07B6882
:10BD00009B6C0D4A1A657B689B6C1846FFF704F81C
:10BD10000346002B0AD07B685B6D43F040027B68D2
:10BD20005A6503E0786800F009F800E000BF00BF42
:10BD30002037BD4680BD00BF51BD000880B483B030
:10BD400000AF786000BF0C37BD465DF8047B7047DC
:10BD500080B584B000AF78607B689B6BFB60FB684C
:10BD60000022DA87FB680022DA86F868FFF7E6FF30
:10BD700000BF1037BD4680BD80B588B000AFF86009
:10BD8000B9603B601346FB71FFF76AFB0246BB6A72
:10BD90009B1A3A681344FB61FFF762FBB861394BA9
:10BDA0001B685B011B0DFA6902FB03F37B6154E026
:10BDB0003B68B3F1FF3F50D0FFF752FB0246BB692F
:10BDC000D31AFA699A4202D9FB69002B3DD1FB686C
:10BDD0001B685A68FB681B6822F0E0025A60FB6827
:10BDE0005B68B3F5827F11D1FB689B68B3F5004FA8
:10BDF00004D0FB689B68B3F5806F07D1FB681B68B4
:10BE00001A68FB681B6822F040021A60FB689B6A94
:10BE1000B3F5005F0FD1FB681B681A68FB681B68ED
:10BE200022F400521A60FB681B681A68FB681B68E2
:10BE300042F400521A60FB68012283F85120FB682B
:10BE4000002283F85020032317E07B69002B01D1E7
:10BE50000023FB617B69013B7B61FB681B689A687F
:10BE6000BB681340BA689A420CBF01230023DBB2BF
:10BE70001A46FB799A429BD1002318462037BD46CB
:10BE800080BD00BF4C02002080B588B002AFF860D2
:10BE9000B9607A607B680093BB6801220221F86870
:10BEA000FFF76AFF0346002B07D0FB685B6D43F08A
:10BEB0002002FB685A65032332E01B4B1B681B4AB8
:10BEC000A2FB03235B0D4FF47A7202FB03F37B6149
:10BED000FB685B68B3F5827F12D17B680093BB6817
:10BEE00000228021F868FFF747FF0346002B16D099
:10BEF000FB685B6D43F02002FB685A6503230FE08B
:10BF00007B69002B0AD07B69013B7B61FB681B6866
:10BF10009B6803F08003802BF2D000E000BF002379
:10BF200018461837BD4680BD4C020020819F5E1622
:10BF300080B582B000AF78607B68002B01D101230F
:10BF400041E07B6893F83D30DBB2002B06D17B6883
:10BF5000002283F83C20786800F039F87B680222E0
:10BF600083F83D207B681A687B68043319461046C5
:10BF700000F028FC7B68012283F846207B680122C0
:10BF800083F83E207B68012283F83F207B680122F2
:10BF900083F840207B68012283F841207B680122DE
:10BFA00083F842207B68012283F843207B680122CA
:10BFB00083F844207B68012283F845207B680122B6
:10BFC00083F83D20002318460837BD4680BD80B465
:10BFD00083B000AF786000BF0C37BD465DF8047BCE
:10BFE0007047000080B485B000AF78607B6893F83C
:10BFF0003D30DBB2012B01D001234EE07B680222F1
:10C0000083F83D207B681B68DA687B681B6842F018
:10C010000102DA607B681B68234A934222D07B6866
:10C020001B68B3F1804F1DD07B681B681F4A934289
:10C0300018D07B681B681E4A934213D07B681B682C
:10C040001C4A93420ED07B681B681B4A934209D05E
:10C050007B681B68194A934204D07B681B68184AA6
:10C06000934211D17B681B689B6803F00703FB6058
:10C07000FB68062B10D07B681B681A687B681B68FE
:10C0800042F001021A6007E07B681B681A687B684F
:10C090001B6842F001021A60002318461437BD469F
:10C0A0005DF8047B704700BF0000014000040040C1
:10C0B00000080040000C0040000401400040014026
:10C0C0000018004080B582B000AF78607B68002B1C
:10C0D00001D1012341E07B6893F83D30DBB2002BB6
:10C0E00006D17B68002283F83C207868FCF7E4FBEB
:10C0F0007B68022283F83D207B681A687B680433E2
:10C100001946104600F05EFB7B68012283F846204A
:10C110007B68012283F83E207B68012283F83F2060
:10C120007B68012283F840207B68012283F841204C
:10C130007B68012283F842207B68012283F8432038
:10C140007B68012283F844207B68012283F8452024
:10C150007B68012283F83D20002318460837BD463E
:10C1600080BD000080B584B000AF786039603B6866
:10C17000002B09D17B6893F83E30DBB2012B14BF52
:10C1800001230023DBB222E03B68042B09D17B684A
:10C1900093F83F30DBB2012B14BF01230023DBB245
:10C1A00015E03B68082B09D17B6893F84030DBB27F
:10C1B000012B14BF01230023DBB208E07B6893F856
:10C1C0004130DBB2012B14BF01230023DBB2002B73
:10C1D00001D001237CE03B68002B04D17B68022264
:10C1E00083F83E2013E03B68042B04D17B680222D5
:10C1F00083F83F200BE03B68082B04D17B680222C8
:10C2000083F8402003E07B68022283F841207B68AA
:10C210001B6801223968184600F030FD7B681B68F6
:10C220002D4A934204D07B681B682C4A934201D16B
:10C23000012300E00023002B07D07B681B685A6CA9
:10C240007B681B6842F400425A647B681B68224A80
:10C25000934222D07B681B68B3F1804F1DD07B686E
:10C260001B681F4A934218D07B681B681D4A934283
:10C2700013D07B681B681C4A93420ED07B681B68F6
:10C28000164A934209D07B681B68184A934204D02F
:10C290007B681B68164A934211D17B681B689B68B8
:10C2A00003F00703FB60FB68062B10D07B681B685C
:10C2B0001A687B681B6842F001021A6007E07B681D
:10C2C0001B681A687B681B6842F001021A60002331
:10C2D00018461037BD4680BD0000014000040140F3
:10C2E0000004004000080040000C004000400140F5
:10C2F0000018004080B584B000AF786039607B687A
:10C3000093F83E30FB737B6893F83F30BB737B68D8
:10C3100093F842307B737B6893F843303B733B6800
:10C32000002B10D1FB7B012B02D17B7B012B01D099
:10C33000012369E07B68022283F83E207B680222A9
:10C3400083F8422031E03B68042B10D1BB7B012BEA
:10C3500002D13B7B012B01D0012355E07B680222F7
:10C3600083F83F207B68022283F843201DE0FB7B9B
:10C37000012B08D1BB7B012B05D17B7B012B02D18B
:10C380003B7B012B01D001233EE07B68022283F836
:10C390003E207B68022283F83F207B68022283F8DC
:10C3A00042207B68022283F843203B68002B03D0A5
:10C3B0003B68042B08D00FE07B681B68012200213A
:10C3C000184600F05BFC16E07B681B680122042124
:10C3D000184600F053FC0EE07B681B680122002128
:10C3E000184600F04BFC7B681B68012204211846AC
:10C3F00000F044FC00BF7B681B681A687B681B6800
:10C4000042F001021A60002318461037BD4680BD75
:10C4100080B584B000AF78607B681B68DB68FB6028
:10C420007B681B681B69BB60BB6803F00203002BC1
:10C4300020D0FB6803F00203002B1BD07B681B6835
:10C440006FF002021A617B6801221A777B681B6811
:10C450009B6903F00303002B03D0786800F094F984
:10C4600005E0786800F086F9786800F097F97B6855
:10C4700000221A77BB6803F00403002B20D0FB686E
:10C4800003F00403002B1BD07B681B686FF00402D1
:10C490001A617B6802221A777B681B689B6903F428
:10C4A0004073002B03D0786800F06EF905E07868DF
:10C4B00000F060F9786800F071F97B6800221A7763
:10C4C000BB6803F00803002B20D0FB6803F00803CF
:10C4D000002B1BD07B681B686FF008021A617B6819
:10C4E00004221A777B681B68DB6903F00303002BC7
:10C4F00003D0786800F048F905E0786800F03AF970
:10C50000786800F04BF97B6800221A77BB6803F06B
:10C510001003002B20D0FB6803F01003002B1BD06E
:10C520007B681B686FF010021A617B6808221A771B
:10C530007B681B68DB6903F44073002B03D07868C9
:10C5400000F022F905E0786800F014F9786800F04E
:10C5500025F97B6800221A77BB6803F00103002BE2
:10C560000CD0FB6803F00103002B07D07B681B682D
:10C570006FF001021A617868FBF72AFCBB6803F0D0
:10C580008003002B0CD0FB6803F08003002B07D046
:10C590007B681B686FF080021A61786800F06CFCA1
:10C5A000BB6803F04003002B0CD0FB6803F0400392
:10C5B000002B07D07B681B686FF040021A61786817
:10C5C00000F0F6F8BB6803F02003002B0CD0FB68EA
:10C5D00003F02003002B07D07B681B686FF020025C
:10C5E0001A61786800F03EFC00BF1037BD4680BD80
:10C5F00080B586B000AFF860B9607A600023FB7543
:10C60000FB6893F83C30012B01D10223AEE0FB68BC
:10C61000012283F83C207B680C2B00F29F8001A252
:10C6200052F823F059C600085DC700085DC700082E
:10C630005DC7000899C600085DC700085DC700080F
:10C640005DC70008DBC600085DC700085DC70008BD
:10C650005DC700081BC70008FB681B68B96818465F
:10C6600000F05CF9FB681B689A69FB681B6842F084
:10C6700008029A61FB681B689A69FB681B6822F0D4
:10C6800004029A61FB681B689969BB681A69FB68B8
:10C690001B680A439A6164E0FB681B68B968184626
:10C6A00000F0ACF9FB681B689A69FB681B6842F4F0
:10C6B00000629A61FB681B689A69FB681B6822F438
:10C6C00080629A61FB681B689969BB681B691A02E2
:10C6D000FB681B680A439A6143E0FB681B68B96802
:10C6E000184600F001FAFB681B68DA69FB681B68F2
:10C6F00042F00802DA61FB681B68DA69FB681B68B4
:10C7000022F00402DA61FB681B68D969BB681A6908
:10C71000FB681B680A43DA6123E0FB681B68B968A1
:10C72000184600F055FAFB681B68DA69FB681B685D
:10C7300042F40062DA61FB681B68DA69FB681B6817
:10C7400022F48062DA61FB681B68D969BB681B69E7
:10C750001A02FB681B680A43DA6102E00123FB75D9
:10C7600000BFFB68002283F83C20FB7D1846183789
:10C77000BD4680BD80B483B000AF786000BF0C3789
:10C78000BD465DF8047B704780B483B000AF78602D
:10C7900000BF0C37BD465DF8047B704780B483B0A2
:10C7A00000AF786000BF0C37BD465DF8047B704772
:10C7B00080B483B000AF786000BF0C37BD465DF831
:10C7C000047B704780B485B000AF786039607B68C7
:10C7D0001B68FB607B68464A934213D07B68B3F1C9
:10C7E000804F0FD07B68434A93420BD07B68424A0C
:10C7F000934207D07B68414A934203D07B68404A0A
:10C80000934208D1FB6823F07003FB603B685B68D0
:10C81000FA681343FB607B68354A93422BD07B68F0
:10C82000B3F1804F27D07B68324A934223D07B6894
:10C83000314A93421FD07B68304A93421BD07B68B9
:10C840002F4A934217D07B682E4A934213D07B68BD
:10C850002D4A93420FD07B682C4A93420BD07B68C1
:10C860002B4A934207D07B682A4A934203D07B68C5
:10C87000294A934208D1FB6823F44073FB603B686C
:10C88000DB68FA681343FB60FB6823F080023B68B7
:10C890005B691343FB607B68FA681A603B689A68BF
:10C8A0007B68DA623B681A687B689A627B68104A28
:10C8B000934203D07B68124A934203D13B681A69C2
:10C8C0007B681A637B6801225A617B681B6903F0ED
:10C8D0000103012B05D17B681B6923F001027B68F2
:10C8E0001A6100BF1437BD465DF8047B704700BF76
:10C8F000000001400004004000080040000C00401F
:10C900000004014000400140004401400048014053
:10C9100000180040001C00400020004080B487B098
:10C9200000AF786039607B681B6A7B617B681B6A3B
:10C9300023F001027B681A627B685B683B617B685D
:10C940009B69FB60FB6823F07003FB60FB6823F0CE
:10C950000303FB603B681B68FA681343FB607B6959
:10C9600023F002037B613B689B687A6913437B6118
:10C970007B68204A934203D07B681F4A93420CD1C4
:10C980007B6923F008037B613B68DB687A691343AA
:10C990007B617B6923F004037B617B68154A9342CA
:10C9A00003D07B68144A934211D13B6923F480730E
:10C9B0003B613B6923F400733B613B685B693A6907
:10C9C00013433B613B689B693A6913433B617B6856
:10C9D0003A695A607B68FA689A613B685A687B6872
:10C9E0005A637B687A691A6200BF1C37BD465DF8DE
:10C9F000047B7047000001400004014080B487B010
:10CA000000AF786039607B681B6A7B617B681B6A5A
:10CA100023F010027B681A627B685B683B617B686D
:10CA20009B69FB60FB6823F4E043FB60FB6823F435
:10CA30004073FB603B681B681B02FA681343FB6092
:10CA40007B6923F020037B613B689B681B017A694B
:10CA500013437B617B68224A934203D07B68214A5F
:10CA600093420DD17B6923F080037B613B68DB68D7
:10CA70001B017A6913437B617B6923F040037B616F
:10CA80007B68174A934203D07B68164A934213D1BE
:10CA90003B6923F480633B613B6923F400633B61A2
:10CAA0003B685B699B003A6913433B613B689B6948
:10CAB0009B003A6913433B617B683A695A607B6823
:10CAC000FA689A613B685A687B689A637B687A69FE
:10CAD0001A6200BF1C37BD465DF8047B704700BF7B
:10CAE000000001400004014080B487B000AF7860CE
:10CAF00039607B681B6A7B617B681B6A23F48072E8
:10CB00007B681A627B685B683B617B68DB69FB6002
:10CB1000FB6823F07003FB60FB6823F00303FB60FA
:10CB20003B681B68FA681343FB607B6923F400735E
:10CB30007B613B689B681B027A6913437B617B685E
:10CB4000214A934203D07B68204A93420DD17B69EE
:10CB500023F400637B613B68DB681B027A69134343
:10CB60007B617B6923F480637B617B68164A934217
:10CB700003D07B68154A934213D13B6923F4805359
:10CB80003B613B6923F400533B613B685B691B01DC
:10CB90003A6913433B613B689B691B013A69134344
:10CBA0003B617B683A695A607B68FA68DA613B6886
:10CBB0005A687B68DA637B687A691A6200BF1C373F
:10CBC000BD465DF8047B7047000001400004014051
:10CBD00080B487B000AF786039607B681B6A3B61C6
:10CBE0007B681B6A23F480527B681A627B685B68EF
:10CBF0007B617B68DB69FB60FB6823F4E043FB60DF
:10CC0000FB6823F44073FB603B681B681B02FA68F7
:10CC10001343FB603B6923F400533B613B689B6813
:10CC20001B033A6913433B617B68124A934203D06A
:10CC30007B68114A934209D17B6923F480437B616D
:10CC40003B685B699B017A6913437B617B687A6906
:10CC50005A607B68FA68DA613B685A687B681A64D4
:10CC60007B683A691A6200BF1C37BD465DF8047BD9
:10CC7000704700BF000001400004014080B487B04D
:10CC800000AFF860B9607A60BB6803F01F0301224F
:10CC900002FA03F37B61FB681A6A7B69DB431A4083
:10CCA000FB681A62FB681A6ABB6803F01F037968A5
:10CCB00001FA03F31A43FB681A6200BF1C37BD4632
:10CCC0005DF8047B7047000080B485B000AF7860E9
:10CCD00039607B6893F83C30012B01D102235AE084
:10CCE0007B68012283F83C207B68022283F83D2088
:10CCF0007B681B685B68FB607B681B689B68BB602C
:10CD0000FB6823F07003FB603B681B68FA68134301
:10CD1000FB607B681B68FA685A607B681B68214A65
:10CD2000934222D07B681B68B3F1804F1DD07B6893
:10CD30001B681D4A934218D07B681B681B4A9342AC
:10CD400013D07B681B681A4A93420ED07B681B681D
:10CD5000184A934209D07B681B68174A934204D053
:10CD60007B681B68154A93420CD1BB6823F0800393
:10CD7000BB603B685B68BA681343BB607B681B6839
:10CD8000BA689A607B68012283F83D207B680022A4
:10CD900083F83C20002318461437BD465DF8047B19
:10CDA000704700BF00000140000400400008004040
:10CDB000000C004000040140004001400018004009
:10CDC00080B485B000AF786039600023FB607B6879
:10CDD00093F83C30012B01D102233DE07B68012216
:10CDE00083F83C20FB6823F0FF023B68DB681343B9
:10CDF000FB60FB6823F440723B689B681343FB6055
:10CE0000FB6823F480623B685B681343FB60FB684C
:10CE100023F400623B681B681343FB60FB6823F448
:10CE200080523B681B691343FB60FB6823F400528C
:10CE30003B685B691343FB60FB6823F480423B68FB
:10CE4000DB691343FB607B681B68FA685A647B6884
:10CE5000002283F83C20002318461437BD465DF8B5
:10CE6000047B704780B483B000AF786000BF0C379C
:10CE7000BD465DF8047B704780B483B000AF786036
:10CE800000BF0C37BD465DF8047B704780B582B0AB
:10CE900000AF78607B68002B01D1012342E07B6802
:10CEA00093F84130DBB2002B06D17B68002283F877
:10CEB00040207868FBF7F6FD7B68242283F8412048
:10CEC0007B681B68DA687B681B6822F40052DA60B2
:10CED000786800F097FE7B681B681A697B681B689E
:10CEE00022F490421A617B681B685A697B681B6850
:10CEF00022F02A025A617B681B68DA687B681B682B
:10CF000042F40052DA607B6800225A647B68202277
:10CF100083F841207B68202283F842207B6800222E
:10CF20005A63002318460837BD4680BD80B58CB0D3
:10CF300000AFF860B9601346FB80FB6893F842309D
:10CF4000DBB2202B4AD1BB68002B02D0FB88002B20
:10CF500001D1012343E0FB6801221A63FB68002230
:10CF60005A63FB881A46B968F86800F0EBFB034681
:10CF700087F82F3097F82F30002B2CD1FB681B6BD4
:10CF8000012B25D100233B61FB681B681B683B61BB
:10CF9000FB681B685B683B613B69FB681B680C3383
:10CFA000BB61BB6953E8003F7B617B6943F01003C1
:10CFB000BB62FB681B680C33BA6A7A623B62396AEF
:10CFC0007A6A41E80023FB61FB69002BE5D102E0AE
:10CFD000012387F82F3097F82F3000E002231846FE
:10CFE0003037BD4680BD000080B5BAB000AF786074
:10CFF0007B681B681B68C7F8E4307B681B68DB68CC
:10D00000C7F8E0307B681B685B69C7F8DC30002339
:10D01000C7F8D8300023C7F8D430D7F8E43003F08D
:10D020000F03C7F8D830D7F8D830002B0FD1D7F876
:10D03000E43003F02003002B09D0D7F8E03003F0F0
:10D040002003002B03D0786800F01DFD5BE2D7F8C9
:10D05000D830002B00F0DE80D7F8DC3003F001037D
:10D06000002B06D1D7F8E03003F49073002B00F0CA
:10D07000D180D7F8E43003F00103002B0BD0D7F8B0
:10D08000E03003F48073002B05D07B685B6C43F0C9
:10D0900001027B685A64D7F8E43003F00403002BE4
:10D0A0000BD0D7F8DC3003F00103002B05D07B68F0
:10D0B0005B6C43F002027B685A64D7F8E43003F0FB
:10D0C0000203002B0BD0D7F8DC3003F00103002B58
:10D0D00005D07B685B6C43F004027B685A64D7F828
:10D0E000E43003F00803002B11D0D7F8E03003F050
:10D0F0002003002B05D1D7F8DC3003F00103002B0F
:10D1000005D07B685B6C43F008027B685A647B68DF
:10D110005B6C002B00F0F281D7F8E43003F02003C1
:10D12000002B08D0D7F8E03003F02003002B02D00A
:10D13000786800F0A8FC7B681B685B6903F040031B
:10D14000402B0CBF01230023DBB2C7F8D4307B682F
:10D150005B6C03F00803002B03D1D7F8D430002B0D
:10D160004FD0786800F0B0FB7B681B685B6903F008
:10D170004003402B41D17B681B681433C7F89C30B7
:10D18000D7F89C3053E8003FC7F89830D7F898306C
:10D1900023F04003C7F8D0307B681B681433D7F8FE
:10D1A000D020C7F8A820C7F8A430D7F8A410D7F823
:10D1B000A82041E80023C7F8A030D7F8A030002B02
:10D1C000D9D17B68DB6B002B13D07B68DB6B7E4A8D
:10D1D0001A657B68DB6B1846FDF79EFD0346002B46
:10D1E00016D07B68DB6B1B6D7A68D26B1046984754
:10D1F0000EE07868F4F704F80AE07868F4F700F8CD
:10D2000006E07868F3F7FCFF7B6800225A6475E15A
:10D2100000BF73E17B681B6B012B40F04F81D7F897
:10D22000E43003F01003002B00F04881D7F8E03021
:10D2300003F01003002B00F041810023BB607B68EA
:10D240001B681B68BB607B681B685B68BB60BB6856
:10D250007B681B685B6903F04003402B40F0B6809D
:10D260007B68DB6B1B685B68A7F8BE30B7F8BE3025
:10D27000002B00F045817B689B8DB7F8BE209A4259
:10D2800080F03E817B68B7F8BE20DA857B68DB6B77
:10D29000DB69B3F5807F00F088807B681B680C3306
:10D2A000C7F88830D7F8883053E8003FC7F8843093
:10D2B000D7F8843023F48073C7F8B8307B681B68D4
:10D2C0000C33D7F8B820C7F89420C7F89030D7F8B7
:10D2D0009010D7F8942041E80023C7F88C30D7F895
:10D2E0008C30002BD9D17B681B6814337B677B6F34
:10D2F00053E8003F3B673B6F23F00103C7F8B430AE
:10D300007B681B681433D7F8B420C7F88020FB670C
:10D31000F96FD7F8802041E80023BB67BB6F002B73
:10D32000E1D17B681B6814333B663B6E53E8003FDA
:10D33000FB65FB6D23F04003C7F8B0307B681B68CA
:10D340001433D7F8B020FA66BB66B96EFA6E41E8BE
:10D3500000237B667B6E002BE3D17B68202283F861
:10D3600042207B6800221A637B681B680C33FB64D5
:10D37000FB6C53E8003FBB64BB6C23F01003C7F8A1
:10D38000AC307B681B680C33D7F8AC20BA657B6582
:10D39000796DBA6D41E800233B653B6D002BE3D10D
:10D3A0007B68DB6B1846FDF747FC7B6802225A63FB
:10D3B0007B689A8D7B68DB8D9BB2D31A9BB2194632
:10D3C0007868F3F7B9FE9BE08FD900087B689A8DE7
:10D3D0007B68DB8D9BB2D31AA7F8CE307B68DB8DE0
:10D3E0009BB2002B00F08E80B7F8CE30002B00F0FF
:10D3F00089807B681B680C33BB63BB6B53E8003FC1
:10D400007B637B6B23F49073C7F8C8307B681B6821
:10D410000C33D7F8C8207A643B64396C7A6C41E8E5
:10D420000023FB63FB6B002BE3D17B681B68143389
:10D430007B627B6A53E8003F3B623B6A23F0010357
:10D44000C7F8C4307B681B681433D7F8C4203A632C
:10D45000FB62F96A3A6B41E80023BB62BB6A002BAE
:10D46000E3D17B68202283F842207B6800221A6384
:10D470007B681B680C333B613B6953E8003FFB60F2
:10D48000FB6823F01003C7F8C0307B681B680C33BF
:10D49000D7F8C020FA61BB61B969FA6941E8002395
:10D4A0007B617B69002BE3D17B6802225A63B7F86A
:10D4B000CE3019467868F3F73FFE23E0D7F8E43022
:10D4C00003F08003002B09D0D7F8E03003F080038D
:10D4D000002B03D0786800F06EFA14E0D7F8E4303F
:10D4E00003F04003002B0ED0D7F8E03003F04003E8
:10D4F000002B08D0786800F0AEFA04E000BF02E02C
:10D5000000BF00E000BFE837BD4680BD80B483B0F7
:10D5100000AF786000BF0C37BD465DF8047B7047F4
:10D5200080B483B000AF786000BF0C37BD465DF8B3
:10D53000047B704780B483B000AF786000BF0C37C5
:10D54000BD465DF8047B704780B59CB000AF786045
:10D550007B689B6BFB667B681B681B6803F48073AE
:10D56000002B72D1FB6E0022DA85FB6E1B680C3338
:10D57000FB64FB6C53E8003FBB64BB6C23F480731B
:10D58000BB66FB6E1B680C33BA6EBA657B65796D42
:10D59000BA6D41E800233B653B6D002BE5D1FB6E86
:10D5A0001B681433BB63BB6B53E8003F7B637B6B2F
:10D5B00023F001037B66FB6E1B6814337A6E7A647A
:10D5C0003B64396C7A6C41E80023FB63FB6B002BF6
:10D5D000E5D1FB6E1B6814337B627B6A53E8003F26
:10D5E0003B623B6A23F040033B66FB6E1B681433CF
:10D5F0003A6E3A63FB62F96A3A6B41E80023BB6218
:10D60000BB6A002BE5D1FB6E202283F84220FB6E23
:10D610001B6B012B19D1FB6E1B680C333B613B6903
:10D6200053E8003FFB60FB6823F01003FB65FB6ED3
:10D630001B680C33FA6DFA61BB61B969FA6941E89C
:10D6400000237B617B69002BE5D1FB6E00225A63CE
:10D65000FB6E1B6B012B06D1FB6E9B8D1946F86E82
:10D66000F3F76AFD02E0F86EFFF75AFF00BF70376C
:10D67000BD4680BD80B584B000AF78607B689B6B91
:10D68000FB60FB6801225A63FB681B6B012B08D10E
:10D69000FB689B8D5B089BB21946F868F3F74CFD5D
:10D6A00002E0F868FFF746FF00BF1037BD4680BDB7
:10D6B00080B584B000AF78600023FB607B689B6B13
:10D6C000BB60BB681B685B6903F08003802B0CBFE9
:10D6D00001230023DBB2FB60BB6893F84130DBB26F
:10D6E000212B08D1FB68002B05D0BB680022DA840F
:10D6F000B86800F0C1F8BB681B685B6903F04003C1
:10D70000402B0CBF01230023DBB2FB60BB6893F806
:10D710004230DBB2222B08D1FB68002B05D0BB685E
:10D720000022DA85B86800F0CFF8BB685B6C43F084
:10D730001002BB685A64B868F3F762FD00BF103787
:10D74000BD4680BD80B598B000AFF860B9601346A3
:10D75000FB80BA68FB689A62FB68FA889A85FB6866
:10D7600000225A64FB68222283F84220FB68DB6BAC
:10D770003E4ADA63FB68DB6B3D4A1A64FB68DB6B8D
:10D780003C4ADA64FB68DB6B00221A6507F1080388
:10D79000FB65FB68D86BFB681B6804331946FB6D9F
:10D7A0001A68FB88FDF7F0F900233B61FB681B68F2
:10D7B0001B683B61FB681B685B683B613B69FB68FE
:10D7C0001B69002B19D0FB681B680C333B643B6C56
:10D7D00053E8003FFB63FB6B43F48073BB65FB685E
:10D7E0001B680C33BA6DFA64BB64B96CFA6C41E81F
:10D7F00000237B647B6C002BE5D1FB681B68143332
:10D80000FB62FB6A53E8003FBB62BB6A43F0010363
:10D810007B65FB681B6814337A6DBA637B63796B35
:10D82000BA6B41E800233B633B6B002BE5D1FB68FF
:10D830001B681433BB61BB6953E8003F7B617B69A4
:10D8400043F040033B65FB681B6814333A6D7A6212
:10D850003B62396A7A6A41E80023FB61FB69002B6D
:10D86000E5D1002318466037BD4680BD49D5000884
:10D8700075D60008B1D6000880B489B000AF7860D2
:10D880007B681B680C33FB60FB6853E8003FBB60A0
:10D89000BB6823F0C003FB617B681B680C33FA692B
:10D8A000BA617B617969BA6941E800233B613B69F0
:10D8B000002BE5D17B68202283F8412000BF24376C
:10D8C000BD465DF8047B704780B495B000AF7860CA
:10D8D0007B681B680C337B637B6B53E8003F3B63C7
:10D8E0003B6B23F49073FB647B681B680C33FA6C0E
:10D8F0003A64FB63F96B3A6C41E80023BB63BB6B92
:10D90000002BE5D17B681B6814333B623B6A53E80C
:10D91000003FFB61FB6923F00103BB647B681B686C
:10D920001433BA6CFA62BB62B96AFA6A41E800233E
:10D930007B627B6A002BE5D17B681B6B012B19D1C5
:10D940007B681B680C33FB60FB6853E8003FBB60DF
:10D95000BB6823F010037B647B681B680C337A6C14
:10D96000BA617B617969BA6941E800233B613B692F
:10D97000002BE5D17B68202283F842207B680022BF
:10D980001A6300BF5437BD465DF8047B704780B50D
:10D9900084B000AF78607B689B6BFB60FB68002203
:10D9A000DA85FB680022DA84F868F3F729FC00BF07
:10D9B0001037BD4680BD80B485B000AF78607B680D
:10D9C00093F84130DBB2212B3ED17B689B68B3F5E5
:10D9D000805F14D17B681B69002B10D17B681B6AA8
:10D9E000FB60FB681B881A467B681B68C2F3080251
:10D9F0005A607B681B6A9A1C7B681A6208E07B6825
:10DA00001B6A591C7A6811621A787B681B685A6015
:10DA10007B68DB8C9BB2013B9BB27A681946D18450
:10DA2000002B0FD17B681B68DA687B681B6822F0CB
:10DA30008002DA607B681B68DA687B681B6842F0EA
:10DA40004002DA60002300E0022318461437BD4686
:10DA50005DF8047B704780B582B000AF78607B686A
:10DA60001B68DA687B681B6822F04002DA607B681A
:10DA7000202283F841207868FFF748FD00231846EC
:10DA80000837BD4680BD80B58CB000AF78607B683C
:10DA900093F84230DBB2222B40F0AE807B689B686B
:10DAA000B3F5805F17D17B681B69002B13D100236E
:10DAB000FB627B689B6ABB627B681B685B689BB28E
:10DAC000C3F308039AB2BB6A1A807B689B6A9A1CEC
:10DAD0007B689A6226E07B689B6AFB620023BB62DC
:10DAE0007B689B68B3F5805F07D07B689B68002BE1
:10DAF0000AD17B681B69002B06D17B681B685B68B9
:10DB0000DAB2FB6A1A7008E07B681B685B68DBB2FC
:10DB100003F07F03DAB2FB6A1A707B689B6A5A1CB7
:10DB20007B689A627B68DB8D9BB2013B9BB27A6813
:10DB30001946D185002B5DD17B681B68DA687B684C
:10DB40001B6822F02002DA607B681B68DA687B6859
:10DB50001B6822F48072DA607B681B685A697B68F4
:10DB60001B6822F001025A617B68202283F8422060
:10DB70007B6800225A637B681B6B012B35D17B6865
:10DB800000221A637B681B680C337B617B6953E856
:10DB9000003F3B613B6923F010037B627B681B689D
:10DBA0000C337A6A3A62FB61F9693A6A41E8002308
:10DBB000BB61BB69002BE5D17B681B681B6803F068
:10DBC0001003102B0AD10023FB607B681B681B68C5
:10DBD000FB607B681B685B68FB60FB687B689B8DF8
:10DBE00019467868F3F7A8FA02E07868FFF798FC1E
:10DBF000002302E0002300E0022318463037BD4630
:10DC000080BD00002DE9B04FC0B000AFC7F8F400F0
:10DC1000D7F8F4301B681B6923F44050D7F8F43070
:10DC2000D968D7F8F4301A6840EA01031361D7F8CD
:10DC3000F4309A68D7F8F4301B691A43D7F8F430F7
:10DC40005B691A43D7F8F430DB691343C7F8F8303F
:10DC5000D7F8F4301B68DB6823F4164121F00C017F
:10DC6000D7F8F4301A68D7F8F8300B43D360D7F8F8
:10DC7000F4301B685B6923F44070D7F8F43099697D
:10DC8000D7F8F4301A6840EA01035361D7F8F4304A
:10DC90001A688F4B9A4205D0D7F8F4301A688D4B2A
:10DCA0009A4204D1FCF72CFAC7F8FC0003E0FCF719
:10DCB00013FAC7F8FC00D7F8F430DB69B3F5004F6E
:10DCC00040F00C81D7F8FC300022C7F8E830C7F8E4
:10DCD000EC20D7E93A4522462B469118B9655B41BD
:10DCE000FB65D7E91623214612EB0108294643EBD1
:10DCF00001094FF000024FF000034FEAC90343EA65
:10DD000058734FEAC80290469946234618EB03031E
:10DD1000C7F8E0302B4649EB0303C7F8E430D7F8E7
:10DD2000F4305B680022C7F8D830C7F8DC20D7E9A8
:10DD300036120B46DB183B65134642EB03037B654B
:10DD4000D7E91423D7E93801F2F740FE02460B4623
:10DD5000614BA3FB02235B091C01D7F8FC300022B6
:10DD6000C7F8D030C7F8D420D7E9348942464B46AB
:10DD70009118B9645B41FB64D7E91223414612EB69
:10DD8000010A494643EB010B4FF000024FF000033C
:10DD90004FEACB0343EA5A734FEACA0292469B46C4
:10DDA00043461AEB0303C7F8C8304B464BEB03035B
:10DDB000C7F8CC30D7F8F4305B680022C7F8C03021
:10DDC000C7F8C420D7E930120B46DB183B64134672
:10DDD00042EB03037B64D7E91023D7E93201F2F762
:10DDE000F5FD02460B4611463B4BA3FB01235B09A5
:10DDF000642202FB03F3CB1ADB0003F13202364B41
:10DE0000A3FB02235B095B0003F4F8731C44D7F8FF
:10DE1000FC300022C7F8B830C7F8BC20D7E92E89FB
:10DE200042464B469118B9635B41FB63D7E90E2329
:10DE300041465118396349464B417B634FF000021C
:10DE40004FF00003D7E90CAB5946CB00514643EAEB
:10DE500051735146CA0010461946034642469B1864
:10DE6000C7F8B0304B460A4642EB0303C7F8B4305C
:10DE7000D7F8F4305B680022C7F8A830C7F8AC20A8
:10DE8000D7E92A120B46DB18BB62134642EB0303A9
:10DE9000FB62D7E90A23D7E92C01F2F797FD024686
:10DEA0000B460D4BA3FB02135B09642101FB03F33B
:10DEB000D31ADB003233084AA2FB03235B0903F0C9
:10DEC0000702D7F8F4301B6822449A6006E100BFCD
:10DED00000100140001401401F85EB51D7F8FC30C1
:10DEE0000022C7F8A030C7F8A420D7E92889424605
:10DEF0004B46911839625B417B62D7E90823414662
:10DF00005418494643EB01054FF000024FF000035F
:10DF1000EB0043EA5473E20014461D464346E318FF
:10DF2000C7F898304B4645EB0303C7F89C30D7F849
:10DF3000F4305B680022C7F89030C7F894204FF0A7
:10DF400000024FF00003D7E9244529468B00214603
:10DF500043EA917321468A00D7E92601F2F736FD9C
:10DF600002460B46604BA3FB02235B091C01D7F85A
:10DF7000FC300022C7F88830C7F88C20D7E9228906
:10DF800042464B469118B9615B41FB61D7E90623D4
:10DF900041465118396149464B417B614FF00002BF
:10DFA0004FF00003D7E904AB5946CB00514643EA92
:10DFB00051735146CA0010461946034642469B1803
:10DFC000C7F880304B460A4642EB0303C7F884305B
:10DFD000D7F8F4305B680022BB67FA674FF00002A5
:10DFE0004FF00003D7E91E8949468B00414643EABA
:10DFF000917341468A00D7E92001F2F7E7FC024617
:10E000000B461146384BA3FB01235B09642202FB3C
:10E0100003F3CB1A1B013233334AA2FB03235B0900
:10E0200003F0F0031C44D7F8FC3000223B677A670A
:10E03000D7E91C8942464B469118B9605B41FB60A9
:10E04000D7E9022341465118396049464B417B606C
:10E050004FF000024FF00003D7E900AB5946CB0068
:10E06000514643EA51735146CA00104619460346C9
:10E0700042469B18BB664B460A4642EB0303FB66CF
:10E08000D7F8F4305B6800223B667A664FF00002F6
:10E090004FF00003D7E9188949468B00414643EA0F
:10E0A000917341468A00D7E91A01F2F78FFC0246C4
:10E0B0000B460D4BA3FB02135B09642101FB03F329
:10E0C000D31A1B013233084AA2FB03235B0903F076
:10E0D0000F02D7F8F4301B6822449A6000BF07F59E
:10E0E0008077BD46BDE8B08F1F85EB5180B400AF8F
:10E0F000064BD3F88830054A43F47003C2F88830E1
:10E1000000BFBD465DF8047B704700BF00ED00E036
:10E1100080B483B000AF78607B6803F108027B684D
:10E120005A607B684FF0FF329A607B6803F1080207
:10E130007B68DA607B6803F108027B681A617B68A0
:10E1400000221A6000BF0C37BD465DF8047B7047A3
:10E1500080B483B000AF78607B6800221A6100BF92
:10E160000C37BD465DF8047B704780B485B000AFC6
:10E17000786039607B685B68FB603B68FA685A606E
:10E18000FB689A683B689A60FB689B683A685A60CB
:10E19000FB683A689A603B687A681A617B681B681A
:10E1A0005A1C7B681A6000BF1437BD465DF8047BBB
:10E1B000704780B485B000AF786039603B681B68F9
:10E1C000BB60BB68B3F1FF3F03D17B681B69FB6099
:10E1D0000CE07B680833FB6002E0FB685B68FB6077
:10E1E000FB685B681B68BA689A42F6D2FB685A689B
:10E1F0003B685A603B685B683A689A603B68FA68BB
:10E200009A60FB683A685A603B687A681A617B6872
:10E210001B685A1C7B681A6000BF1437BD465DF846
:10E22000047B704780B485B000AF78607B681B6961
:10E23000FB607B685B687A6892689A607B689B6821
:10E240007A6852685A60FB685B687A689A4203D1C0
:10E250007B689A68FB685A607B6800221A61FB68D9
:10E260001B685A1EFB681A60FB681B681846143747
:10E27000BD465DF8047B704780B58EB004AFF86092
:10E28000B9607A603B607B6B002B0BD14FF0500381
:10E2900083F31188BFF36F8FBFF34F8F3B6200BFD3
:10E2A00000BFFDE7BB6B002B0BD14FF0500383F396
:10E2B0001188BFF36F8FBFF34F8FFB6100BF00BFAB
:10E2C000FDE754233B613B69542B0BD04FF05003C7
:10E2D00083F31188BFF36F8FBFF34F8FBB6100BF14
:10E2E00000BFFDE73B69BB6B002B1ED07B6B002B97
:10E2F0001BD0BB6B7B627B6A7A6B1A637B6A0222E0
:10E3000083F85120002303937B6A029307F11403DF
:10E3100001933B6B00933B687A68B968F86800F03A
:10E3200050F8786A00F0D6F801E000237B617B6941
:10E3300018462837BD4680BD80B58CB004AFF86064
:10E34000B9603B601346FB80FB889B00184600F0D9
:10E3500041FD78617B69002B0ED0542000F03AFD1E
:10E36000F861FB69002B03D0FB697A691A6305E049
:10E37000786900F0FDFD01E00023FB61FB69002BE3
:10E3800017D0FB69002283F85120FA8800230393F9
:10E39000FB690293FB6A0193BB6A00933B68B9680F
:10E3A000F86800F00EF8F86900F094F80123BB61FA
:10E3B00002E04FF0FF33BB61BB6918462037BD4612
:10E3C00080BD80B588B000AFF860B9607A603B600E
:10E3D0003B6B1A6B7B6803F18043013B9B0013444A
:10E3E000BB61BB6923F00703BB61BB6903F0070393
:10E3F000002B0BD04FF0500383F31188BFF36F8FC6
:10E40000BFF34F8F7B6100BF00BFFDE7BB68002BF0
:10E410001FD00023FB6112E0BA68FB69134419782E
:10E420003A6BFB69134434330A461A70BA68FB69C5
:10E4300013441B78002B06D0FB690133FB61FB6999
:10E440000F2BE9D900E000BF3B6B002283F843208B
:10E4500003E03B6B002283F83420BB6A062B01D912
:10E460000623BB623B6BBA6ADA623B6BBA6A5A64D8
:10E470003B6B00229A643B6B04331846FFF768FE3F
:10E480003B6B18331846FFF763FE3B6B3A6B1A6120
:10E49000BB6AC3F107023B6B9A613B6B3A6B5A62F2
:10E4A0003B6B0022DA643B6B002283F850203A6811
:10E4B000F968B86900F07CFE02463B6B1A60FB6AA3
:10E4C000002B02D0FB6A3A6B1A6000BF2037BD46B2
:10E4D00080BD000080B582B000AF786000F09CFF86
:10E4E0002A4B1B680133294A1360294B1B68002BF8
:10E4F00009D1274A7B681360244B1B68012B10D17C
:10E5000000F0C4FA0DE0234B1B68002B09D1204B0F
:10E510001B68DA6A7B68DB6A9A4202D81C4A7B680D
:10E5200013601D4B1B6801331B4A13607B68DB6A59
:10E5300001229A40194B1B681343184A13607B68E9
:10E54000DA6A13469B0013449B00154A1A447B6801
:10E55000043319461046FFF708FE00F08FFF0D4BFD
:10E560001B68002B0ED00A4B1B68DA6A7B68DB6ADB
:10E570009A4207D20B4B4FF080521A60BFF34F8F75
:10E58000BFF36F8F00BF0837BD4680BD5419002010
:10E590005418002060190020701900205C19002018
:10E5A0005818002004ED00E080B584B000AF78601A
:10E5B0000023FB607B68002B18D0144B1B68002BDA
:10E5C0000BD04FF0500383F31188BFF36F8FBFF36D
:10E5D0004F8FBB6000BF00BFFDE700F07DF800215A
:10E5E000786800F011FB00F085F8F860FB68002BFC
:10E5F00007D1074B4FF080521A60BFF34F8FBFF324
:10E600006F8F00BF1037BD4680BD00BF7C19002052
:10E6100004ED00E080B58AB004AF0023BB600023A6
:10E620007B603A46391D07F108031846F9F7D6FC16
:10E6300039687B68BA680292019300230093002333
:10E640000A461F491F48FFF717FE03461E4A13607C
:10E650001D4B1B68002B02D001237B6101E00023CE
:10E660007B617B69012B16D14FF0500383F3118836
:10E67000BFF36F8FBFF34F8F3B6100BF134B4FF062
:10E68000FF321A60124B01221A60124B00221A60EC
:10E6900000F01EFE0FE07B69B3F1FF3F0BD14FF09E
:10E6A000500383F31188BFF36F8FBFF34F8FFB606D
:10E6B00000BF00BFFDE700BF1837BD4680BD00BFEB
:10E6C0000C1A01085DEA000878190020741900206E
:10E6D000601900205819002080B400AF044B1B685B
:10E6E0000133034A136000BFBD465DF8047B7047E9
:10E6F0007C19002080B584B000AF0023FB600023AC
:10E70000BB60424B1B68002B0BD14FF0500383F3CF
:10E710001188BFF36F8FBFF34F8F3B6000BF00BF07
:10E72000FDE700F079FE394B1B68013B374A136067
:10E73000364B1B68002B61D1354B1B68002B5DD01D
:10E740002EE0344BDB68DB68FB60FB68183318464F
:10E75000FFF768FDFB6804331846FFF763FDFB68AD
:10E76000DB6A01229A402C4B1B6813432A4A136030
:10E77000FB68DA6A13469B0013449B00274A1A443D
:10E78000FB68043319461046FFF7EFFCFB68DA6AB2
:10E79000234B1B68DB6A9A4202D3224B01221A6088
:10E7A0001C4B1B68002BCCD1FB68002B01D000F068
:10E7B0000BFA1D4B1B687B607B68002B10D000F0B0
:10E7C00037F80346002B02D0164B01221A607B68F3
:10E7D000013B7B607B68002BF1D1134B00221A6058
:10E7E000104B1B68002B09D00123BB600F4B4FF06F
:10E7F00080521A60BFF34F8FBFF36F8F00F03EFE61
:10E80000BB6818461037BD4680BD00BF7C1900208C
:10E8100054190020141900205C19002058180020F9
:10E8200054180020681900206419002004ED00E04D
:10E8300080B586B000AF00237B614F4B1B68002B77
:10E8400040F08F804D4B1B6801333B614B4A3B6965
:10E8500013603B69002B21D1494B1B681B68002BBF
:10E860000BD04FF0500383F31188BFF36F8FBFF3CA
:10E870004F8F3B6000BF00BFFDE7414B1B68FB6053
:10E88000404B1B683E4A13603E4AFB6813603E4B98
:10E890001B6801333C4A136000F096F93B4B1B6840
:10E8A0003A699A4248D3364B1B681B68002B04D147
:10E8B000364B4FF0FF321A603EE0314B1B68DB688D
:10E8C000DB68BB60BB685B687B603A697B689A42C7
:10E8D00003D22E4A7B6813602EE0BB6804331846CF
:10E8E000FFF7A0FCBB689B6A002B04D0BB68183301
:10E8F0001846FFF797FCBB68DB6A01229A40244B5D
:10E900001B681343224A1360BB68DA6A13469B00F4
:10E9100013449B001F4A1A44BB680433194610462F
:10E92000FFF723FCBB68DA6A1B4B1B68DB6A9A4261
:10E93000B9D301237B61B6E7174B1B68DA6A154927
:10E9400013469B0013449B000B441B68012B01D909
:10E9500001237B61114B1B68002B07D001237B61D6
:10E9600004E00F4B1B6801330D4A13607B691846A6
:10E970001837BD4680BD00BF7C1900205819002003
:10E980000C190020101900206C19002074190020A7
:10E990005C19002058180020541800206819002025
:10E9A0006419002080B487B000AF274B1B68002B90
:10E9B00003D0264B01221A6040E0244B00221A604B
:10E9C000234B1B68FB60FB68B3FA83F3FB72FB7A93
:10E9D000C3F11F037B611F497A6913469B001344EF
:10E9E0009B000B441B68002B0BD14FF0500383F3AB
:10E9F0001188BFF36F8FBFF34F8F7B6000BF00BFE5
:10EA0000FDE77A6913469B0013449B00114A1344A7
:10EA10003B613B695B685A683B695A603B695A686D
:10EA20003B6908339A4204D13B695B685A683B6989
:10EA30005A603B695B68DB68074A136000BF1C379C
:10EA4000BD465DF8047B70477C19002068190020E2
:10EA50005C190020581800205418002080B582B09E
:10EA600000AF786000F052F8064B1B68012BF9D913
:10EA7000054B4FF080521A60BFF34F8FBFF36F8F7B
:10EA8000F0E700BF5818002004ED00E080B582B028
:10EA900000AF00237B600CE07A6813469B001344B0
:10EAA0009B00124A13441846FFF732FB7B68013380
:10EAB0007B607B68062BEFD90D48FFF729FB0D48DB
:10EAC000FFF726FB0C48FFF723FB0C48FFF720FB62
:10EAD0000B48FFF71DFB0B4B054A1A600A4B054A12
:10EAE0001A6000BF0837BD4680BD00BF581800201F
:10EAF000E4180020F818002014190020281900201C
:10EB0000401900200C1900201019002080B582B097
:10EB100000AF19E000F080FC104BDB68DB687B6025
:10EB20007B6804331846FFF77DFB0D4B1B68013BE8
:10EB30000B4A13600B4B1B68013B0A4A136000F041
:10EB40009DFC786800F010F8064B1B68002BE1D1A3
:10EB500000BF00BF0837BD4680BD00BF2819002098
:10EB6000541900203C19002080B584B000AF7860B3
:10EB70007B6893F85130002B08D17B681B6B1846DB
:10EB800000F0F6F9786800F0F3F919E07B6893F883
:10EB90005130012B03D1786800F0EAF910E07B686E
:10EBA00093F85130022B0BD04FF0500383F31188B0
:10EBB000BFF36F8FBFF34F8FFB6000BF00BFFDE758
:10EBC00000BF1037BD4680BD80B483B000AF0C4B92
:10EBD0001B681B68002B04D10A4B4FF0FF321A60F0
:10EBE00008E0074B1B68DB68DB687B607B685B6861
:10EBF000044A136000BF0C37BD465DF8047B7047C4
:10EC00000C1900207419002080B584B000AF786022
:10EC10003960294B1B68FB60284B1B68043318467E
:10EC2000FFF700FB0346002B0BD1244B1B68DB6A6C
:10EC3000012202FA03F3DA43214B1B681340204AF6
:10EC400013607B68B3F1FF3F0AD13B68002B07D00C
:10EC50001A4B1B68043319461A48FFF786FA26E058
:10EC6000FA687B681344BB60144B1B68BA685A602F
:10EC7000BA68FB689A4209D2134B1A680F4B1B689B
:10EC8000043319461046FFF794FA10E00F4B1A6848
:10EC90000A4B1B68043319461046FFF78AFA0C4BDF
:10ECA0001B68BA689A4202D2094ABB68136000BF67
:10ECB0001037BD4680BD00BF5819002054180020F1
:10ECC0005C19002040190020101900200C190020A8
:10ECD0007419002080B485B000AF0346FB80002388
:10ECE000FB60B7F90630842B05D0B7F90620FB6826
:10ECF00013440333FB60FB6818461437BD465DF8C8
:10ED0000047B704780B500AFFFF784FC00231846F2
:10ED100080BDF0B589B004AF786039607B685B690D
:10ED2000002B20D07B689B69002B1CD07B685C6823
:10ED30007B681D687B681E697B68B3F908301846DC
:10ED4000FFF7C8FF01467B685B697A6892690292A7
:10ED5000019300913B68324629462046FFF78CFA22
:10ED60000346FB601CE07B685C687B681D687B6811
:10ED70001B699EB27B68B3F908301846FFF7AAFFFB
:10ED8000024607F10C03019300923B683246294684
:10ED90002046FFF7D1FA0346012B01D0002300E003
:10EDA000FB6818461437BD46F0BD80B584B000AF8F
:10EDB00078607B68FB60FB68002B01D0FB6800E09B
:10EDC00001231846FFF7F0FB002318461037BD4615
:10EDD00080BD000080B58AB000AF78600023FB6181
:10EDE000FFF77AFC5C4B1B68002B01D100F024F983
:10EDF0005A4B1A687B681340002B40F095807B6863
:10EE0000002B1ED008227B6813447B607B6803F0D4
:10EE10000703002B15D07B6823F0070308337B60C2
:10EE20007B6803F00703002B0BD04FF0500383F3F4
:10EE30001188BFF36F8FBFF34F8F7B6100BF00BF9F
:10EE4000FDE77B68002B6FD0454B1B687A689A42C0
:10EE50006AD8444B3B62434B1B687B6204E07B6A8D
:10EE60003B627B6A1B687B627B6A5B687A689A425A
:10EE700003D97B6A1B68002BF1D1374B1B687A6A78
:10EE80009A4251D03B6A1B6808221344FB617B6A9B
:10EE90001A683B6A1A607B6A5A687B68D21A082330
:10EEA0005B009A4220D97A6A7B681344BB61BB69D4
:10EEB00003F00703002B0BD04FF0500383F31188AE
:10EEC000BFF36F8FBFF34F8F3B6100BF00BFFDE704
:10EED0007B6A5A687B68D21ABB695A607B6A7A6817
:10EEE0005A60B86900F00AF91D4B1A687B6A5B68C2
:10EEF000D31A1B4A13601A4B1A681B4B1B689A42A1
:10EF000003D2174B1B68184A13607B6A5A68134B6D
:10EF10001B681A437B6A5A607B6A00221A60134B93
:10EF20001B680133114A1360FFF7E4FBFB6903F030
:10EF30000703002B0BD04FF0500383F31188BFF36E
:10EF40006F8FBFF34F8FFB6000BF00BFFDE7FB6912
:10EF500018462837BD4680BDA8670020BC67002042
:10EF6000AC670020A0670020B0670020B4670020D5
:10EF700080B586B000AF78607B687B617B68002BD2
:10EF80004FD008235B427A6913447B617B693B6104
:10EF90003B695A68254B1B681340002B0BD14FF07F
:10EFA000500383F31188BFF36F8FBFF34F8FFB6064
:10EFB00000BF00BFFDE73B691B68002B0BD04FF083
:10EFC000500383F31188BFF36F8FBFF34F8FBB6084
:10EFD00000BF00BFFDE73B695A68144B1B68134034
:10EFE000002B1ED03B691B68002B1AD13B695A6865
:10EFF0000E4B1B68DB431A403B695A60FFF76CFB02
:10F000003B695A680A4B1B681344094A1360386904
:10F0100000F074F8074B1B680133064A1360FFF7D2
:10F0200069FB00BF1837BD4680BD00BFBC6700202C
:10F03000AC670020B867002080B485B000AF44F60C
:10F040002063BB60274BFB60FB6803F00703002BCA
:10F050000CD0FB680733FB60FB6823F00703FB6001
:10F06000BA68FB68D31A1F4A1344BB60FB687B6015
:10F070001D4A7B6813601C4B00225A607B68BA688B
:10F080001344FB600822FB689B1AFB60FB6823F0BB
:10F090000703FB60FB68154A1360144B1B680022D2
:10F0A0005A60124B1B6800221A607B683B603B6809
:10F0B000FA68D21A3B685A600C4B1A683B681A60AF
:10F0C0003B685B680A4A13603B685B68094A1360E7
:10F0D000094B4FF000421A6000BF1437BD465DF87F
:10F0E000047B704780190020A0670020A8670020DB
:10F0F000B0670020AC670020BC67002080B485B0FA
:10F1000000AF7860284BFB6002E0FB681B68FB6087
:10F11000FB681B687A689A42F7D8FB68BB60FB689B
:10F120005B68BA6813447A689A4208D1FB685A68E7
:10F130007B685B681A44FB685A60FB687B607B688D
:10F14000BB607B685B68BA681A44FB681B689A42BC
:10F1500018D1FB681A68154B1B689A420DD07B6862
:10F160005A68FB681B685B681A447B685A60FB68D6
:10F170001B681A687B681A6008E00C4B1A687B6889
:10F180001A6003E0FB681A687B681A60FA687B689B
:10F190009A4202D0FB687A681A6000BF1437BD46F5
:10F1A0005DF8047B704700BFA0670020A8670020BF
:10F1B00080B485B000AFF860B9607A60FB68043B4A
:10F1C000FB60FB684FF080721A60FB68043BFB60D9
:10F1D000BB6823F00102FB681A60FB68043BFB601C
:10F1E0000C4AFB681A60FB68143BFB607A68FB689A
:10F1F0001A60FB68043BFB60FB686FF002021A6058
:10F20000FB68203BFB60FB6818461437BD465DF881
:10F21000047B704719F2000880B485B000AF00236A
:10F220007B60134B1B68B3F1FF3F0BD04FF05003D3
:10F2300083F31188BFF36F8FBFF34F8FFB6000BF65
:10F2400000BFFDE74FF0500383F31188BFF36F8FCA
:10F25000BFF34F8FBB6000BF00BF7B68002BFCD0AB
:10F2600000BF00BF1437BD465DF8047B704700BF88
:10F27000500200200000000000000000000000001C
:10F28000074B19680868B0E8F04F80F30988BFF3AE
:10F290006F8F4FF0000080F311887047AFF300804C
:10F2A0005418002000BF00BF08480068006880F3C1
:10F2B00008884FF0000080F3148862B661B6BFF38F
:10F2C0004F8FBFF36F8F00DF00BF00BF08ED00E07E
:10F2D00080B586B000AF474B1B68474A93420BD1BD
:10F2E0004FF0500383F31188BFF36F8FBFF34F8F3D
:10F2F000FB6000BF00BFFDE73E4B1B683F4A9342E7
:10F300000BD14FF0500383F31188BFF36F8FBFF31E
:10F310004F8F3B6100BF00BFFDE7394B7B617B69CD
:10F320001B78DBB27B607B69FF221A707B691B78DC
:10F33000DBB2FB70FB78DBB203F05003DAB2314B87
:10F340001A70314B07221A6009E02F4B1B68013BF2
:10F350002D4A1360FB78DBB25B00DBB2FB70FB78FD
:10F36000DBB203F08003802BEFD0274B1B68C3F187
:10F370000703042B0BD04FF0500383F31188BFF326
:10F380006F8FBFF34F8FBB6000BF00BFFDE71E4B09
:10F390001B681B021C4A13601B4B1B6803F4E063D1
:10F3A000194A13607B68DAB27B691A70174B1B68C5
:10F3B000164A43F470031360144B1B68134A43F05E
:10F3C0007043136000F0DAF8114B00221A6000F06D
:10F3D000F9F8104B1B680F4A43F040431360FFF7E6
:10F3E00063FFFFF7DFFAFFF717FF00231846183710
:10F3F000BD4680BD00ED00E071C20F4170C20F41FB
:10F4000000E400E0C0670020C467002020ED00E0B9
:10F410005002002034EF00E080B483B000AF4FF022
:10F42000500383F31188BFF36F8FBFF34F8F7B605F
:10F4300000BF104B1B6801330E4A13600D4B1B6855
:10F44000012B10D10C4B1B68DBB2002B0BD04FF003
:10F45000500383F31188BFF36F8FBFF34F8F3B606F
:10F4600000BF00BFFDE700BF0C37BD465DF8047B61
:10F47000704700BF5002002004ED00E080B483B06C
:10F4800000AF124B1B68002B0BD14FF0500383F3DE
:10F490001188BFF36F8FBFF34F8F7B6000BF00BF3A
:10F4A000FDE70A4B1B68013B084A1360074B1B68CA
:10F4B000002B05D100233B603B6883F3118800BF1C
:10F4C00000BF0C37BD465DF8047B7047500200203A
:10F4D000EFF30980BFF36F8F154B1A681EF0100F02
:10F4E00008BF20ED108A20E9F04F10602DE90900D7
:10F4F0004FF0500080F31188BFF34F8FBFF36F8F31
:10F50000FFF750FA4FF0000080F3118809BC19682A
:10F510000868B0E8F04F1EF0100F08BFB0EC108A7A
:10F5200080F30988BFF36F8F704700BFAFF300808F
:10F530005418002000BF00BF80B582B000AF4FF06C
:10F54000500383F31188BFF36F8FBFF34F8F7B603E
:10F5500000BFFFF76DF90346002B03D0064B4FF0B9
:10F5600080521A6000233B603B6883F3118800BF20
:10F5700000BF0837BD4680BD04ED00E080B400AF99
:10F580000B4B00221A600B4B00221A600A4B1B68BF
:10F590000A4AA2FB03239B09094A013B1360044B5F
:10F5A00007221A6000BFBD465DF8047B704700BFAC
:10F5B00010E000E018E000E04C020020D34D6210A3
:10F5C00014E000E0DFF80C00016841F47001016014
:10F5D000704700BF88ED00E080B586B000AF78606E
:10F5E000144A154BD31A7B617B693B61134B1B6833
:10F5F000002B02D1114B124A1A60104B1A687B681B
:10F6000013443A699A4207D200F00AFE03460C22DC
:10F610001A604FF0FF3309E0084B1B68FB60074B93
:10F620001A687B681344054A1360FB68184618374C
:10F63000BD4680BD0000022000400000C8670020D9
:10F64000D0670020DFF834D0FEF750FD0C480D499C
:10F650000D4A002302E0D458C4500433C4188C422D
:10F66000F9D30A4A0A4C002301E013600432A24293
:10F67000FBD3F1F71DFAF8F71BFB704700000220DF
:10F6800000000020540200202C270108580200200E
:10F69000CC670020FEE700002DE9F04F0388B1F8A9
:10F6A0000290446842884F68994583B040F09A8040
:10F6B000B1F800C0944540F09580B9F1010F4FEAD0
:10F6C0009C084FEA89030CF0030C42D108FB03FEAF
:10F6D0003E464FEA081A47464FEA8E0E4FEA8C091B
:10F6E000B04632461FB304F1100106F108003D4652
:10F6F00051F810BCC2F800B051ED037A02EB030BD5
:10F70000CBED007A51F808BCC0F800B051ED017A99
:10F7100000EB030B013D02F1100201F11001CBEDF2
:10F72000007A00F11000E3D154440EEB0602BCF164
:10F73000000F08D06146204650F8045B156001397F
:10F740001A44F9D14C44464506F1040246D0164607
:10F75000C7E74FEA081208FB03FA00924FEA8C024F
:10F760004FEA0916BE4607EB030B4FEA8A0A4FEA37
:10F77000C90901927246B8F1000F1ED004F11001C0
:10F7800009EB0E00454651F8107C176051ED037AE5
:10F79000D718C7ED007A51F8087C076051ED017A5F
:10F7A000C718013D324401F11001C7ED007A304421
:10F7B000E9D1009A14440AEB0E02BCF1000F09D003
:10F7C0006146204650F8045B156001391A44F9D1AE
:10F7D000019A14440EF1040EDE45CBD1002003B093
:10F7E000BDE8F08F6FF00200F9E700BFF0B4D1E997
:10F7F0000046036847685568A34260D11268934287
:10F800005DD10388448804FB03F45FEA940C34D090
:10F8100007F1100106F1100205F11003604612ED28
:10F82000047A51ED047A77EEC77A013843ED047A11
:10F8300012ED037A51ED037A77EEC77A01F11001E8
:10F8400043ED037A12ED027A51ED067A77EEC77A2C
:10F8500002F1100243ED027A51ED057A12ED057ABC
:10F8600077EEC77A03F1100343ED057AD7D107EBA2
:10F870000C1706EB0C1605EB0C1514F003041BD04B
:10F88000D7ED007A96ED007A77EEC77A013CC5EDA8
:10F89000007A11D0D7ED017A96ED017A77EEC77A2A
:10F8A000012CC5ED017A07D0D7ED027A96ED027AE8
:10F8B00077EEC77AC5ED027A0020F0BC70476FF092
:10F8C0000200FAE72DE9F04F0C468BB0258807912E
:10F8D0004188068843685768606802968D4264884C
:10F8E00040F0F9801188B14240F0F5805188A14282
:10F8F00040F0F180AA0001294FEA950C4FEA8104FB
:10F9000005F0030E069270D1011D05914FEA0C110E
:10F91000024607F10409019103EB0C1B03F1100AE5
:10F92000AAF11003DDF814800393A9F10407DFEDB9
:10F930006C7ABCF1000F52D002F1080053466546C4
:10F94000114613ED046A91ED007A53ED034AD0EDB0
:10F95000006A13ED025A53ED015A0E1927EE067A8A
:10F9600096ED006A77EE277A26EE246A061936EEBF
:10F97000276A26EE857AD6ED007A37EE067A67EEAC
:10F98000A57A013D77EE877A01F1100100F11000B0
:10F9900003F11003D5D1019B59461A44BEF1000F63
:10F9A0000BD0734692ED007AF1EC016A27EE267ACD
:10F9B000013B77EE877A2244F4D1E7EC017A4F4598
:10F9C000424608F10408B2D1069B9B449A44029B2C
:10F9D000013BA144029304D0079B5A68A0E7039916
:10F9E000DCE718460BB0BDE8F08FC1EB81729200E6
:10F9F0000E010992CA00049206FB0CF2051D039247
:10FA000003EB0C1207EB040B0595019203F1100AAE
:10FA1000AAF110030893099BDDF814900BEB03087F
:10FA2000DFED2F7ABCF1000F53D0049B6546C1185F
:10FA30000246534692ED006A13ED047A53ED034AF1
:10FA400053ED026A91ED005A53ED015A171927EE52
:10FA5000067A97ED006A77EE277A26EE246A0F1968
:10FA600036EE276A26EE857AD7ED007A37EE067AEB
:10FA700067EEA57A013D77EE877A3244314403F18F
:10FA80001003D7D1039B019A1844BEF1000F0BD08D
:10FA90007346D0ED006AB2EC017A27EE267A013B7C
:10FAA00077EE877A2044F4D1E8EC017AD8454846CD
:10FAB00009F10409B4D1019A069B114619449A44EC
:10FAC000029B0191013BA34402938AD0079B586893
:10FAD0009EE7089AD9E76FF002000BB0BDE8F08FFF
:10FAE000000000002DE9F04F2DED028B06884788BD
:10FAF0004D68D0F804A08BB0BE420990089540F044
:10FB00000D810A884B88934240F008819E4240F064
:10FB1000058126B3B7EE008AB6F10108A5EC018A8B
:10FB20001DD04FF001094FEA880205EB020B4FEAA6
:10FB3000890428460021F0F7B3FF0BEB04052246A9
:10FB400000215846B9F1000F00F0EF80F0F7A8FF50
:10FB5000B8F1010809F10109A5EC018AE3D1002FF0
:10FB600000F0BF804FEA870C0AEB0C031A460293A1
:10FB7000FB0004330025CDE905530492089B019353
:10FB80000CF104020792E046B946DAED006A049BE4
:10FB9000F5EE406AF1EE10FAA3EB080066D06B1C9C
:10FBA000A9EB050703934FB13A46534693ED007A0C
:10FBB000C7EE267A013AE3EC017AF7D1019B494678
:10FBC00093ED007AC7EE267A0139E3EC017AF7D19A
:10FBD00066B3089C4FEA850E8D4244D0D0ED006A92
:10FBE0007FB102463B46D346BBEC017AD2ED007AA8
:10FBF00026EE877A013B77EEC77AE2EC017AF3D101
:10FC00004044DDF804B022464B46BBEC017AD2ED0D
:10FC1000007A26EE877A013B77EEC77AE2EC017A2A
:10FC2000F3D1644401318E427044D5D1079B069ACA
:10FC30009A44019B63440193029B13440293039BE8
:10FC40004B45A8F104081D469FD1059B012B04D00C
:10FC5000F5EE406AF1EE10FA4AD000200BB0BDEC90
:10FC6000028BBDE8F08F40446444DBE76B1C9E428E
:10FC7000039330D90299012303E00133EA18B24219
:10FC800029D2D1ED007AF5EE407AF1EE10FA0A466B
:10FC90006144F2D0B9EB05070BD03C465146D2F88F
:10FCA00000E0D1F800B042F804BB013C41F804EB9D
:10FCB000F5D1019A494603FB0C231C68D2F800E0F9
:10FCC00043F804EB013942F8044BF6D10123DAED95
:10FCD000006A059367E7059B012B02D1A9EB050795
:10FCE00061E76FF004000BB0BDEC028BBDE8F08F54
:10FCF000039B03FB06F31E46099B5B68002EF0D0B6
:10FD0000059A01E0B242ECD0F3EC017AF5EE407ACC
:10FD1000F1EE10FA02F10102F4D09EE76FF002005A
:10FD20000BB0BDEC028BBDE8F08F5D46B8F1010869
:10FD3000A5EC018A7FF4F5AE11E700BF0180428097
:10FD400043607047F0B4D1E90046036847685568DE
:10FD5000A34260D1126893425DD10388448804FBBA
:10FD600003F45FEA940C34D007F1100106F110029D
:10FD700005F11003604612ED047A51ED047A77EE36
:10FD8000877A013843ED047A12ED037A51ED037A54
:10FD900077EE877A01F1100143ED037A12ED027AD2
:10FDA00051ED067A77EE877A02F1100243ED027A7E
:10FDB00051ED057A12ED057A77EE877A03F110039B
:10FDC00043ED057AD7D107EB0C1706EB0C1605EBC4
:10FDD0000C1514F003041BD0D6ED007A97ED007AD1
:10FDE00077EE877A013CC5ED007A11D0D7ED017A24
:10FDF00096ED017A77EE877A012CC5ED017A07D06E
:10FE0000D7ED027A96ED027A77EE877AC5ED027A1F
:10FE10000020F0BC70476FF00200FAE7DFED1F7AB8
:10FE200020EE270AB5EEC00AF1EE10FAFDEEC07A18
:10FE300004D517EE903A013B07EE903AF8EEE77AD8
:10FE40009FED177A30EE670A20EE070AFCEEC07AC3
:10FE500017EE903A9BB2B3F5007F1AD207EE903AB4
:10FE6000F8EE677A591C30EE670A0E4AF7EE007A10
:10FE700002EB830302EB810293ED007AD2ED006A7C
:10FE800077EEC07A20EE260A67EE877A37EE800A90
:10FE9000704730EE470A01210023E6E783F9223E4E
:10FEA000000000440C1B0108DFED217A20EE270A38
:10FEB000F5EE007A30EE270AB5EEC00AF1EE10FA40
:10FEC000FDEEC07A04D517EE903A013B07EE903A6A
:10FED000F8EEE77A9FED177A30EE670A20EE070A10
:10FEE000FCEEC07A17EE903A9BB2B3F5007F1AD2BF
:10FEF00007EE903AF8EE677A591C30EE670A0E4A20
:10FF0000F7EE007A02EB830302EB810293ED007AB5
:10FF1000D2ED006A77EEC07A20EE260A67EE877A85
:10FF200037EE800A704730EE470A01210023E6E7EA
:10FF300083F9223E000000440C1B01082DE9F04724
:10FF4000089D0E4604460F46002B4AD194468C4528
:10FF5000B2FA82F260D942B1C2F12003974020FA8E
:10FF600003F30CFA02FC1F4394404FEA1C4E1FFAA5
:10FF70008CF6B7FBFEF1230C0EFB117743EA074327
:10FF800001FB06F098420AD91CEB030301F1FF378D
:10FF900080F01581984240F21281023963441B1AA5
:10FFA000A4B2B3FBFEF00EFB103344EA034400FBA3
:10FFB00006F6A6420AD91CEB040400F1FF3380F0D8
:10FFC0000081A64240F2FD806444023840EA0140CC
:10FFD000A41B00211DB1D4400023C5E90043BDE8A6
:10FFE000F0878B4205D90DB1C5E900010021084613
:10FFF000F5E7B3FA83F1002946D1B34202D3824236
:020000040801F1
:1000000000F2F580841A66EB030201201746002DEA
:10001000E5D0C5E90047E2E7002A40F09380A1EB74
:100020000C034FEA1C471FFA8CFE0121B3FBF7F6C5
:1000300007FB1630230C43EA00430EFB06F0984200
:1000400008D91CEB030306F1FF3802D2984200F2F4
:10005000D08046461B1AA4B2B3FBF7F007FB10335F
:1000600044EA03440EFB00FEA64508D91CEB040439
:1000700000F1FF3302D2A64500F2B6801846A4EB89
:100080000E0440EA0640A5E7C1F120078B4022FAA2
:1000900007FC4CEA030C06FA01FE20FA07F426FAE4
:1000A00007F344EA0E0400FA01F84FEA1C404FEA55
:1000B0001449B3FBF0FE1FFA8CF600FB1E3349EA2D
:1000C00003430EFB06F9994502FA01F20BD91CEB2A
:1000D00003030EF1FF3A80F08580994540F282805B
:1000E000AEF1020E6344A3EB0909A4B2B9FBF0F32D
:1000F00000FB139944EA094403FB06F6A64208D91B
:100100001CEB040403F1FF3068D2A64266D9023B1F
:10011000644443EA0E40A41BA0FB02E6B4427346CB
:10012000B14652D34FD05DB1B8EB030264EB090482
:1001300004FA07F722FA01F31F43CC40C5E9007423
:1001400000214CE7C2F1200120FA01F30CFA02FC75
:1001500026FA01F1964033434FEA1C471FFA8CFE02
:10016000B1FBF7F007FB1016190C41EA064100FB42
:100170000EF68E4204FA02F408D91CEB010100F1DC
:10018000FF382DD28E422BD902386144891B9BB295
:10019000B1FBF7F607FB161143EA014306FB0EF12C
:1001A000994208D91CEB030306F1FF3814D2994297
:1001B00012D9023E63445B1A46EA004136E73946EB
:1001C000EDE6184602E7F045ADD2BEEB020366EB62
:1001D0000C060138B146A6E74646ECE7034698E729
:1001E0004046D3E7D6467EE76444023847E70846F0
:1001F0000DE7023E63442DE7024B01461868F0F715
:100200009FBC00BF0000002010B5024601448A4296
:10021000134603D01C780132002CF8D1181A10BDF7
:10022000014B1868704700BF00000020034611F81A
:10023000012B03F8012B002AF9D170470A4491429F
:1002400000F1FF3300D1704710B511F8014B03F8EE
:10025000014F9142F9D110BD08B52DED028BB0EEE2
:10026000408A00F0C3F9B4EE488AF1EE10FAF0EEDD
:10027000408A0AD6B0EE480A00F0A2F8F7EE007AFB
:10028000B4EEE70AF1EE10FA04DCB0EE680ABDEC59
:10029000028B08BDFFF7C4FFBDEC028B0346212291
:1002A0001A600248BDE8084000F0CCB810230108ED
:1002B00008B52DED028BB0EE408A00F0B9FAB4EE2D
:1002C000488AF1EE10FAF0EE408A0AD6B0EE480AFB
:1002D00000F076F8F7EE007AB4EEE70AF1EE10FAE5
:1002E00004DCB0EE680ABDEC028B08BDFFF798FF96
:1002F000BDEC028B034621221A600248BDE808408B
:1003000000F0A0B81023010800F08EBB08B52DED59
:10031000028BB0EE408A00F09BF8B4EE488AF1EE12
:1003200010FA06D6DFED098AB4EEE88AF1EE10FA8B
:1003300002D4BDEC028B08BDFFF772FF88EEA80A5D
:10034000BDEC028B2123036008BD00BF000000004C
:1003500010EE103A184923F000428A421AD9B2F13D
:10036000FF4F02D330EE400A704700B583B06846B5
:1003700000F002FC00F003000128DDED010A9DED14
:10038000000A10D0022809D090B900F065F803B037
:100390005DF804FBDFED090A00F05EB800F05CF8E0
:1003A000B1EE400AF3E700F0D9F8B1EE400AEEE70B
:1003B000012000F0D3F8EAE7D80F493F0000000021
:1003C00010EE103A23F0004300EE103A704700BFE1
:1003D00010EE103A194923F000428A421BD9B2F1BB
:1003E000FF4F02D330EE400A704700B583B0684635
:1003F00000F0C2FB00F003000128DDED010A9DEDD5
:10040000000A13D002280BD098B9012000F0A6F8FA
:1004100003B05DF804FBDFED0A0A002000F09EB88F
:10042000012000F09BF8B1EE400AF1E700F014F86B
:10043000EEE700F011F8B1EE400AE9E7D80F493FC6
:10044000000000009FED010A704700BF0000C07F60
:10045000B1EEC00A704700BF10EE103A23F000431F
:10046000B3F1485F2CD2FDEEC07A17EE903A002B24
:1004700060D060EE007A9FED317A9FED315ADFED6A
:10048000315A9FED316ADFED316AA7EE875A9FED51
:10049000307AE7EE855AA7EEA56AA7EE867AE7EEF0
:1004A000876A67EEA66A60EEC00AB6EE007AE7EEEB
:1004B000A60AB7EE000AD7EE870A30EE600A704748
:1004C00060EE007A9FED1D7A9FED1D5ADFED1D5AFB
:1004D0009FED1D6ADFED1D6A1E4AA7EE875A934203
:1004E0009FED1B7AE5EE275AA5EEA76AA6EE277ABE
:1004F000E7EE276A66EEA76AD5D9174A934214D861
:1005000003F17F4307EE103AB7EE006A36EE476A12
:1005100060EEC00AF6EE005A97EEA57AE7EEA60A5C
:1005200037EE607A36EE470A7047B6EE076AB5EEE8
:10053000027AEDE7B7EE000A704700BF4ED747AD2D
:10054000F6740F317CF293B4010DD037ABAA2A3D7B
:10055000610BB6BA9999993E0000483F10EE103AE7
:1005600023F00043B3F1485F04D2FDEEC07A17EEEA
:10057000903A5BB360EE007A9FED157ADFED155A85
:100580009FED156ADFED156AE7EE875A9FED147A45
:10059000A5EEA76A20EE275AE6EE276AA6EEA77A0E
:1005A00030B9DFED106AE7EE876AA6EE850A70477C
:1005B00027EE457AF6EE006AA0EEA67ADFED0A6A2B
:1005C000D7EE270AE5EE260A30EE600A704700BF34
:1005D000D3C92E2F342FD7B21BEF3836010D50B9A7
:1005E0008988083CABAA2ABEABAA2A3E08B510EE01
:1005F000102A22F00043B3F17E5F2DED028B12D062
:100600000AD8B3F17C5F19D2B3F10C5F6AD8BDECA4
:10061000028B9FED760A08BD70EE407A87EEA70A3E
:10062000BDEC028B08BDBDEC028B9FED710ADFEDC6
:10063000717A002AC8BFB0EE670A08BD002AC0F26E
:100640008E80F7EE008A38EEC00AF6EE007A20EED1
:10065000278AB0EE480AFFF7FBFEDFED677A9FEDD1
:10066000677ADFED676ADFED675A9FED676AA8EE8C
:10067000277ADFED667AE7EE086AE8EE067AE6EEBC
:10068000885A9FED636A9FED637ADFED636AA5EE9A
:10069000886AA7EE887ADFED617AE6EE087A10EED6
:1006A000103AE7EE086A6FF30B03B0EE677A07EED5
:1006B000903AF0EE485AE7EEE75AE6EE888A30EED6
:1006C000276A27EE087AC5EE866A87EE286ABDECAF
:1006D000028BB0EE667AA0EE067A37EE870A30EE2D
:1006E000000A08BD20EE007ADFED437A9FED436AF1
:1006F000DFED436A9FED445ADFED425AA7EE276AC9
:10070000BDEC028BE6EE076ADFED407A9FED416AB1
:10071000E7EE057AE6EE875AA7EE876A9FED3C5A28
:10072000DFED3D7ADFED3D6AA5EE875AE6EE077A0A
:10073000E5EE076AF7EE005AE7EE875A26EE877A6B
:100740009FED376ADFED377AC7EE256AB0EE467A5D
:10075000A0EE667A30EE470A37EEC00A08BDB7EE63
:10076000007A30EE070AF6EE007A60EE277ADFEDC7
:10077000226A9FED226ADFED224ADFED235A9FEDC8
:10078000215A9FED268AA7EEA66ADFED206AE6EEE3
:10079000274AE7EEA56ADFED1F5A9FED1D6AA4EE1A
:1007A000A75AE6EEA75ADFED1C6AA5EE276AE5EE2A
:1007B000A76AA6EE278AA6EEA77A28EE278AF0EE89
:1007C000478AB0EE670AFFF743FE88EE286A9FED7E
:1007D000167ADFED167AA0EE067AF0EE006A37EEB2
:1007E000007AE7EE667AB0EE670A19E7DB0FC93FD9
:1007F000DB0F49400000000008EF1138047F4F3A3A
:10080000461124BDA80A4E3E2EC69D3D613330BF21
:1008100090B0A6BE2D57014039D119C0ABAA2A3ECF
:100820006821A233DA0FC93F6821A2B3DA0F494029
:1008300038B510EE105A25F00044B4F17E5F2DED6E
:10084000048BF0EE407A7FD077D8B4F17C5F0ED283
:10085000B4F1485F80F092809FED637A30EE077AC2
:10086000F7EE006AB4EEE67AF1EE10FA62DCB0EE72
:10087000670AFFF7A5FDF7EE007A37EEC08AB6EEFD
:10088000007A28EE078ADFED596A9FED597A9FEDCD
:10089000596A9FED595ADFED595ADFED598AE8EE52
:1008A000076A9FED587AA8EE067A9FED576AA6EE82
:1008B000885AA7EE086A9FED557ADFED556AE5EE96
:1008C000085AA6EE087AE5EE886AE7EE087AE6EEC0
:1008D000888AB0EE480AB0EE679AFFF7B9FD4D4B33
:1008E0009C4268EE888A3AD810EE103A6FF30B03F8
:1008F00006EE903AA6EEE68A70EE267A88EE895ADF
:10090000C8EE274A9FED447ADFED447AB0EE006AE4
:10091000A4EEC67A30EE000AF0EE675A90EE057A41
:10092000E6EEC65A37EE657A37EEC70A002D01DCCF
:10093000B1EE400ABDEC048B38BDBDEC048B70EE0B
:10094000407A87EEA70A38BDBDEC048B9FED320AD2
:100950009FED337A27EE800AA7EE870A38BD88EE2E
:10096000896A9FED307ADFED2E7AA0EE060AF0EE6E
:10097000006AA0EE267A37EEC70AD7E720EE007AA3
:10098000DFED1B6A9FED196ADFED1B5A9FED195AC7
:10099000DFED1A4AA7EE266ABDEC048BE6EE075A95
:1009A000DFED186A9FED186AE7EE056AE5EE874A03
:1009B000A6EE876A9FED165ADFED145ADFED106A36
:1009C000A4EE875AE6EE075AE5EE076AB7EE006A2C
:1009D000A5EE876A26EE877AC7EE066AE0EE267AEB
:1009E000B0EE670A38BD00BFCAF24971047F4F3AC2
:1009F00008EF11382EC69D3D461124BDA80A4E3E73
:100A0000ABAA2A3E613330BF2D57014039D119C0FE
:100A100090B0A6BE9999793F2EBD3BB3DB0F493FFD
:100A2000DB0FC93F2EBD3B3310B582B0CDED010ABF
:100A3000019B23F00042B2F1FF4FF0EE407A30D834
:100A400010EE100A20F00041B1F1FF4F29D8B3F1A8
:100A50007E5F42D09C1704F0020444EAD07431B3A4
:100A60007AB3B2F1FF4F40D0B1F1FF4F29D0891ACC
:100A7000B1F1F45F4FEAE15234DA002B42DA3C3252
:100A800040DA9FED340A012C4ED0022C43D064B1E1
:100A90009FED317ADFED317A30EE070A30EE670AEA
:100AA00003E09DED017A37EE270A02B010BD022C5B
:100AB00010D09FED2B7A032C08BFB0EE470A02B08E
:100AC00010BD9FED280ADFED287A0028A8BFB0EE00
:100AD000670AEAE79FED210AE7E702B0BDE81040A8
:100AE00000F07AB99FED200ACDE7B1F1FF4F04F194
:100AF000FF3420D0022C26D81C4B03EB840393ED4B
:100B0000000AD2E79DED017A87EE870AFFF758FCCD
:100B100000F062F9B7E79FED107ADFED107A30EE62
:100B2000070A37EEC00AC0E710EE103A03F100439F
:100B300000EE103AB9E7022C08D80D4B03EB840302
:100B400093ED000AB1E79FED030AAEE79FED090AB6
:100B5000ABE700BF000000002EBDBB33DB0F4940F8
:100B6000DB0F49C0DB0FC9BFDB0FC93F14230108EE
:100B700020230108DB0F493F70B510EE103A884A78
:100B800023F00044944286B0054671D9854A9442C8
:100B90001E4624D823F00042002BDFED837A8349E0
:100BA00022F00F02B0EE407A40F3E0808A4270EE0D
:100BB000677A09BF9FED7E7ADFED7E6ADFED7E6AA0
:100BC00077EEC77A37EEE67A77EEC77A80ED007A6D
:100BD00077EEE67AC0ED017A012006B070BD774A63
:100BE000944252D9B4F1FF4F48D2E215863AA4EBB1
:100BF000C25307EE903ABDEEE77ADFED716AB8EEC8
:100C0000C77A77EEC77A8DED037A67EEA67ABDEEE6
:100C1000E77AB8EEC77A77EEC77A8DED047A67EE99
:100C2000A67AF5EE407AF1EE10FACDED057A40F0B5
:100C30009880B5EE407AF1EE10FA0CBF0123022342
:100C4000604901910221009103A8294600F09AF918
:100C5000002EC2DA95ED007AD5ED017AB1EE477A31
:100C6000F1EE677A85ED007AC5ED017A4042B4E78E
:100C7000002285ED000A42600020AEE770EE407A67
:100C8000C0ED017AC0ED007AF6E7FFF799FB9FED22
:100C90004E7A9FED456AF6EE007AE0EE077A9FED18
:100CA000457AFDEEE77A17EE900AF8EEE76A1F281C
:100CB000A6EEC60A66EE877AB1EE666A20DC434A83
:100CC000411E26F0004352F8212023F0FF039342F7
:100CD00016D030EE677A30EE470A002E30EE670A03
:100CE00085ED007A85ED010ABFF677AFB1EE477A60
:100CF000B1EE400A85ED007A85ED010A40426CE7CD
:100D000030EE677AE21517EE103AC3F3C753C3EB20
:100D1000D453082BDFDD9FED267A9FED275AF0EEA6
:100D2000405AE6EE075A70EE657AE6EE077AD6EE9E
:100D3000857A35EEE77A17EE103AC3F3C753D21A25
:100D4000192A10DD9FED227A9FED225AB0EE650A36
:100D5000A6EE070A75EEC07AE6EE077AD6EE857A39
:100D6000B7E703236CE7B0EE650AB4E78A4270EE9A
:100D7000277A09BF9FED0E7ADFED0E6ADFED0E6A6E
:100D800077EE877A37EEA67A77EEC77A80ED007A2B
:100D900077EEA67AC0ED017A4FF0FF301DE700BF75
:100DA000D80F493FE3CB1640800FC93FD00FC93F52
:100DB000004435374344353708A3852E800F494317
:100DC00000008043AC23010884F9223F2C23010852
:100DD00000A3852E32318D2438B510EE105A25F03F
:100DE0000044B4F1A14FF0EE407A0DD3B4F1FF4FBF
:100DF0005BD8DFED517A9FED517A002DCCBFB0EE7C
:100E0000470AB0EE670A38BD4D4B9C425CD8B4F13E
:100E1000445F4DD34FF0FF3327EEA76A9FED495A49
:100E20009FED497ADFED495ADFED494A66EE066AE1
:100E30005A1CA6EE857AE6EEA54A9FED465ADFEDEE
:100E4000465AA7EE265AE4EEA65A9FED447ADFED05
:100E5000444AA5EE267AE5EEA64A9FED425ADFED1A
:100E6000425AA7EE265A9FED417AA4EEA67AE5EE05
:100E7000265A27EE267AA5EE867A27EE877A38D08C
:100E80003B493C4A01EB8301D1ED006A37EE667ABB
:100E900002EB8303D3ED006A37EE677A002D36EE5E
:100EA000C70AB0DAB1EE400A38BD30EE000A38BDEC
:100EB0009FED317A30EE077AF7EE006AB4EEE67A0B
:100EC000F1EE10FAA6DD38BDFFF77AFA2B4B9C4203
:100ED00012D8A3F5D0039C4223D8F0EE007ABFEEDF
:100EE000007AA0EE277A002330EE270AC7EE007AB8
:100EF00092E737EEC70A38BD214B9C420BD8F7EE7C
:100F0000087AB7EE007AA0EE277A022330EE670A5D
:100F1000C0EE077A80E7BFEE007AC7EE007A0323BF
:100F20007AE7F7EE007A30EE677A30EE270A01238F
:100F3000C7EE007A70E700BFDB0FC9BFDB0FC93F08
:100F4000FFFFDF3ED769853C59DA4B3D21A215BD35
:100F50006BF16EBD356B883D95879DBD6E2EBA3D9C
:100F6000388EE3BD2549123EABAAAA3ECDCC4CBE7D
:100F7000C4260108D4260108CAF24971FFFF973F31
:100F8000FFFF1B402DE9F04F2DED048BDBB01C461D
:100F9000944603930A46CD4B68991CF1040F53F80D
:100FA0002160824604F1FF38C0F24982BCF103039C
:100FB00048BF0CF10403DB10029301334FEAC30E68
:100FC000ACEB0E030593029B16EB0800A3EB0803A2
:100FD00016D401309FEDBE7A699C18441EA9002BDF
:100FE000A4BF54F8235007EE905A03F10103ACBF9D
:100FF000F8EEE77AF0EE477A8342E1EC017AEED13F
:10100000002EC0F2B182039B1EA901EB830446AD02
:101010004FEA83094046F7180AEB8301B8F1000F45
:10102000DFEDAB7A09DBA3465346F3EC016A3BEDF7
:10103000017A8B42E6EE877AF7D10130B842E5ECCF
:10104000017A04F10404E9D10DF1280B0BEB8603BE
:10105000CDE9062E043B9FEDA09ADFED9E8A059810
:1010600004930AEB090446AF0BEB86090096CDF812
:1010700020C05AAB03EB8603002E13ED140A4FEA8F
:10108000860515DD7B195A4660EE097AB0EE407A86
:10109000FDEEE77A73ED016AF8EEE77ABB42A7EE60
:1010A000E87A37EEA60ABDEEC77AA2EC017AEBD158
:1010B000019000F085FAF4EE007AB0EE408A20EE5E
:1010C000270A00F0EFFAF2EE007AA0EE678A0198A4
:1010D0000028FDEEC89AF8EEE97A38EE678A6CDDF2
:1010E00006F1FF3EC0F108035BF82E2042FA03FC34
:1010F0000CFA03F3D21AC0F1070119EE903A4BF83B
:101100002E200A416344002A09EE903A00F3F08051
:10111000B5EE408AF1EE10FA40F09D80009B9E42B1
:101120000ADD5D44002355F8041D4D4543EA0103E3
:10113000F9D1002B40F0F280009B013B5BF823309B
:10114000002B40F0E780049B012153F8042D01316E
:10115000002AFAD0731C31449C46029D039A05EB89
:10116000030E0EF1804E699D32440EF1FF3E07EBF7
:1011700083061EAB05EB8E0E03EB8205DEED017AD6
:10118000F8EEE77AB8F1000F0EF1040EE5EC017A03
:10119000DFED4F7A09DB2A465346F3EC016A32ED64
:1011A000017AA342E6EE877AF7D10CF1010C614592
:1011B000E6EC017AE2DA0E465BE740F08F80731EC0
:1011C0005BF82320D211002AA2DD19EE903A002EFE
:1011D00003F1010309EE903A40F3D48159464FF0F0
:1011E000000E51F8043B002B6AD0C3F5807341F820
:1011F000043C04E00B68C3F1FF0341F8043B0EF12B
:10120000010E7645F6DC01239E4600280ADD012802
:1012100078D0022806D1711E5BF8213003F03F0C14
:101220004BF821C0022A7FF473AFB7EE000A734671
:1012300030EE488A002B3FF46BAF0992019000F02A
:10124000BFF938EE408A0198099AB5EE408AF1EE6E
:1012500010FA3FF463AF9246DDE9062EDDF820C0B8
:101260000196AEEB0C00B0EE480A009E009200F032
:10127000A7F9DFED186AB4EEE60AF1EE10FADDE93F
:101280000023F0EE407AC0F250819FED137A059969
:1012900020EE077A0831BDEEC77A0591B8EEC77A1D
:1012A0005C1CE7EE667ABDEEC77AFDEEE77A17EED4
:1012B000901A4BF8231017EE103A4BF8243046E002
:1012C0000EF1010EB6458CDB9E469EE71027010805
:1012D00000000000000080430000803BF6EE007A32
:1012E000B4EEE78AF1EE10FA80F2988000220FE760
:1012F0000133002E09EE903A3FF770AF002301282A
:101300009E4686D1711E5BF8213003F07F0C4BF8AE
:1013100021C087E7731C9C4619461EE73346924658
:10132000DDE905125C1EA1F108005BF82410009EA7
:10133000059061B903F18043013B0BEB8303014648
:1013400053F8040D013C08390028F9D0059105989F
:101350000092B7EE000A00F033F9002C009AB0EECC
:10136000407AC0F20581601C46AD5FED256A8100C0
:101370000BEB800305EB800073ED017AF8EEE77A62
:101380005B4567EE877A27EE267A60ED017AF3D126
:101390000DF1C8080B1F46A8C718C646A44600256D
:1013A0009146002E73DB844ADFED847A38460023B1
:1013B00001E0AB4208DCF2EC016AB0EC017A0133E7
:1013C0009E42E6EE877AF4DA0CF1FF3CBCF1FF3F77
:1013D000EEEC017A05F10105A7F10407E1D1689B64
:1013E000022B4A4656DC002B2EDC0ED1DFED737A41
:1013F000414431ED017A414577EE877AF9D1534680
:10140000002B40F0AE80C2ED007A19EE903A03F066
:1014100007005BB0BDEC048BBDE8F08F19EE903A8D
:10142000002E03F1010309EE903AC8BF02223FF7F4
:10143000D5AEF7EE007A37EEC88A022268E60023BE
:101440004FF0080E0293BBE59FED5C7A414471EDCD
:10145000017A414537EE277AF9D1DDED327A5346EC
:1014600077EEC77A002B75D182ED007A64B133A98B
:101470000123B1EC017A01339C4277EE877AF8DAE6
:1014800053460BB1F1EE677AC2ED017ABDE7DFEDAD
:101490004B7A99E7689B032BB7D1002C7ED008EBE1
:1014A000840595ED007AA0002B46294671ED017A5E
:1014B000F0EE476A37EE277A414577EEC77A81ED3D
:1014C000007A77EEA67AC1ED017AEFD1012C65D0D2
:1014D00095ED007A08F1040173ED017AF0EE476AA8
:1014E00037EE277A994277EEC77A83ED007A77EE66
:1014F000A67AC3ED017AEFD1031DDFED307A4344C4
:1015000008F1080833ED017A984577EE877AF9D12A
:101510005346DDED326A9DED337A73B9C2ED006A50
:1015200082ED017AC2ED027A6FE7FDEEC07A1C46C9
:1015300017EE901A4BF8231009E7F1EE666AB1EE48
:10154000477AF1EE677AC2ED006A82ED017AC2ED68
:10155000027A5AE7B1EE477A82ED007A002C86D102
:1015600090E7F1EE677A4EE7039B4FEA83096BE55C
:10157000689B022B0EDC002B13DC7FF446AFDFED03
:101580000F7A3CE7022A7FF4C3ADF7EE007A37EE1C
:10159000C88ABDE5689B032B7FF437AFDFED077A80
:1015A000B6E75346DDED327A13B9002313606BE7DB
:1015B0004FF00043136065E7E426010800000000D7
:1015C00010EE103A33F000411A4627D0B1F1FF4F28
:1015D00021D213F0FF4F22D1DFED2B7A2B4A60EEA0
:1015E000277A904217EE903A33DB4CF2503CC3F32B
:1015F000C75160451A46A1F1190116DDDFED247AC5
:10160000DFED246A002BB0EE677AB8BFF0EE667AA1
:1016100027EE870A704730EE000A704770474CF299
:10162000503C60454FEAD151E8DC0144FE29E5DC3D
:10163000002915DC11F1160F19DB193122F0FF42D8
:1016400042EAC15207EE902A9FED130A27EE800A64
:101650007047DFED127A07EE103A27EE270A70473F
:1016600022F0FF4242EAC15300EE103A7047DFED2C
:101670000B7ADFED0B6A002BB0EE677AB8BFF0EEA5
:10168000667A27EE870A70470000004CB03CFFFFE7
:10169000CAF24971CAF249F1000000336042A20D5A
:1016A0006042A28D10EE102AC2F3C7537F3B162B67
:1016B00022F0004129DC002B104618DB1A491941A1
:1016C0000A4221D0DFED197A70EE277AF5EEC07A62
:1016D000F1EE10FA18DD002A04DA4FF4000242FAA3
:1016E00003F3184420EA010300EE103A7047DFEDDF
:1016F0000F7A70EE277AF5EEC07AF1EE10FA03DD7C
:10170000002A08DB9FED0A0A7047B1F1FF4FFBD3B7
:1017100030EE000A7047DFED077A0029BFEE000ABD
:1017200008BFB0EE670A7047FFFF7F00CAF2497139
:101730000000000000000080F8B500BFF8BC08BC45
:101740009E467047F8B500BFF8BC08BC9E4670477F
:10175000453A00001B5B313B33316D00202025737F
:1017600025735B6273705F75736172745D2055538E
:1017700041525420657863656564206D6178206905
:101780006E7374616E636520636F756E74210D0AEC
:10179000257300001B5B306D0000000020202573C6
:1017A00025735B6273705F75736172745D2055534E
:1017B00041525420696E7374616E636520616C726E
:1017C0006561647920726567697374657265642107
:1017D0000D0A257300000000573A00001B5B313BE7
:1017E00033336D002020257325735B6273705F7542
:1017F000736172745D205553415254206572726F4B
:10180000722063616C6C6261636B207472696767DC
:10181000657265642C20696E7374616E63652069FE
:101820006478205B25645D0D0A257300573A00003B
:101830001B5B313B33336D002020257325735B72B6
:10184000635D2072656D6F746520636F6E74726F77
:101850006C206C6F73740D0A257300001B5B306D78
:1018600000000000453A00001B5B313B33316D0046
:101870002020257325735B424D493038385D204365
:10188000616C696272617465204661696C6564218E
:1018900020557365206F66666C696E652070617295
:1018A000616D730D0A2573001B5B306D0000000035
:1018B000573A00001B5B313B33336D00202025730A
:1018C00025735B626D693038385D2063616C6962D5
:1018D000726174696F6E2077617320696E746572CE
:1018E0007275707465640A0D0A25730020202573D3
:1018F00025735B626D693038385D2043616E206E00
:101900006F74207265616420626D693038382061BF
:10191000636320636869702069640D0A25730000A1
:101920002020257325735B626D693038385D204354
:10193000616E206E6F74207265616420626D693023
:101940003838206779726F20636869702069640D88
:101950000A2573005465726D696E616C00000000A9
:10196000696E737461736B0060190108D5770008A4
:101970000100000000000000000400000000000062
:10198000000000006D6F746F727461736B00000073
:1019900084190108EF770008000000000000000033
:1019A0000001000000000000000000006461656D9F
:1019B0006F6E7461736B0000AC1901080578000844
:1019C0000000000000000000800000000000000097
:1019D000000000004361725F636D64004361725FE9
:1019E000636D640064656661756C745461736B004B
:1019F000E419010849800008000000000000000010
:101A000080000000000000000000000049444C4538
:101A1000000000000000803F000000000000000007
:101A2000000000000000803F0000000000000000F7
:101A3000000000000000803F0000803F0000000028
:101A40000000000000000000000000000000000096
:101A5000000000000000803F0000000000000000C7
:101A60000000000000000000000000000000000076
:101A70000000803F000000000000000000000000A7
:101A80000000000000000000000000000000803F97
:101A90000000000000000000000000000000000046
:101AA00000000000000000000000803F0000000077
:101AB0000000000000000000000000000000000026
:101AC000000000000000803F3031323334353637BB
:101AD0003839414243444546000000000000545458
:101AE000522052454747455300000000000610169B
:101AF00000061016000000000000000001020304B0
:101B000006070809000000000102030400000000AD
:101B1000920E493CB10AC93C2BC3163D2EFB483DF1
:101B2000752B7B3D04A9963D80B6AF3D36BDC83DC3
:101B30002FBCE13D73B2FA3D87CF093E8340163E8C
:101B4000B5AB223EA2102F3ECF6E3B3EC2C5473EF4
:101B50000115543E135C603E7F9A6C3ECCCF783EBC
:101B6000C07D823E938E883E229A8E3E32A0943E65
:101B700086A09A3EE59AA03E128FA63ED47CAC3E4B
:101B8000EF63B23E2A44B83E491DBE3E15EFC33E48
:101B900053B9C93ECA7BCF3E4136D53E80E8DA3ED6
:101BA0004F92E03E7533E63EBBCBEB3EEA5AF13E48
:101BB000CBE0F63E275DFC3EE4E7003F3D9C033F63
:101BC000824B063F9BF5083F6B9A0B3FDA390E3F7D
:101BD000CDD3103F2A68133FD9F6153FC07F183F79
:101BE000C6021B3FD17F1D3FCBF61F3F9967223FA7
:101BF00025D2243F5636273F1594293F4AEB2B3FE9
:101C0000DE3B2E3FBB85303FC9C8323FF304353F32
:101C1000233A373F4268393F3B8F3B3FF9AE3D3F68
:101C200067C73F3F70D8413F01E2433F03E4453F70
:101C300065DE473F12D1493FF8BB4B3F029F4D3F06
:101C4000207A4F3F3D4D513F4918533F31DB543FC0
:101C5000E595563F5348583F6AF2593F1A945B3F07
:101C6000532D5D3F05BE5E3F2146603F97C5613FF6
:101C70005A3C633F59AA643F880F663FD86B673F61
:101C80003CBF683FA7096A3F0C4B6B3F5E836C3FCC
:101C900093B26D3F9ED86E3F73F56F3F0809713F59
:101CA0005213723F4714733FDD0B743F0BFA743FBE
:101CB000C6DE753F07BA763FC58B773FF853783F4E
:101CC0009812793F9DC7793F02737A3FBE147B3FDC
:101CD000CDAC7B3F283B7C3FC9BF7C3FAC3A7D3FCE
:101CE000CCAB7D3F23137E3FB0707E3F6DC47E3F03
:101CF000580E7F3F6D4E7F3FAB847F3F0FB17F3FDC
:101D000097D37F3F43EC7F3F11FB7F3F0000803F35
:101D100011FB7F3F43EC7F3F97D37F3F0FB17F3F66
:101D2000AB847F3F6D4E7F3F580E7F3F6DC47E3F3B
:101D3000B0707E3F23137E3FCCAB7D3FAC3A7D3FFE
:101D4000C9BF7C3F283B7C3FCDAC7B3FBE147B3F73
:101D500002737A3F9DC7793F9812793FF853783FD5
:101D6000C58B773F07BA763FC6DE753F0BFA743FE7
:101D7000DD0B743F4714733F5213723F0809713FE4
:101D800073F56F3F9ED86E3F93B26D3F5E836C3F9D
:101D90000C4B6B3FA7096A3F3CBF683FD86B673F5E
:101DA000880F663F59AA643F5A3C633F97C5613F1D
:101DB0002146603F05BE5E3F532D5D3F1A945B3F59
:101DC0006AF2593F5348583FE595563F31DB543F3F
:101DD0004918533F3D4D513F207A4F3F029F4D3FA1
:101DE000F8BB4B3F12D1493F65DE473F03E4453F17
:101DF00001E2433F70D8413F67C73F3FF9AE3D3FE7
:101E00003B8F3B3F4268393F233A373FF304353F2E
:101E1000C9C8323FBB85303FDE3B2E3F4AEB2B3FEC
:101E20001594293F5636273F25D2243F9967223FF4
:101E3000CBF61F3FD17F1D3FC6021B3FC07F183F1F
:101E4000D9F6153F2A68133FCDD3103FDA390E3F3C
:101E50006B9A0B3F9BF5083F824B063F3D9C033F2F
:101E6000E4E7003F275DFC3ECBE0F63EEA5AF13E58
:101E7000BBCBEB3E7533E63E4F92E03E80E8DA3E68
:101E80004136D53ECA7BCF3E53B9C93E15EFC33E5E
:101E9000491DBE3E2A44B83EEF63B23ED47CAC3E00
:101EA000128FA63EE59AA03E86A09A3E32A0943EAE
:101EB000229A8E3E938E883EC07D823ECCCF783E65
:101EC0007F9A6C3E135C603E0115543EC2C5473E8E
:101ED000CF6E3B3EA2102F3EB5AB223E8340163E56
:101EE00087CF093E73B2FA3D2FBCE13D36BDC83DF8
:101EF00080B6AF3D04A9963D752B7B3D2EFB483D3A
:101F00002BC3163DB10AC93C920E493C00000000AB
:101F1000920E49BCB10AC9BC2BC316BD2EFB48BDED
:101F2000752B7BBD04A996BD80B6AFBD36BDC8BDBF
:101F30002FBCE1BD73B2FABD87CF09BE834016BE88
:101F4000B5AB22BEA2102FBECF6E3BBEC2C547BEF0
:101F5000011554BE135C60BE7F9A6CBECCCF78BEB8
:101F6000C07D82BE938E88BE229A8EBE32A094BE61
:101F700086A09ABEE59AA0BE128FA6BED47CACBE47
:101F8000EF63B2BE2A44B8BE491DBEBE15EFC3BE44
:101F900053B9C9BECA7BCFBE4136D5BE80E8DABED2
:101FA0004F92E0BE7533E6BEBBCBEBBEEA5AF1BE44
:101FB000CBE0F6BE275DFCBEE4E700BF3D9C03BF5F
:101FC000824B06BF9BF508BF6B9A0BBFDA390EBF79
:101FD000CDD310BF2A6813BFD9F615BFC07F18BF75
:101FE000C6021BBFD17F1DBFCBF61FBF996722BFA3
:101FF00025D224BF563627BF159429BF4AEB2BBFE5
:10200000DE3B2EBFBB8530BFC9C832BFF30435BF2E
:10201000233A37BF426839BF3B8F3BBFF9AE3DBF64
:1020200067C73FBF70D841BF01E243BF03E445BF6C
:1020300065DE47BF12D149BFF8BB4BBF029F4DBF02
:10204000207A4FBF3D4D51BF491853BF31DB54BFBC
:10205000E59556BF534858BF6AF259BF1A945BBF03
:10206000532D5DBF05BE5EBF214660BF97C561BFF2
:102070005A3C63BF59AA64BF880F66BFD86B67BF5D
:102080003CBF68BFA7096ABF0C4B6BBF5E836CBFC8
:1020900093B26DBF9ED86EBF73F56FBF080971BF55
:1020A000521372BF471473BFDD0B74BF0BFA74BFBA
:1020B000C6DE75BF07BA76BFC58B77BFF85378BF4A
:1020C000981279BF9DC779BF02737ABFBE147BBFD8
:1020D000CDAC7BBF283B7CBFC9BF7CBFAC3A7DBFCA
:1020E000CCAB7DBF23137EBFB0707EBF6DC47EBFFF
:1020F000580E7FBF6D4E7FBFAB847FBF0FB17FBFD8
:1021000097D37FBF43EC7FBF11FB7FBF000080BF31
:1021100011FB7FBF43EC7FBF97D37FBF0FB17FBF62
:10212000AB847FBF6D4E7FBF580E7FBF6DC47EBF37
:10213000B0707EBF23137EBFCCAB7DBFAC3A7DBFFA
:10214000C9BF7CBF283B7CBFCDAC7BBFBE147BBF6F
:1021500002737ABF9DC779BF981279BFF85378BFD1
:10216000C58B77BF07BA76BFC6DE75BF0BFA74BFE3
:10217000DD0B74BF471473BF521372BF080971BFE0
:1021800073F56FBF9ED86EBF93B26DBF5E836CBF99
:102190000C4B6BBFA7096ABF3CBF68BFD86B67BF5A
:1021A000880F66BF59AA64BF5A3C63BF97C561BF19
:1021B000214660BF05BE5EBF532D5DBF1A945BBF55
:1021C0006AF259BF534858BFE59556BF31DB54BF3B
:1021D000491853BF3D4D51BF207A4FBF029F4DBF9D
:1021E000F8BB4BBF12D149BF65DE47BF03E445BF13
:1021F00001E243BF70D841BF67C73FBFF9AE3DBFE3
:102200003B8F3BBF426839BF233A37BFF30435BF2A
:10221000C9C832BFBB8530BFDE3B2EBF4AEB2BBFE8
:10222000159429BF563627BF25D224BF996722BFF0
:10223000CBF61FBFD17F1DBFC6021BBFC07F18BF1B
:10224000D9F615BF2A6813BFCDD310BFDA390EBF38
:102250006B9A0BBF9BF508BF824B06BF3D9C03BF2B
:10226000E4E700BF275DFCBECBE0F6BEEA5AF1BE54
:10227000BBCBEBBE7533E6BE4F92E0BE80E8DABE64
:102280004136D5BECA7BCFBE53B9C9BE15EFC3BE5A
:10229000491DBEBE2A44B8BEEF63B2BED47CACBEFC
:1022A000128FA6BEE59AA0BE86A09ABE32A094BEAA
:1022B000229A8EBE938E88BEC07D82BECCCF78BE61
:1022C0007F9A6CBE135C60BE011554BEC2C547BE8A
:1022D000CF6E3BBEA2102FBEB5AB22BE834016BE52
:1022E00087CF09BE73B2FABD2FBCE1BD36BDC8BDF4
:1022F00080B6AFBD04A996BD752B7BBD2EFB48BD36
:102300002BC316BDB10AC9BC920E49BC00000080A7
:102310000000000000000080DB0F4940DB0F49C0D7
:10232000DB0F49BFE4CB1640E4CB16C0000FC93F1A
:10233000000F494000CB9640000FC9400053FB40BE
:1023400000CB164100ED2F41000F494100316241A1
:1023500000537B41003A8A4100CB9641005CA34187
:1023600000EDAF41007EBC41000FC94100A0D54146
:102370000031E24100C2EE410053FB4100F2034252
:10238000003A0A420083104200CB164200141D425C
:10239000005C234200A5294200ED2F420036364260
:1023A000007E3C4200C74242000F4942A2000000AA
:1023B000F9000000830000006E0000004E000000E5
:1023C000440000001500000029000000FC0000008F
:1023D0002700000057000000D1000000F5000000B9
:1023E00034000000DD000000C0000000DB00000041
:1023F0006200000095000000990000003C00000011
:10240000430000009000000041000000FE000000BA
:102410005100000063000000AB000000DE0000007F
:10242000BB000000C500000061000000B700000014
:10243000240000006E0000003A000000420000008E
:102440004D000000D2000000E00000000600000087
:10245000490000002E000000EA0000000900000012
:10246000D1000000920000001C000000FE000000EF
:102470001D000000EB0000001C000000B100000087
:1024800029000000A70000003E000000E800000056
:102490008200000035000000F50000002E00000062
:1024A000BB0000004400000084000000E9000000C0
:1024B0009C0000007000000026000000B400000036
:1024C0005F0000007E0000004100000039000000B5
:1024D00091000000D60000003900000083000000D9
:1024E0005300000039000000F40000009C000000D0
:1024F000840000005F0000008B000000BD000000B1
:10250000F9000000280000003B0000001F00000050
:10251000F800000097000000FF000000DE0000004F
:1025200005000000980000000F000000EF00000010
:102530002F000000110000008B0000005A00000076
:102540000A0000006D0000001F0000006D00000088
:10255000360000007E000000CF00000027000000D1
:10256000CB00000009000000B70000004F00000091
:10257000460000003F000000660000009E000000D2
:102580005F000000EA0000002D0000007500000060
:1025900027000000BA000000C7000000EB000000A8
:1025A000E5000000F10000007B0000003D0000009D
:1025B0000700000039000000F70000008A0000005A
:1025C0005200000092000000EA0000006B000000D2
:1025D000FB0000005F000000B10000001F000000D1
:1025E0008D0000005D0000000800000056000000A3
:1025F000030000003000000046000000FC00000066
:102600007B0000006B000000AB000000F000000049
:10261000CF000000BC000000200000009A00000075
:10262000F4000000360000001D000000A9000000BA
:10263000E300000091000000610000005E00000067
:10264000E60000001B00000008000000650000001C
:1026500099000000850000005F00000014000000E9
:10266000A000000068000000400000008D00000095
:10267000FF000000D8000000800000004D000000B6
:102680007300000027000000310000000600000079
:10269000060000001500000056000000CA000000FF
:1026A00073000000A8000000C900000060000000E6
:1026B000E20000007B000000C00000008C00000071
:1026C0006B0000006937AC3168212233B40F14333A
:1026D0006821A2333863ED3EDA0F493F5E987B3FB5
:1026E000DA0FC93F0000C93F0000F0390000DA37B7
:1026F0000000A2330000842E0000502B0000C227EF
:102700000000D0220000C41F0000C61B00004417B8
:0C271000040000000700000009000000A9
:08271C00E4E2FE7F0100000071
:042724007D0A000822
:04272800550A000846
:10272C00040000200000000074020020DC020020E5
:10273C004403002000000000000000000000000026
:10274C00000000000000000000000000000000007D
:10275C00000000000000000000000000000000006D
:10276C00000000000000000000000000000000005D
:10277C004D6573736167655F4D616E61676572006E
:10278C00000000000000000000000000000000003D
:10279C00000000000000000000000000000000002D
:1027AC0000316253C4F5A697B988DBEA7D4C1F2E25
:1027BC004372211087B6E5D4FACB98A93E0F5C6D15
:1027CC0086B7E4D5427320113F0E5D6CFBCA99A805
:1027DC00C5F4A796013063527C4D1E2FB889DAEBF5
:1027EC003D0C5F6EF9C89BAA84B5E6D740712213E5
:1027FC007E4F1C2DBA8BD8E9C7F6A59403326150D5
:10280C00BB8AD9E87F4E1D2C02336051C6F7A495C4
:10281C00F8C99AAB3C0D5E6F4170231285B4E7D6B4
:10282C007A4B1829BE8FDCEDC3F2A19007366554A4
:10283C0039085B6AFDCC9FAE80B1E2D34475261794
:10284C00FCCD9EAF38095A6B4574271681B0E3D284
:10285C00BF8EDDEC7B4A192806376455C2F3A09174
:10286C004776251483B2E1D0FECF9CAD3A0B586964
:10287C0004356657C0F1A293BD8CDFEE79481B2A54
:10288C00C1F0A3920534675678491A2BBC8DDEEF44
:10289C0082B3E0D1467724153B0A5968FFCE9DAC34
:1028AC003333EB3A58A08B3A010000007D04017CD5
:1028BC00000240AB03410105530806580407000011
:1028CC000F000810810911000A15800B16000C1856
:1028DC00010D70170050C347CDCCCC3DCDCCCC3DB9
:1028EC00CDCCCC3DCDCCCC3DCDCCCC3DCDCCCC3D54
:1028FC000050C347CDCCCC3DCDCCCC3DCDCCCC3D8C
:10290C00CDCCCC3DCDCCCC3DCDCCCC3D0050C3477B
:10291C00CDCCCC3DCDCCCC3DCDCCCC3DCDCCCC3D23
:10292C00CDCCCC3DCDCCCC3D0050C347CDCCCC3D5B
:10293C00CDCCCC3DCDCCCC3DCDCCCC3DCDCCCC3D03
:10294C00CDCCCC3D0000C842CDCCCC3DCDCCCC3D8B
:10295C00CDCCCC3DCDCCCC3DCDCCCC3DCDCCCC3DE3
:10296C000000C84210000000010000000024F40028
:04297C00AAAAAAAAAF
:040000050800F645B4
:00000001FF
